[0.060s] DEBUG:colcon:Command line arguments: ['/usr/bin/colcon', 'build']
[0.060s] DEBUG:colcon:Parsed command line arguments: Namespace(log_base=None, log_level=None, verb_name='build', build_base='build', install_base='install', merge_install=False, symlink_install=False, test_result_base=None, continue_on_error=False, executor='parallel', parallel_workers=32, event_handlers=None, ignore_user_meta=False, metas=['./colcon.meta'], base_paths=['.'], packages_ignore=None, packages_ignore_regex=None, paths=None, packages_up_to=None, packages_up_to_regex=None, packages_above=None, packages_above_and_dependencies=None, packages_above_depth=None, packages_select_by_dep=None, packages_skip_by_dep=None, packages_skip_up_to=None, packages_select_build_failed=False, packages_skip_build_finished=False, packages_select_test_failures=False, packages_skip_test_passed=False, packages_select=None, packages_skip=None, packages_select_regex=None, packages_skip_regex=None, packages_start=None, packages_end=None, allow_overriding=[], cmake_args=None, cmake_target=None, cmake_target_skip_unavailable=False, cmake_clean_cache=False, cmake_clean_first=False, cmake_force_configure=False, ament_cmake_args=None, catkin_cmake_args=None, catkin_skip_building_tests=False, verb_parser=<colcon_defaults.argument_parser.defaults.DefaultArgumentsDecorator object at 0x7fd7faff8f10>, verb_extension=<colcon_core.verb.build.BuildVerb object at 0x7fd7fb0f2350>, main=<bound method BuildVerb.main of <colcon_core.verb.build.BuildVerb object at 0x7fd7fb0f2350>>)
[0.150s] Level 1:colcon.colcon_core.package_discovery:discover_packages(colcon_meta) check parameters
[0.150s] Level 1:colcon.colcon_core.package_discovery:discover_packages(recursive) check parameters
[0.150s] Level 1:colcon.colcon_core.package_discovery:discover_packages(ignore) check parameters
[0.150s] Level 1:colcon.colcon_core.package_discovery:discover_packages(path) check parameters
[0.150s] Level 1:colcon.colcon_core.package_discovery:discover_packages(colcon_meta) discover
[0.150s] Level 1:colcon.colcon_core.package_discovery:discover_packages(recursive) discover
[0.150s] INFO:colcon.colcon_core.package_discovery:Crawling recursively for packages in '/home/cxz/go2_ws'
[0.150s] Level 1:colcon.colcon_core.package_identification:_identify(.) by extensions ['ignore', 'ignore_ament_install']
[0.150s] Level 1:colcon.colcon_core.package_identification:_identify(.) by extension 'ignore'
[0.150s] Level 1:colcon.colcon_core.package_identification:_identify(.) by extension 'ignore_ament_install'
[0.150s] Level 1:colcon.colcon_core.package_identification:_identify(.) by extensions ['colcon_pkg']
[0.150s] Level 1:colcon.colcon_core.package_identification:_identify(.) by extension 'colcon_pkg'
[0.150s] Level 1:colcon.colcon_core.package_identification:_identify(.) by extensions ['colcon_meta']
[0.150s] Level 1:colcon.colcon_core.package_identification:_identify(.) by extension 'colcon_meta'
[0.150s] Level 1:colcon.colcon_core.package_identification:_identify(.) by extensions ['ros']
[0.150s] Level 1:colcon.colcon_core.package_identification:_identify(.) by extension 'ros'
[0.157s] Level 1:colcon.colcon_core.package_identification:_identify(.) by extensions ['cmake', 'python']
[0.157s] Level 1:colcon.colcon_core.package_identification:_identify(.) by extension 'cmake'
[0.157s] Level 1:colcon.colcon_core.package_identification:_identify(.) by extension 'python'
[0.157s] Level 1:colcon.colcon_core.package_identification:_identify(.) by extensions ['python_setup_py']
[0.157s] Level 1:colcon.colcon_core.package_identification:_identify(.) by extension 'python_setup_py'
[0.157s] Level 1:colcon.colcon_core.package_identification:_identify(M20_urdf) by extensions ['ignore', 'ignore_ament_install']
[0.157s] Level 1:colcon.colcon_core.package_identification:_identify(M20_urdf) by extension 'ignore'
[0.157s] Level 1:colcon.colcon_core.package_identification:_identify(M20_urdf) by extension 'ignore_ament_install'
[0.157s] Level 1:colcon.colcon_core.package_identification:_identify(M20_urdf) by extensions ['colcon_pkg']
[0.157s] Level 1:colcon.colcon_core.package_identification:_identify(M20_urdf) by extension 'colcon_pkg'
[0.157s] Level 1:colcon.colcon_core.package_identification:_identify(M20_urdf) by extensions ['colcon_meta']
[0.157s] Level 1:colcon.colcon_core.package_identification:_identify(M20_urdf) by extension 'colcon_meta'
[0.157s] Level 1:colcon.colcon_core.package_identification:_identify(M20_urdf) by extensions ['ros']
[0.157s] Level 1:colcon.colcon_core.package_identification:_identify(M20_urdf) by extension 'ros'
[0.157s] Level 1:colcon.colcon_core.package_identification:_identify(M20_urdf) by extensions ['cmake', 'python']
[0.157s] Level 1:colcon.colcon_core.package_identification:_identify(M20_urdf) by extension 'cmake'
[0.157s] Level 1:colcon.colcon_core.package_identification:_identify(M20_urdf) by extension 'python'
[0.157s] Level 1:colcon.colcon_core.package_identification:_identify(M20_urdf) by extensions ['python_setup_py']
[0.157s] Level 1:colcon.colcon_core.package_identification:_identify(M20_urdf) by extension 'python_setup_py'
[0.157s] Level 1:colcon.colcon_core.package_identification:_identify(M20_urdf/meshes) by extensions ['ignore', 'ignore_ament_install']
[0.158s] Level 1:colcon.colcon_core.package_identification:_identify(M20_urdf/meshes) by extension 'ignore'
[0.158s] Level 1:colcon.colcon_core.package_identification:_identify(M20_urdf/meshes) by extension 'ignore_ament_install'
[0.158s] Level 1:colcon.colcon_core.package_identification:_identify(M20_urdf/meshes) by extensions ['colcon_pkg']
[0.158s] Level 1:colcon.colcon_core.package_identification:_identify(M20_urdf/meshes) by extension 'colcon_pkg'
[0.158s] Level 1:colcon.colcon_core.package_identification:_identify(M20_urdf/meshes) by extensions ['colcon_meta']
[0.158s] Level 1:colcon.colcon_core.package_identification:_identify(M20_urdf/meshes) by extension 'colcon_meta'
[0.158s] Level 1:colcon.colcon_core.package_identification:_identify(M20_urdf/meshes) by extensions ['ros']
[0.158s] Level 1:colcon.colcon_core.package_identification:_identify(M20_urdf/meshes) by extension 'ros'
[0.158s] Level 1:colcon.colcon_core.package_identification:_identify(M20_urdf/meshes) by extensions ['cmake', 'python']
[0.158s] Level 1:colcon.colcon_core.package_identification:_identify(M20_urdf/meshes) by extension 'cmake'
[0.158s] Level 1:colcon.colcon_core.package_identification:_identify(M20_urdf/meshes) by extension 'python'
[0.158s] Level 1:colcon.colcon_core.package_identification:_identify(M20_urdf/meshes) by extensions ['python_setup_py']
[0.158s] Level 1:colcon.colcon_core.package_identification:_identify(M20_urdf/meshes) by extension 'python_setup_py'
[0.158s] Level 1:colcon.colcon_core.package_identification:_identify(M20_urdf/urdf) by extensions ['ignore', 'ignore_ament_install']
[0.158s] Level 1:colcon.colcon_core.package_identification:_identify(M20_urdf/urdf) by extension 'ignore'
[0.158s] Level 1:colcon.colcon_core.package_identification:_identify(M20_urdf/urdf) by extension 'ignore_ament_install'
[0.158s] Level 1:colcon.colcon_core.package_identification:_identify(M20_urdf/urdf) by extensions ['colcon_pkg']
[0.158s] Level 1:colcon.colcon_core.package_identification:_identify(M20_urdf/urdf) by extension 'colcon_pkg'
[0.158s] Level 1:colcon.colcon_core.package_identification:_identify(M20_urdf/urdf) by extensions ['colcon_meta']
[0.158s] Level 1:colcon.colcon_core.package_identification:_identify(M20_urdf/urdf) by extension 'colcon_meta'
[0.158s] Level 1:colcon.colcon_core.package_identification:_identify(M20_urdf/urdf) by extensions ['ros']
[0.158s] Level 1:colcon.colcon_core.package_identification:_identify(M20_urdf/urdf) by extension 'ros'
[0.158s] Level 1:colcon.colcon_core.package_identification:_identify(M20_urdf/urdf) by extensions ['cmake', 'python']
[0.158s] Level 1:colcon.colcon_core.package_identification:_identify(M20_urdf/urdf) by extension 'cmake'
[0.158s] Level 1:colcon.colcon_core.package_identification:_identify(M20_urdf/urdf) by extension 'python'
[0.158s] Level 1:colcon.colcon_core.package_identification:_identify(M20_urdf/urdf) by extensions ['python_setup_py']
[0.158s] Level 1:colcon.colcon_core.package_identification:_identify(M20_urdf/urdf) by extension 'python_setup_py'
[0.158s] Level 1:colcon.colcon_core.package_identification:_identify(add) by extensions ['ignore', 'ignore_ament_install']
[0.158s] Level 1:colcon.colcon_core.package_identification:_identify(add) by extension 'ignore'
[0.158s] Level 1:colcon.colcon_core.package_identification:_identify(add) by extension 'ignore_ament_install'
[0.158s] Level 1:colcon.colcon_core.package_identification:_identify(add) by extensions ['colcon_pkg']
[0.158s] Level 1:colcon.colcon_core.package_identification:_identify(add) by extension 'colcon_pkg'
[0.158s] Level 1:colcon.colcon_core.package_identification:_identify(add) by extensions ['colcon_meta']
[0.158s] Level 1:colcon.colcon_core.package_identification:_identify(add) by extension 'colcon_meta'
[0.158s] Level 1:colcon.colcon_core.package_identification:_identify(add) by extensions ['ros']
[0.158s] Level 1:colcon.colcon_core.package_identification:_identify(add) by extension 'ros'
[0.158s] Level 1:colcon.colcon_core.package_identification:_identify(add) by extensions ['cmake', 'python']
[0.158s] Level 1:colcon.colcon_core.package_identification:_identify(add) by extension 'cmake'
[0.158s] Level 1:colcon.colcon_core.package_identification:_identify(add) by extension 'python'
[0.158s] Level 1:colcon.colcon_core.package_identification:_identify(add) by extensions ['python_setup_py']
[0.158s] Level 1:colcon.colcon_core.package_identification:_identify(add) by extension 'python_setup_py'
[0.158s] Level 1:colcon.colcon_core.package_identification:_identify(build) by extensions ['ignore', 'ignore_ament_install']
[0.159s] Level 1:colcon.colcon_core.package_identification:_identify(build) by extension 'ignore'
[0.159s] Level 1:colcon.colcon_core.package_identification:_identify(build) ignored
[0.159s] Level 1:colcon.colcon_core.package_identification:_identify(install) by extensions ['ignore', 'ignore_ament_install']
[0.159s] Level 1:colcon.colcon_core.package_identification:_identify(install) by extension 'ignore'
[0.159s] Level 1:colcon.colcon_core.package_identification:_identify(install) ignored
[0.159s] Level 1:colcon.colcon_core.package_identification:_identify(log) by extensions ['ignore', 'ignore_ament_install']
[0.159s] Level 1:colcon.colcon_core.package_identification:_identify(log) by extension 'ignore'
[0.159s] Level 1:colcon.colcon_core.package_identification:_identify(log) ignored
[0.159s] Level 1:colcon.colcon_core.package_identification:_identify(src) by extensions ['ignore', 'ignore_ament_install']
[0.159s] Level 1:colcon.colcon_core.package_identification:_identify(src) by extension 'ignore'
[0.159s] Level 1:colcon.colcon_core.package_identification:_identify(src) by extension 'ignore_ament_install'
[0.159s] Level 1:colcon.colcon_core.package_identification:_identify(src) by extensions ['colcon_pkg']
[0.159s] Level 1:colcon.colcon_core.package_identification:_identify(src) by extension 'colcon_pkg'
[0.159s] Level 1:colcon.colcon_core.package_identification:_identify(src) by extensions ['colcon_meta']
[0.159s] Level 1:colcon.colcon_core.package_identification:_identify(src) by extension 'colcon_meta'
[0.159s] Level 1:colcon.colcon_core.package_identification:_identify(src) by extensions ['ros']
[0.159s] Level 1:colcon.colcon_core.package_identification:_identify(src) by extension 'ros'
[0.159s] Level 1:colcon.colcon_core.package_identification:_identify(src) by extensions ['cmake', 'python']
[0.159s] Level 1:colcon.colcon_core.package_identification:_identify(src) by extension 'cmake'
[0.159s] Level 1:colcon.colcon_core.package_identification:_identify(src) by extension 'python'
[0.159s] Level 1:colcon.colcon_core.package_identification:_identify(src) by extensions ['python_setup_py']
[0.159s] Level 1:colcon.colcon_core.package_identification:_identify(src) by extension 'python_setup_py'
[0.159s] Level 1:colcon.colcon_core.package_identification:_identify(src/teleop_twist_keyboard) by extensions ['ignore', 'ignore_ament_install']
[0.159s] Level 1:colcon.colcon_core.package_identification:_identify(src/teleop_twist_keyboard) by extension 'ignore'
[0.159s] Level 1:colcon.colcon_core.package_identification:_identify(src/teleop_twist_keyboard) by extension 'ignore_ament_install'
[0.159s] Level 1:colcon.colcon_core.package_identification:_identify(src/teleop_twist_keyboard) by extensions ['colcon_pkg']
[0.159s] Level 1:colcon.colcon_core.package_identification:_identify(src/teleop_twist_keyboard) by extension 'colcon_pkg'
[0.159s] Level 1:colcon.colcon_core.package_identification:_identify(src/teleop_twist_keyboard) by extensions ['colcon_meta']
[0.159s] Level 1:colcon.colcon_core.package_identification:_identify(src/teleop_twist_keyboard) by extension 'colcon_meta'
[0.159s] Level 1:colcon.colcon_core.package_identification:_identify(src/teleop_twist_keyboard) by extensions ['ros']
[0.159s] Level 1:colcon.colcon_core.package_identification:_identify(src/teleop_twist_keyboard) by extension 'ros'
[0.161s] DEBUG:colcon.colcon_core.package_identification:Package 'src/teleop_twist_keyboard' with type 'ros.ament_cmake' and name 'teleop_twist_keyboard'
[0.161s] Level 1:colcon.colcon_core.package_identification:_identify(src/unitree-go2-ros2) by extensions ['ignore', 'ignore_ament_install']
[0.161s] Level 1:colcon.colcon_core.package_identification:_identify(src/unitree-go2-ros2) by extension 'ignore'
[0.161s] Level 1:colcon.colcon_core.package_identification:_identify(src/unitree-go2-ros2) by extension 'ignore_ament_install'
[0.161s] Level 1:colcon.colcon_core.package_identification:_identify(src/unitree-go2-ros2) by extensions ['colcon_pkg']
[0.161s] Level 1:colcon.colcon_core.package_identification:_identify(src/unitree-go2-ros2) by extension 'colcon_pkg'
[0.161s] Level 1:colcon.colcon_core.package_identification:_identify(src/unitree-go2-ros2) by extensions ['colcon_meta']
[0.161s] Level 1:colcon.colcon_core.package_identification:_identify(src/unitree-go2-ros2) by extension 'colcon_meta'
[0.161s] Level 1:colcon.colcon_core.package_identification:_identify(src/unitree-go2-ros2) by extensions ['ros']
[0.161s] Level 1:colcon.colcon_core.package_identification:_identify(src/unitree-go2-ros2) by extension 'ros'
[0.161s] Level 1:colcon.colcon_core.package_identification:_identify(src/unitree-go2-ros2) by extensions ['cmake', 'python']
[0.161s] Level 1:colcon.colcon_core.package_identification:_identify(src/unitree-go2-ros2) by extension 'cmake'
[0.161s] Level 1:colcon.colcon_core.package_identification:_identify(src/unitree-go2-ros2) by extension 'python'
[0.161s] Level 1:colcon.colcon_core.package_identification:_identify(src/unitree-go2-ros2) by extensions ['python_setup_py']
[0.161s] Level 1:colcon.colcon_core.package_identification:_identify(src/unitree-go2-ros2) by extension 'python_setup_py'
[0.161s] Level 1:colcon.colcon_core.package_identification:_identify(src/unitree-go2-ros2/champ) by extensions ['ignore', 'ignore_ament_install']
[0.161s] Level 1:colcon.colcon_core.package_identification:_identify(src/unitree-go2-ros2/champ) by extension 'ignore'
[0.161s] Level 1:colcon.colcon_core.package_identification:_identify(src/unitree-go2-ros2/champ) by extension 'ignore_ament_install'
[0.161s] Level 1:colcon.colcon_core.package_identification:_identify(src/unitree-go2-ros2/champ) by extensions ['colcon_pkg']
[0.161s] Level 1:colcon.colcon_core.package_identification:_identify(src/unitree-go2-ros2/champ) by extension 'colcon_pkg'
[0.162s] Level 1:colcon.colcon_core.package_identification:_identify(src/unitree-go2-ros2/champ) by extensions ['colcon_meta']
[0.162s] Level 1:colcon.colcon_core.package_identification:_identify(src/unitree-go2-ros2/champ) by extension 'colcon_meta'
[0.162s] Level 1:colcon.colcon_core.package_identification:_identify(src/unitree-go2-ros2/champ) by extensions ['ros']
[0.162s] Level 1:colcon.colcon_core.package_identification:_identify(src/unitree-go2-ros2/champ) by extension 'ros'
[0.162s] Level 1:colcon.colcon_core.package_identification:_identify(src/unitree-go2-ros2/champ) by extensions ['cmake', 'python']
[0.162s] Level 1:colcon.colcon_core.package_identification:_identify(src/unitree-go2-ros2/champ) by extension 'cmake'
[0.162s] Level 1:colcon.colcon_core.package_identification:_identify(src/unitree-go2-ros2/champ) by extension 'python'
[0.162s] Level 1:colcon.colcon_core.package_identification:_identify(src/unitree-go2-ros2/champ) by extensions ['python_setup_py']
[0.162s] Level 1:colcon.colcon_core.package_identification:_identify(src/unitree-go2-ros2/champ) by extension 'python_setup_py'
[0.162s] Level 1:colcon.colcon_core.package_identification:_identify(src/unitree-go2-ros2/champ/champ) by extensions ['ignore', 'ignore_ament_install']
[0.162s] Level 1:colcon.colcon_core.package_identification:_identify(src/unitree-go2-ros2/champ/champ) by extension 'ignore'
[0.162s] Level 1:colcon.colcon_core.package_identification:_identify(src/unitree-go2-ros2/champ/champ) by extension 'ignore_ament_install'
[0.162s] Level 1:colcon.colcon_core.package_identification:_identify(src/unitree-go2-ros2/champ/champ) by extensions ['colcon_pkg']
[0.162s] Level 1:colcon.colcon_core.package_identification:_identify(src/unitree-go2-ros2/champ/champ) by extension 'colcon_pkg'
[0.162s] Level 1:colcon.colcon_core.package_identification:_identify(src/unitree-go2-ros2/champ/champ) by extensions ['colcon_meta']
[0.162s] Level 1:colcon.colcon_core.package_identification:_identify(src/unitree-go2-ros2/champ/champ) by extension 'colcon_meta'
[0.162s] Level 1:colcon.colcon_core.package_identification:_identify(src/unitree-go2-ros2/champ/champ) by extensions ['ros']
[0.162s] Level 1:colcon.colcon_core.package_identification:_identify(src/unitree-go2-ros2/champ/champ) by extension 'ros'
[0.162s] DEBUG:colcon.colcon_core.package_identification:Package 'src/unitree-go2-ros2/champ/champ' with type 'ros.ament_cmake' and name 'champ'
[0.162s] Level 1:colcon.colcon_core.package_identification:_identify(src/unitree-go2-ros2/champ/champ_base) by extensions ['ignore', 'ignore_ament_install']
[0.162s] Level 1:colcon.colcon_core.package_identification:_identify(src/unitree-go2-ros2/champ/champ_base) by extension 'ignore'
[0.162s] Level 1:colcon.colcon_core.package_identification:_identify(src/unitree-go2-ros2/champ/champ_base) by extension 'ignore_ament_install'
[0.162s] Level 1:colcon.colcon_core.package_identification:_identify(src/unitree-go2-ros2/champ/champ_base) by extensions ['colcon_pkg']
[0.162s] Level 1:colcon.colcon_core.package_identification:_identify(src/unitree-go2-ros2/champ/champ_base) by extension 'colcon_pkg'
[0.162s] Level 1:colcon.colcon_core.package_identification:_identify(src/unitree-go2-ros2/champ/champ_base) by extensions ['colcon_meta']
[0.162s] Level 1:colcon.colcon_core.package_identification:_identify(src/unitree-go2-ros2/champ/champ_base) by extension 'colcon_meta'
[0.162s] Level 1:colcon.colcon_core.package_identification:_identify(src/unitree-go2-ros2/champ/champ_base) by extensions ['ros']
[0.162s] Level 1:colcon.colcon_core.package_identification:_identify(src/unitree-go2-ros2/champ/champ_base) by extension 'ros'
[0.163s] DEBUG:colcon.colcon_core.package_identification:Package 'src/unitree-go2-ros2/champ/champ_base' with type 'ros.ament_cmake' and name 'champ_base'
[0.163s] Level 1:colcon.colcon_core.package_identification:_identify(src/unitree-go2-ros2/champ/champ_bringup) by extensions ['ignore', 'ignore_ament_install']
[0.163s] Level 1:colcon.colcon_core.package_identification:_identify(src/unitree-go2-ros2/champ/champ_bringup) by extension 'ignore'
[0.163s] Level 1:colcon.colcon_core.package_identification:_identify(src/unitree-go2-ros2/champ/champ_bringup) by extension 'ignore_ament_install'
[0.163s] Level 1:colcon.colcon_core.package_identification:_identify(src/unitree-go2-ros2/champ/champ_bringup) by extensions ['colcon_pkg']
[0.163s] Level 1:colcon.colcon_core.package_identification:_identify(src/unitree-go2-ros2/champ/champ_bringup) by extension 'colcon_pkg'
[0.163s] Level 1:colcon.colcon_core.package_identification:_identify(src/unitree-go2-ros2/champ/champ_bringup) by extensions ['colcon_meta']
[0.163s] Level 1:colcon.colcon_core.package_identification:_identify(src/unitree-go2-ros2/champ/champ_bringup) by extension 'colcon_meta'
[0.163s] Level 1:colcon.colcon_core.package_identification:_identify(src/unitree-go2-ros2/champ/champ_bringup) by extensions ['ros']
[0.163s] Level 1:colcon.colcon_core.package_identification:_identify(src/unitree-go2-ros2/champ/champ_bringup) by extension 'ros'
[0.164s] DEBUG:colcon.colcon_core.package_identification:Package 'src/unitree-go2-ros2/champ/champ_bringup' with type 'ros.ament_cmake' and name 'champ_bringup'
[0.164s] Level 1:colcon.colcon_core.package_identification:_identify(src/unitree-go2-ros2/champ/champ_config) by extensions ['ignore', 'ignore_ament_install']
[0.164s] Level 1:colcon.colcon_core.package_identification:_identify(src/unitree-go2-ros2/champ/champ_config) by extension 'ignore'
[0.164s] Level 1:colcon.colcon_core.package_identification:_identify(src/unitree-go2-ros2/champ/champ_config) by extension 'ignore_ament_install'
[0.164s] Level 1:colcon.colcon_core.package_identification:_identify(src/unitree-go2-ros2/champ/champ_config) by extensions ['colcon_pkg']
[0.164s] Level 1:colcon.colcon_core.package_identification:_identify(src/unitree-go2-ros2/champ/champ_config) by extension 'colcon_pkg'
[0.164s] Level 1:colcon.colcon_core.package_identification:_identify(src/unitree-go2-ros2/champ/champ_config) by extensions ['colcon_meta']
[0.164s] Level 1:colcon.colcon_core.package_identification:_identify(src/unitree-go2-ros2/champ/champ_config) by extension 'colcon_meta'
[0.164s] Level 1:colcon.colcon_core.package_identification:_identify(src/unitree-go2-ros2/champ/champ_config) by extensions ['ros']
[0.164s] Level 1:colcon.colcon_core.package_identification:_identify(src/unitree-go2-ros2/champ/champ_config) by extension 'ros'
[0.164s] DEBUG:colcon.colcon_core.package_identification:Package 'src/unitree-go2-ros2/champ/champ_config' with type 'ros.ament_cmake' and name 'champ_config'
[0.164s] Level 1:colcon.colcon_core.package_identification:_identify(src/unitree-go2-ros2/champ/champ_description) by extensions ['ignore', 'ignore_ament_install']
[0.164s] Level 1:colcon.colcon_core.package_identification:_identify(src/unitree-go2-ros2/champ/champ_description) by extension 'ignore'
[0.165s] Level 1:colcon.colcon_core.package_identification:_identify(src/unitree-go2-ros2/champ/champ_description) by extension 'ignore_ament_install'
[0.165s] Level 1:colcon.colcon_core.package_identification:_identify(src/unitree-go2-ros2/champ/champ_description) by extensions ['colcon_pkg']
[0.165s] Level 1:colcon.colcon_core.package_identification:_identify(src/unitree-go2-ros2/champ/champ_description) by extension 'colcon_pkg'
[0.165s] Level 1:colcon.colcon_core.package_identification:_identify(src/unitree-go2-ros2/champ/champ_description) by extensions ['colcon_meta']
[0.165s] Level 1:colcon.colcon_core.package_identification:_identify(src/unitree-go2-ros2/champ/champ_description) by extension 'colcon_meta'
[0.165s] Level 1:colcon.colcon_core.package_identification:_identify(src/unitree-go2-ros2/champ/champ_description) by extensions ['ros']
[0.165s] Level 1:colcon.colcon_core.package_identification:_identify(src/unitree-go2-ros2/champ/champ_description) by extension 'ros'
[0.165s] DEBUG:colcon.colcon_core.package_identification:Package 'src/unitree-go2-ros2/champ/champ_description' with type 'ros.ament_cmake' and name 'champ_description'
[0.165s] Level 1:colcon.colcon_core.package_identification:_identify(src/unitree-go2-ros2/champ/champ_gazebo) by extensions ['ignore', 'ignore_ament_install']
[0.165s] Level 1:colcon.colcon_core.package_identification:_identify(src/unitree-go2-ros2/champ/champ_gazebo) by extension 'ignore'
[0.165s] Level 1:colcon.colcon_core.package_identification:_identify(src/unitree-go2-ros2/champ/champ_gazebo) by extension 'ignore_ament_install'
[0.165s] Level 1:colcon.colcon_core.package_identification:_identify(src/unitree-go2-ros2/champ/champ_gazebo) by extensions ['colcon_pkg']
[0.165s] Level 1:colcon.colcon_core.package_identification:_identify(src/unitree-go2-ros2/champ/champ_gazebo) by extension 'colcon_pkg'
[0.165s] Level 1:colcon.colcon_core.package_identification:_identify(src/unitree-go2-ros2/champ/champ_gazebo) by extensions ['colcon_meta']
[0.165s] Level 1:colcon.colcon_core.package_identification:_identify(src/unitree-go2-ros2/champ/champ_gazebo) by extension 'colcon_meta'
[0.165s] Level 1:colcon.colcon_core.package_identification:_identify(src/unitree-go2-ros2/champ/champ_gazebo) by extensions ['ros']
[0.165s] Level 1:colcon.colcon_core.package_identification:_identify(src/unitree-go2-ros2/champ/champ_gazebo) by extension 'ros'
[0.166s] DEBUG:colcon.colcon_core.package_identification:Package 'src/unitree-go2-ros2/champ/champ_gazebo' with type 'ros.ament_cmake' and name 'champ_gazebo'
[0.166s] Level 1:colcon.colcon_core.package_identification:_identify(src/unitree-go2-ros2/champ/champ_msgs) by extensions ['ignore', 'ignore_ament_install']
[0.166s] Level 1:colcon.colcon_core.package_identification:_identify(src/unitree-go2-ros2/champ/champ_msgs) by extension 'ignore'
[0.166s] Level 1:colcon.colcon_core.package_identification:_identify(src/unitree-go2-ros2/champ/champ_msgs) by extension 'ignore_ament_install'
[0.166s] Level 1:colcon.colcon_core.package_identification:_identify(src/unitree-go2-ros2/champ/champ_msgs) by extensions ['colcon_pkg']
[0.166s] Level 1:colcon.colcon_core.package_identification:_identify(src/unitree-go2-ros2/champ/champ_msgs) by extension 'colcon_pkg'
[0.166s] Level 1:colcon.colcon_core.package_identification:_identify(src/unitree-go2-ros2/champ/champ_msgs) by extensions ['colcon_meta']
[0.166s] Level 1:colcon.colcon_core.package_identification:_identify(src/unitree-go2-ros2/champ/champ_msgs) by extension 'colcon_meta'
[0.166s] Level 1:colcon.colcon_core.package_identification:_identify(src/unitree-go2-ros2/champ/champ_msgs) by extensions ['ros']
[0.166s] Level 1:colcon.colcon_core.package_identification:_identify(src/unitree-go2-ros2/champ/champ_msgs) by extension 'ros'
[0.166s] DEBUG:colcon.colcon_core.package_identification:Package 'src/unitree-go2-ros2/champ/champ_msgs' with type 'ros.ament_cmake' and name 'champ_msgs'
[0.166s] Level 1:colcon.colcon_core.package_identification:_identify(src/unitree-go2-ros2/champ/champ_navigation) by extensions ['ignore', 'ignore_ament_install']
[0.166s] Level 1:colcon.colcon_core.package_identification:_identify(src/unitree-go2-ros2/champ/champ_navigation) by extension 'ignore'
[0.166s] Level 1:colcon.colcon_core.package_identification:_identify(src/unitree-go2-ros2/champ/champ_navigation) by extension 'ignore_ament_install'
[0.166s] Level 1:colcon.colcon_core.package_identification:_identify(src/unitree-go2-ros2/champ/champ_navigation) by extensions ['colcon_pkg']
[0.167s] Level 1:colcon.colcon_core.package_identification:_identify(src/unitree-go2-ros2/champ/champ_navigation) by extension 'colcon_pkg'
[0.167s] Level 1:colcon.colcon_core.package_identification:_identify(src/unitree-go2-ros2/champ/champ_navigation) by extensions ['colcon_meta']
[0.167s] Level 1:colcon.colcon_core.package_identification:_identify(src/unitree-go2-ros2/champ/champ_navigation) by extension 'colcon_meta'
[0.167s] Level 1:colcon.colcon_core.package_identification:_identify(src/unitree-go2-ros2/champ/champ_navigation) by extensions ['ros']
[0.167s] Level 1:colcon.colcon_core.package_identification:_identify(src/unitree-go2-ros2/champ/champ_navigation) by extension 'ros'
[0.167s] DEBUG:colcon.colcon_core.package_identification:Package 'src/unitree-go2-ros2/champ/champ_navigation' with type 'ros.ament_cmake' and name 'champ_navigation'
[0.167s] Level 1:colcon.colcon_core.package_identification:_identify(src/unitree-go2-ros2/champ/docs) by extensions ['ignore', 'ignore_ament_install']
[0.167s] Level 1:colcon.colcon_core.package_identification:_identify(src/unitree-go2-ros2/champ/docs) by extension 'ignore'
[0.167s] Level 1:colcon.colcon_core.package_identification:_identify(src/unitree-go2-ros2/champ/docs) by extension 'ignore_ament_install'
[0.167s] Level 1:colcon.colcon_core.package_identification:_identify(src/unitree-go2-ros2/champ/docs) by extensions ['colcon_pkg']
[0.167s] Level 1:colcon.colcon_core.package_identification:_identify(src/unitree-go2-ros2/champ/docs) by extension 'colcon_pkg'
[0.167s] Level 1:colcon.colcon_core.package_identification:_identify(src/unitree-go2-ros2/champ/docs) by extensions ['colcon_meta']
[0.167s] Level 1:colcon.colcon_core.package_identification:_identify(src/unitree-go2-ros2/champ/docs) by extension 'colcon_meta'
[0.167s] Level 1:colcon.colcon_core.package_identification:_identify(src/unitree-go2-ros2/champ/docs) by extensions ['ros']
[0.167s] Level 1:colcon.colcon_core.package_identification:_identify(src/unitree-go2-ros2/champ/docs) by extension 'ros'
[0.167s] Level 1:colcon.colcon_core.package_identification:_identify(src/unitree-go2-ros2/champ/docs) by extensions ['cmake', 'python']
[0.167s] Level 1:colcon.colcon_core.package_identification:_identify(src/unitree-go2-ros2/champ/docs) by extension 'cmake'
[0.167s] Level 1:colcon.colcon_core.package_identification:_identify(src/unitree-go2-ros2/champ/docs) by extension 'python'
[0.167s] Level 1:colcon.colcon_core.package_identification:_identify(src/unitree-go2-ros2/champ/docs) by extensions ['python_setup_py']
[0.167s] Level 1:colcon.colcon_core.package_identification:_identify(src/unitree-go2-ros2/champ/docs) by extension 'python_setup_py'
[0.167s] Level 1:colcon.colcon_core.package_identification:_identify(src/unitree-go2-ros2/champ/docs/images) by extensions ['ignore', 'ignore_ament_install']
[0.167s] Level 1:colcon.colcon_core.package_identification:_identify(src/unitree-go2-ros2/champ/docs/images) by extension 'ignore'
[0.167s] Level 1:colcon.colcon_core.package_identification:_identify(src/unitree-go2-ros2/champ/docs/images) by extension 'ignore_ament_install'
[0.167s] Level 1:colcon.colcon_core.package_identification:_identify(src/unitree-go2-ros2/champ/docs/images) by extensions ['colcon_pkg']
[0.168s] Level 1:colcon.colcon_core.package_identification:_identify(src/unitree-go2-ros2/champ/docs/images) by extension 'colcon_pkg'
[0.168s] Level 1:colcon.colcon_core.package_identification:_identify(src/unitree-go2-ros2/champ/docs/images) by extensions ['colcon_meta']
[0.168s] Level 1:colcon.colcon_core.package_identification:_identify(src/unitree-go2-ros2/champ/docs/images) by extension 'colcon_meta'
[0.168s] Level 1:colcon.colcon_core.package_identification:_identify(src/unitree-go2-ros2/champ/docs/images) by extensions ['ros']
[0.168s] Level 1:colcon.colcon_core.package_identification:_identify(src/unitree-go2-ros2/champ/docs/images) by extension 'ros'
[0.168s] Level 1:colcon.colcon_core.package_identification:_identify(src/unitree-go2-ros2/champ/docs/images) by extensions ['cmake', 'python']
[0.168s] Level 1:colcon.colcon_core.package_identification:_identify(src/unitree-go2-ros2/champ/docs/images) by extension 'cmake'
[0.168s] Level 1:colcon.colcon_core.package_identification:_identify(src/unitree-go2-ros2/champ/docs/images) by extension 'python'
[0.168s] Level 1:colcon.colcon_core.package_identification:_identify(src/unitree-go2-ros2/champ/docs/images) by extensions ['python_setup_py']
[0.168s] Level 1:colcon.colcon_core.package_identification:_identify(src/unitree-go2-ros2/champ/docs/images) by extension 'python_setup_py'
[0.168s] Level 1:colcon.colcon_core.package_identification:_identify(src/unitree-go2-ros2/champ_teleop) by extensions ['ignore', 'ignore_ament_install']
[0.168s] Level 1:colcon.colcon_core.package_identification:_identify(src/unitree-go2-ros2/champ_teleop) by extension 'ignore'
[0.168s] Level 1:colcon.colcon_core.package_identification:_identify(src/unitree-go2-ros2/champ_teleop) by extension 'ignore_ament_install'
[0.168s] Level 1:colcon.colcon_core.package_identification:_identify(src/unitree-go2-ros2/champ_teleop) by extensions ['colcon_pkg']
[0.168s] Level 1:colcon.colcon_core.package_identification:_identify(src/unitree-go2-ros2/champ_teleop) by extension 'colcon_pkg'
[0.168s] Level 1:colcon.colcon_core.package_identification:_identify(src/unitree-go2-ros2/champ_teleop) by extensions ['colcon_meta']
[0.168s] Level 1:colcon.colcon_core.package_identification:_identify(src/unitree-go2-ros2/champ_teleop) by extension 'colcon_meta'
[0.168s] Level 1:colcon.colcon_core.package_identification:_identify(src/unitree-go2-ros2/champ_teleop) by extensions ['ros']
[0.168s] Level 1:colcon.colcon_core.package_identification:_identify(src/unitree-go2-ros2/champ_teleop) by extension 'ros'
[0.168s] DEBUG:colcon.colcon_core.package_identification:Package 'src/unitree-go2-ros2/champ_teleop' with type 'ros.ament_cmake' and name 'champ_teleop'
[0.168s] Level 1:colcon.colcon_core.package_identification:_identify(src/unitree-go2-ros2/robots) by extensions ['ignore', 'ignore_ament_install']
[0.168s] Level 1:colcon.colcon_core.package_identification:_identify(src/unitree-go2-ros2/robots) by extension 'ignore'
[0.168s] Level 1:colcon.colcon_core.package_identification:_identify(src/unitree-go2-ros2/robots) by extension 'ignore_ament_install'
[0.168s] Level 1:colcon.colcon_core.package_identification:_identify(src/unitree-go2-ros2/robots) by extensions ['colcon_pkg']
[0.169s] Level 1:colcon.colcon_core.package_identification:_identify(src/unitree-go2-ros2/robots) by extension 'colcon_pkg'
[0.169s] Level 1:colcon.colcon_core.package_identification:_identify(src/unitree-go2-ros2/robots) by extensions ['colcon_meta']
[0.169s] Level 1:colcon.colcon_core.package_identification:_identify(src/unitree-go2-ros2/robots) by extension 'colcon_meta'
[0.169s] Level 1:colcon.colcon_core.package_identification:_identify(src/unitree-go2-ros2/robots) by extensions ['ros']
[0.169s] Level 1:colcon.colcon_core.package_identification:_identify(src/unitree-go2-ros2/robots) by extension 'ros'
[0.169s] Level 1:colcon.colcon_core.package_identification:_identify(src/unitree-go2-ros2/robots) by extensions ['cmake', 'python']
[0.169s] Level 1:colcon.colcon_core.package_identification:_identify(src/unitree-go2-ros2/robots) by extension 'cmake'
[0.169s] Level 1:colcon.colcon_core.package_identification:_identify(src/unitree-go2-ros2/robots) by extension 'python'
[0.169s] Level 1:colcon.colcon_core.package_identification:_identify(src/unitree-go2-ros2/robots) by extensions ['python_setup_py']
[0.169s] Level 1:colcon.colcon_core.package_identification:_identify(src/unitree-go2-ros2/robots) by extension 'python_setup_py'
[0.169s] Level 1:colcon.colcon_core.package_identification:_identify(src/unitree-go2-ros2/robots/configs) by extensions ['ignore', 'ignore_ament_install']
[0.169s] Level 1:colcon.colcon_core.package_identification:_identify(src/unitree-go2-ros2/robots/configs) by extension 'ignore'
[0.169s] Level 1:colcon.colcon_core.package_identification:_identify(src/unitree-go2-ros2/robots/configs) by extension 'ignore_ament_install'
[0.169s] Level 1:colcon.colcon_core.package_identification:_identify(src/unitree-go2-ros2/robots/configs) by extensions ['colcon_pkg']
[0.169s] Level 1:colcon.colcon_core.package_identification:_identify(src/unitree-go2-ros2/robots/configs) by extension 'colcon_pkg'
[0.169s] Level 1:colcon.colcon_core.package_identification:_identify(src/unitree-go2-ros2/robots/configs) by extensions ['colcon_meta']
[0.169s] Level 1:colcon.colcon_core.package_identification:_identify(src/unitree-go2-ros2/robots/configs) by extension 'colcon_meta'
[0.169s] Level 1:colcon.colcon_core.package_identification:_identify(src/unitree-go2-ros2/robots/configs) by extensions ['ros']
[0.169s] Level 1:colcon.colcon_core.package_identification:_identify(src/unitree-go2-ros2/robots/configs) by extension 'ros'
[0.169s] Level 1:colcon.colcon_core.package_identification:_identify(src/unitree-go2-ros2/robots/configs) by extensions ['cmake', 'python']
[0.169s] Level 1:colcon.colcon_core.package_identification:_identify(src/unitree-go2-ros2/robots/configs) by extension 'cmake'
[0.169s] Level 1:colcon.colcon_core.package_identification:_identify(src/unitree-go2-ros2/robots/configs) by extension 'python'
[0.169s] Level 1:colcon.colcon_core.package_identification:_identify(src/unitree-go2-ros2/robots/configs) by extensions ['python_setup_py']
[0.169s] Level 1:colcon.colcon_core.package_identification:_identify(src/unitree-go2-ros2/robots/configs) by extension 'python_setup_py'
[0.169s] Level 1:colcon.colcon_core.package_identification:_identify(src/unitree-go2-ros2/robots/configs/go2_config) by extensions ['ignore', 'ignore_ament_install']
[0.169s] Level 1:colcon.colcon_core.package_identification:_identify(src/unitree-go2-ros2/robots/configs/go2_config) by extension 'ignore'
[0.169s] Level 1:colcon.colcon_core.package_identification:_identify(src/unitree-go2-ros2/robots/configs/go2_config) by extension 'ignore_ament_install'
[0.169s] Level 1:colcon.colcon_core.package_identification:_identify(src/unitree-go2-ros2/robots/configs/go2_config) by extensions ['colcon_pkg']
[0.169s] Level 1:colcon.colcon_core.package_identification:_identify(src/unitree-go2-ros2/robots/configs/go2_config) by extension 'colcon_pkg'
[0.169s] Level 1:colcon.colcon_core.package_identification:_identify(src/unitree-go2-ros2/robots/configs/go2_config) by extensions ['colcon_meta']
[0.169s] Level 1:colcon.colcon_core.package_identification:_identify(src/unitree-go2-ros2/robots/configs/go2_config) by extension 'colcon_meta'
[0.169s] Level 1:colcon.colcon_core.package_identification:_identify(src/unitree-go2-ros2/robots/configs/go2_config) by extensions ['ros']
[0.169s] Level 1:colcon.colcon_core.package_identification:_identify(src/unitree-go2-ros2/robots/configs/go2_config) by extension 'ros'
[0.170s] DEBUG:colcon.colcon_core.package_identification:Package 'src/unitree-go2-ros2/robots/configs/go2_config' with type 'ros.ament_cmake' and name 'go2_config'
[0.170s] Level 1:colcon.colcon_core.package_identification:_identify(src/unitree-go2-ros2/robots/configs/m20_config) by extensions ['ignore', 'ignore_ament_install']
[0.170s] Level 1:colcon.colcon_core.package_identification:_identify(src/unitree-go2-ros2/robots/configs/m20_config) by extension 'ignore'
[0.170s] Level 1:colcon.colcon_core.package_identification:_identify(src/unitree-go2-ros2/robots/configs/m20_config) by extension 'ignore_ament_install'
[0.170s] Level 1:colcon.colcon_core.package_identification:_identify(src/unitree-go2-ros2/robots/configs/m20_config) by extensions ['colcon_pkg']
[0.170s] Level 1:colcon.colcon_core.package_identification:_identify(src/unitree-go2-ros2/robots/configs/m20_config) by extension 'colcon_pkg'
[0.170s] Level 1:colcon.colcon_core.package_identification:_identify(src/unitree-go2-ros2/robots/configs/m20_config) by extensions ['colcon_meta']
[0.170s] Level 1:colcon.colcon_core.package_identification:_identify(src/unitree-go2-ros2/robots/configs/m20_config) by extension 'colcon_meta'
[0.170s] Level 1:colcon.colcon_core.package_identification:_identify(src/unitree-go2-ros2/robots/configs/m20_config) by extensions ['ros']
[0.170s] Level 1:colcon.colcon_core.package_identification:_identify(src/unitree-go2-ros2/robots/configs/m20_config) by extension 'ros'
[0.170s] DEBUG:colcon.colcon_core.package_identification:Package 'src/unitree-go2-ros2/robots/configs/m20_config' with type 'ros.ament_cmake' and name 'm20_config'
[0.170s] Level 1:colcon.colcon_core.package_identification:_identify(src/unitree-go2-ros2/robots/descriptions) by extensions ['ignore', 'ignore_ament_install']
[0.170s] Level 1:colcon.colcon_core.package_identification:_identify(src/unitree-go2-ros2/robots/descriptions) by extension 'ignore'
[0.170s] Level 1:colcon.colcon_core.package_identification:_identify(src/unitree-go2-ros2/robots/descriptions) by extension 'ignore_ament_install'
[0.170s] Level 1:colcon.colcon_core.package_identification:_identify(src/unitree-go2-ros2/robots/descriptions) by extensions ['colcon_pkg']
[0.170s] Level 1:colcon.colcon_core.package_identification:_identify(src/unitree-go2-ros2/robots/descriptions) by extension 'colcon_pkg'
[0.170s] Level 1:colcon.colcon_core.package_identification:_identify(src/unitree-go2-ros2/robots/descriptions) by extensions ['colcon_meta']
[0.170s] Level 1:colcon.colcon_core.package_identification:_identify(src/unitree-go2-ros2/robots/descriptions) by extension 'colcon_meta'
[0.170s] Level 1:colcon.colcon_core.package_identification:_identify(src/unitree-go2-ros2/robots/descriptions) by extensions ['ros']
[0.170s] Level 1:colcon.colcon_core.package_identification:_identify(src/unitree-go2-ros2/robots/descriptions) by extension 'ros'
[0.170s] Level 1:colcon.colcon_core.package_identification:_identify(src/unitree-go2-ros2/robots/descriptions) by extensions ['cmake', 'python']
[0.170s] Level 1:colcon.colcon_core.package_identification:_identify(src/unitree-go2-ros2/robots/descriptions) by extension 'cmake'
[0.170s] Level 1:colcon.colcon_core.package_identification:_identify(src/unitree-go2-ros2/robots/descriptions) by extension 'python'
[0.170s] Level 1:colcon.colcon_core.package_identification:_identify(src/unitree-go2-ros2/robots/descriptions) by extensions ['python_setup_py']
[0.171s] Level 1:colcon.colcon_core.package_identification:_identify(src/unitree-go2-ros2/robots/descriptions) by extension 'python_setup_py'
[0.171s] Level 1:colcon.colcon_core.package_identification:_identify(src/unitree-go2-ros2/robots/descriptions/go2_description) by extensions ['ignore', 'ignore_ament_install']
[0.171s] Level 1:colcon.colcon_core.package_identification:_identify(src/unitree-go2-ros2/robots/descriptions/go2_description) by extension 'ignore'
[0.171s] Level 1:colcon.colcon_core.package_identification:_identify(src/unitree-go2-ros2/robots/descriptions/go2_description) by extension 'ignore_ament_install'
[0.171s] Level 1:colcon.colcon_core.package_identification:_identify(src/unitree-go2-ros2/robots/descriptions/go2_description) by extensions ['colcon_pkg']
[0.171s] Level 1:colcon.colcon_core.package_identification:_identify(src/unitree-go2-ros2/robots/descriptions/go2_description) by extension 'colcon_pkg'
[0.171s] Level 1:colcon.colcon_core.package_identification:_identify(src/unitree-go2-ros2/robots/descriptions/go2_description) by extensions ['colcon_meta']
[0.171s] Level 1:colcon.colcon_core.package_identification:_identify(src/unitree-go2-ros2/robots/descriptions/go2_description) by extension 'colcon_meta'
[0.171s] Level 1:colcon.colcon_core.package_identification:_identify(src/unitree-go2-ros2/robots/descriptions/go2_description) by extensions ['ros']
[0.171s] Level 1:colcon.colcon_core.package_identification:_identify(src/unitree-go2-ros2/robots/descriptions/go2_description) by extension 'ros'
[0.171s] DEBUG:colcon.colcon_core.package_identification:Package 'src/unitree-go2-ros2/robots/descriptions/go2_description' with type 'ros.ament_cmake' and name 'go2_description'
[0.171s] Level 1:colcon.colcon_core.package_identification:_identify(src/unitree-go2-ros2/robots/descriptions/m20_description) by extensions ['ignore', 'ignore_ament_install']
[0.171s] Level 1:colcon.colcon_core.package_identification:_identify(src/unitree-go2-ros2/robots/descriptions/m20_description) by extension 'ignore'
[0.171s] Level 1:colcon.colcon_core.package_identification:_identify(src/unitree-go2-ros2/robots/descriptions/m20_description) by extension 'ignore_ament_install'
[0.171s] Level 1:colcon.colcon_core.package_identification:_identify(src/unitree-go2-ros2/robots/descriptions/m20_description) by extensions ['colcon_pkg']
[0.171s] Level 1:colcon.colcon_core.package_identification:_identify(src/unitree-go2-ros2/robots/descriptions/m20_description) by extension 'colcon_pkg'
[0.171s] Level 1:colcon.colcon_core.package_identification:_identify(src/unitree-go2-ros2/robots/descriptions/m20_description) by extensions ['colcon_meta']
[0.171s] Level 1:colcon.colcon_core.package_identification:_identify(src/unitree-go2-ros2/robots/descriptions/m20_description) by extension 'colcon_meta'
[0.171s] Level 1:colcon.colcon_core.package_identification:_identify(src/unitree-go2-ros2/robots/descriptions/m20_description) by extensions ['ros']
[0.171s] Level 1:colcon.colcon_core.package_identification:_identify(src/unitree-go2-ros2/robots/descriptions/m20_description) by extension 'ros'
[0.172s] DEBUG:colcon.colcon_core.package_identification:Package 'src/unitree-go2-ros2/robots/descriptions/m20_description' with type 'ros.ament_cmake' and name 'm20_description'
[0.172s] Level 1:colcon.colcon_core.package_discovery:discover_packages(recursive) using defaults
[0.172s] Level 1:colcon.colcon_core.package_discovery:discover_packages(ignore) discover
[0.172s] Level 1:colcon.colcon_core.package_discovery:discover_packages(ignore) using defaults
[0.172s] Level 1:colcon.colcon_core.package_discovery:discover_packages(path) discover
[0.172s] Level 1:colcon.colcon_core.package_discovery:discover_packages(path) using defaults
[0.190s] Level 1:colcon.colcon_core.package_discovery:discover_packages(prefix_path) check parameters
[0.190s] Level 1:colcon.colcon_core.package_discovery:discover_packages(prefix_path) discover
[0.190s] WARNING:colcon.colcon_ros.prefix_path.ament:The path '/home/cxz/go2_ws/install/teleop_twist_keyboard' in the environment variable AMENT_PREFIX_PATH doesn't exist
[0.190s] WARNING:colcon.colcon_ros.prefix_path.ament:The path '/home/cxz/go2_ws/install/m20_description' in the environment variable AMENT_PREFIX_PATH doesn't exist
[0.190s] WARNING:colcon.colcon_ros.prefix_path.ament:The path '/home/cxz/go2_ws/install/m20_config' in the environment variable AMENT_PREFIX_PATH doesn't exist
[0.190s] WARNING:colcon.colcon_ros.prefix_path.ament:The path '/home/cxz/go2_ws/install/go2_description' in the environment variable AMENT_PREFIX_PATH doesn't exist
[0.190s] WARNING:colcon.colcon_ros.prefix_path.ament:The path '/home/cxz/go2_ws/install/go2_config' in the environment variable AMENT_PREFIX_PATH doesn't exist
[0.190s] WARNING:colcon.colcon_ros.prefix_path.ament:The path '/home/cxz/go2_ws/install/champ_teleop' in the environment variable AMENT_PREFIX_PATH doesn't exist
[0.190s] WARNING:colcon.colcon_ros.prefix_path.ament:The path '/home/cxz/go2_ws/install/champ_navigation' in the environment variable AMENT_PREFIX_PATH doesn't exist
[0.190s] WARNING:colcon.colcon_ros.prefix_path.ament:The path '/home/cxz/go2_ws/install/champ_gazebo' in the environment variable AMENT_PREFIX_PATH doesn't exist
[0.190s] WARNING:colcon.colcon_ros.prefix_path.ament:The path '/home/cxz/go2_ws/install/champ_bringup' in the environment variable AMENT_PREFIX_PATH doesn't exist
[0.190s] WARNING:colcon.colcon_ros.prefix_path.ament:The path '/home/cxz/go2_ws/install/champ_base' in the environment variable AMENT_PREFIX_PATH doesn't exist
[0.190s] WARNING:colcon.colcon_ros.prefix_path.ament:The path '/home/cxz/go2_ws/install/champ_msgs' in the environment variable AMENT_PREFIX_PATH doesn't exist
[0.190s] WARNING:colcon.colcon_ros.prefix_path.ament:The path '/home/cxz/go2_ws/install/champ_description' in the environment variable AMENT_PREFIX_PATH doesn't exist
[0.190s] WARNING:colcon.colcon_ros.prefix_path.ament:The path '/home/cxz/go2_ws/install/champ_config' in the environment variable AMENT_PREFIX_PATH doesn't exist
[0.190s] WARNING:colcon.colcon_ros.prefix_path.ament:The path '/home/cxz/go2_ws/install/champ' in the environment variable AMENT_PREFIX_PATH doesn't exist
[0.191s] WARNING:colcon.colcon_ros.prefix_path.catkin:The path '/home/cxz/go2_ws/install/teleop_twist_keyboard' in the environment variable CMAKE_PREFIX_PATH doesn't exist
[0.191s] WARNING:colcon.colcon_ros.prefix_path.catkin:The path '/home/cxz/go2_ws/install/go2_description' in the environment variable CMAKE_PREFIX_PATH doesn't exist
[0.191s] WARNING:colcon.colcon_ros.prefix_path.catkin:The path '/home/cxz/go2_ws/install/go2_config' in the environment variable CMAKE_PREFIX_PATH doesn't exist
[0.191s] WARNING:colcon.colcon_ros.prefix_path.catkin:The path '/home/cxz/go2_ws/install/champ_teleop' in the environment variable CMAKE_PREFIX_PATH doesn't exist
[0.191s] WARNING:colcon.colcon_ros.prefix_path.catkin:The path '/home/cxz/go2_ws/install/champ_navigation' in the environment variable CMAKE_PREFIX_PATH doesn't exist
[0.191s] WARNING:colcon.colcon_ros.prefix_path.catkin:The path '/home/cxz/go2_ws/install/champ_bringup' in the environment variable CMAKE_PREFIX_PATH doesn't exist
[0.191s] WARNING:colcon.colcon_ros.prefix_path.catkin:The path '/home/cxz/go2_ws/install/champ_base' in the environment variable CMAKE_PREFIX_PATH doesn't exist
[0.191s] WARNING:colcon.colcon_ros.prefix_path.catkin:The path '/home/cxz/go2_ws/install/champ_description' in the environment variable CMAKE_PREFIX_PATH doesn't exist
[0.191s] WARNING:colcon.colcon_ros.prefix_path.catkin:The path '/home/cxz/go2_ws/install/champ_config' in the environment variable CMAKE_PREFIX_PATH doesn't exist
[0.191s] WARNING:colcon.colcon_ros.prefix_path.catkin:The path '/home/cxz/go2_ws/install/champ_gazebo' in the environment variable CMAKE_PREFIX_PATH doesn't exist
[0.191s] WARNING:colcon.colcon_ros.prefix_path.catkin:The path '/home/cxz/go2_ws/install/champ_msgs' in the environment variable CMAKE_PREFIX_PATH doesn't exist
[0.191s] WARNING:colcon.colcon_ros.prefix_path.catkin:The path '/home/cxz/go2_ws/install/champ' in the environment variable CMAKE_PREFIX_PATH doesn't exist
[0.191s] WARNING:colcon.colcon_ros.prefix_path.catkin:The path '/home/cxz/go2_ws/install/m20_description' in the environment variable CMAKE_PREFIX_PATH doesn't exist
[0.191s] WARNING:colcon.colcon_ros.prefix_path.catkin:The path '/home/cxz/go2_ws/install/m20_config' in the environment variable CMAKE_PREFIX_PATH doesn't exist
[0.191s] DEBUG:colcon.colcon_installed_package_information.package_discovery:Found 0 installed packages in /home/cxz/go2_ws/install
[0.191s] DEBUG:colcon.colcon_installed_package_information.package_discovery:Found 8 installed packages in /home/cxz/champ_ws/install
[0.192s] DEBUG:colcon.colcon_installed_package_information.package_discovery:Found 395 installed packages in /opt/ros/humble
[0.193s] Level 1:colcon.colcon_core.package_discovery:discover_packages(prefix_path) using defaults
[0.219s] Level 5:colcon.colcon_core.verb:set package 'champ' build argument 'cmake_args' from command line to 'None'
[0.219s] Level 5:colcon.colcon_core.verb:set package 'champ' build argument 'cmake_target' from command line to 'None'
[0.219s] Level 5:colcon.colcon_core.verb:set package 'champ' build argument 'cmake_target_skip_unavailable' from command line to 'False'
[0.219s] Level 5:colcon.colcon_core.verb:set package 'champ' build argument 'cmake_clean_cache' from command line to 'False'
[0.219s] Level 5:colcon.colcon_core.verb:set package 'champ' build argument 'cmake_clean_first' from command line to 'False'
[0.219s] Level 5:colcon.colcon_core.verb:set package 'champ' build argument 'cmake_force_configure' from command line to 'False'
[0.219s] Level 5:colcon.colcon_core.verb:set package 'champ' build argument 'ament_cmake_args' from command line to 'None'
[0.219s] Level 5:colcon.colcon_core.verb:set package 'champ' build argument 'catkin_cmake_args' from command line to 'None'
[0.219s] Level 5:colcon.colcon_core.verb:set package 'champ' build argument 'catkin_skip_building_tests' from command line to 'False'
[0.219s] DEBUG:colcon.colcon_core.verb:Building package 'champ' with the following arguments: {'ament_cmake_args': None, 'build_base': '/home/cxz/go2_ws/build/champ', 'catkin_cmake_args': None, 'catkin_skip_building_tests': False, 'cmake_args': None, 'cmake_clean_cache': False, 'cmake_clean_first': False, 'cmake_force_configure': False, 'cmake_target': None, 'cmake_target_skip_unavailable': False, 'install_base': '/home/cxz/go2_ws/install/champ', 'merge_install': False, 'path': '/home/cxz/go2_ws/src/unitree-go2-ros2/champ/champ', 'symlink_install': False, 'test_result_base': None}
[0.219s] Level 5:colcon.colcon_core.verb:set package 'champ_config' build argument 'cmake_args' from command line to 'None'
[0.219s] Level 5:colcon.colcon_core.verb:set package 'champ_config' build argument 'cmake_target' from command line to 'None'
[0.219s] Level 5:colcon.colcon_core.verb:set package 'champ_config' build argument 'cmake_target_skip_unavailable' from command line to 'False'
[0.220s] Level 5:colcon.colcon_core.verb:set package 'champ_config' build argument 'cmake_clean_cache' from command line to 'False'
[0.220s] Level 5:colcon.colcon_core.verb:set package 'champ_config' build argument 'cmake_clean_first' from command line to 'False'
[0.220s] Level 5:colcon.colcon_core.verb:set package 'champ_config' build argument 'cmake_force_configure' from command line to 'False'
[0.220s] Level 5:colcon.colcon_core.verb:set package 'champ_config' build argument 'ament_cmake_args' from command line to 'None'
[0.220s] Level 5:colcon.colcon_core.verb:set package 'champ_config' build argument 'catkin_cmake_args' from command line to 'None'
[0.220s] Level 5:colcon.colcon_core.verb:set package 'champ_config' build argument 'catkin_skip_building_tests' from command line to 'False'
[0.220s] DEBUG:colcon.colcon_core.verb:Building package 'champ_config' with the following arguments: {'ament_cmake_args': None, 'build_base': '/home/cxz/go2_ws/build/champ_config', 'catkin_cmake_args': None, 'catkin_skip_building_tests': False, 'cmake_args': None, 'cmake_clean_cache': False, 'cmake_clean_first': False, 'cmake_force_configure': False, 'cmake_target': None, 'cmake_target_skip_unavailable': False, 'install_base': '/home/cxz/go2_ws/install/champ_config', 'merge_install': False, 'path': '/home/cxz/go2_ws/src/unitree-go2-ros2/champ/champ_config', 'symlink_install': False, 'test_result_base': None}
[0.220s] Level 5:colcon.colcon_core.verb:set package 'champ_description' build argument 'cmake_args' from command line to 'None'
[0.220s] Level 5:colcon.colcon_core.verb:set package 'champ_description' build argument 'cmake_target' from command line to 'None'
[0.220s] Level 5:colcon.colcon_core.verb:set package 'champ_description' build argument 'cmake_target_skip_unavailable' from command line to 'False'
[0.220s] Level 5:colcon.colcon_core.verb:set package 'champ_description' build argument 'cmake_clean_cache' from command line to 'False'
[0.220s] Level 5:colcon.colcon_core.verb:set package 'champ_description' build argument 'cmake_clean_first' from command line to 'False'
[0.220s] Level 5:colcon.colcon_core.verb:set package 'champ_description' build argument 'cmake_force_configure' from command line to 'False'
[0.220s] Level 5:colcon.colcon_core.verb:set package 'champ_description' build argument 'ament_cmake_args' from command line to 'None'
[0.220s] Level 5:colcon.colcon_core.verb:set package 'champ_description' build argument 'catkin_cmake_args' from command line to 'None'
[0.220s] Level 5:colcon.colcon_core.verb:set package 'champ_description' build argument 'catkin_skip_building_tests' from command line to 'False'
[0.220s] DEBUG:colcon.colcon_core.verb:Building package 'champ_description' with the following arguments: {'ament_cmake_args': None, 'build_base': '/home/cxz/go2_ws/build/champ_description', 'catkin_cmake_args': None, 'catkin_skip_building_tests': False, 'cmake_args': None, 'cmake_clean_cache': False, 'cmake_clean_first': False, 'cmake_force_configure': False, 'cmake_target': None, 'cmake_target_skip_unavailable': False, 'install_base': '/home/cxz/go2_ws/install/champ_description', 'merge_install': False, 'path': '/home/cxz/go2_ws/src/unitree-go2-ros2/champ/champ_description', 'symlink_install': False, 'test_result_base': None}
[0.220s] Level 5:colcon.colcon_core.verb:set package 'champ_msgs' build argument 'cmake_args' from command line to 'None'
[0.220s] Level 5:colcon.colcon_core.verb:set package 'champ_msgs' build argument 'cmake_target' from command line to 'None'
[0.220s] Level 5:colcon.colcon_core.verb:set package 'champ_msgs' build argument 'cmake_target_skip_unavailable' from command line to 'False'
[0.220s] Level 5:colcon.colcon_core.verb:set package 'champ_msgs' build argument 'cmake_clean_cache' from command line to 'False'
[0.220s] Level 5:colcon.colcon_core.verb:set package 'champ_msgs' build argument 'cmake_clean_first' from command line to 'False'
[0.220s] Level 5:colcon.colcon_core.verb:set package 'champ_msgs' build argument 'cmake_force_configure' from command line to 'False'
[0.220s] Level 5:colcon.colcon_core.verb:set package 'champ_msgs' build argument 'ament_cmake_args' from command line to 'None'
[0.220s] Level 5:colcon.colcon_core.verb:set package 'champ_msgs' build argument 'catkin_cmake_args' from command line to 'None'
[0.220s] Level 5:colcon.colcon_core.verb:set package 'champ_msgs' build argument 'catkin_skip_building_tests' from command line to 'False'
[0.220s] DEBUG:colcon.colcon_core.verb:Building package 'champ_msgs' with the following arguments: {'ament_cmake_args': None, 'build_base': '/home/cxz/go2_ws/build/champ_msgs', 'catkin_cmake_args': None, 'catkin_skip_building_tests': False, 'cmake_args': None, 'cmake_clean_cache': False, 'cmake_clean_first': False, 'cmake_force_configure': False, 'cmake_target': None, 'cmake_target_skip_unavailable': False, 'install_base': '/home/cxz/go2_ws/install/champ_msgs', 'merge_install': False, 'path': '/home/cxz/go2_ws/src/unitree-go2-ros2/champ/champ_msgs', 'symlink_install': False, 'test_result_base': None}
[0.220s] Level 5:colcon.colcon_core.verb:set package 'champ_navigation' build argument 'cmake_args' from command line to 'None'
[0.220s] Level 5:colcon.colcon_core.verb:set package 'champ_navigation' build argument 'cmake_target' from command line to 'None'
[0.220s] Level 5:colcon.colcon_core.verb:set package 'champ_navigation' build argument 'cmake_target_skip_unavailable' from command line to 'False'
[0.220s] Level 5:colcon.colcon_core.verb:set package 'champ_navigation' build argument 'cmake_clean_cache' from command line to 'False'
[0.220s] Level 5:colcon.colcon_core.verb:set package 'champ_navigation' build argument 'cmake_clean_first' from command line to 'False'
[0.220s] Level 5:colcon.colcon_core.verb:set package 'champ_navigation' build argument 'cmake_force_configure' from command line to 'False'
[0.220s] Level 5:colcon.colcon_core.verb:set package 'champ_navigation' build argument 'ament_cmake_args' from command line to 'None'
[0.220s] Level 5:colcon.colcon_core.verb:set package 'champ_navigation' build argument 'catkin_cmake_args' from command line to 'None'
[0.220s] Level 5:colcon.colcon_core.verb:set package 'champ_navigation' build argument 'catkin_skip_building_tests' from command line to 'False'
[0.221s] DEBUG:colcon.colcon_core.verb:Building package 'champ_navigation' with the following arguments: {'ament_cmake_args': None, 'build_base': '/home/cxz/go2_ws/build/champ_navigation', 'catkin_cmake_args': None, 'catkin_skip_building_tests': False, 'cmake_args': None, 'cmake_clean_cache': False, 'cmake_clean_first': False, 'cmake_force_configure': False, 'cmake_target': None, 'cmake_target_skip_unavailable': False, 'install_base': '/home/cxz/go2_ws/install/champ_navigation', 'merge_install': False, 'path': '/home/cxz/go2_ws/src/unitree-go2-ros2/champ/champ_navigation', 'symlink_install': False, 'test_result_base': None}
[0.221s] Level 5:colcon.colcon_core.verb:set package 'champ_teleop' build argument 'cmake_args' from command line to 'None'
[0.221s] Level 5:colcon.colcon_core.verb:set package 'champ_teleop' build argument 'cmake_target' from command line to 'None'
[0.221s] Level 5:colcon.colcon_core.verb:set package 'champ_teleop' build argument 'cmake_target_skip_unavailable' from command line to 'False'
[0.221s] Level 5:colcon.colcon_core.verb:set package 'champ_teleop' build argument 'cmake_clean_cache' from command line to 'False'
[0.221s] Level 5:colcon.colcon_core.verb:set package 'champ_teleop' build argument 'cmake_clean_first' from command line to 'False'
[0.221s] Level 5:colcon.colcon_core.verb:set package 'champ_teleop' build argument 'cmake_force_configure' from command line to 'False'
[0.221s] Level 5:colcon.colcon_core.verb:set package 'champ_teleop' build argument 'ament_cmake_args' from command line to 'None'
[0.221s] Level 5:colcon.colcon_core.verb:set package 'champ_teleop' build argument 'catkin_cmake_args' from command line to 'None'
[0.221s] Level 5:colcon.colcon_core.verb:set package 'champ_teleop' build argument 'catkin_skip_building_tests' from command line to 'False'
[0.221s] DEBUG:colcon.colcon_core.verb:Building package 'champ_teleop' with the following arguments: {'ament_cmake_args': None, 'build_base': '/home/cxz/go2_ws/build/champ_teleop', 'catkin_cmake_args': None, 'catkin_skip_building_tests': False, 'cmake_args': None, 'cmake_clean_cache': False, 'cmake_clean_first': False, 'cmake_force_configure': False, 'cmake_target': None, 'cmake_target_skip_unavailable': False, 'install_base': '/home/cxz/go2_ws/install/champ_teleop', 'merge_install': False, 'path': '/home/cxz/go2_ws/src/unitree-go2-ros2/champ_teleop', 'symlink_install': False, 'test_result_base': None}
[0.221s] Level 5:colcon.colcon_core.verb:set package 'go2_config' build argument 'cmake_args' from command line to 'None'
[0.221s] Level 5:colcon.colcon_core.verb:set package 'go2_config' build argument 'cmake_target' from command line to 'None'
[0.221s] Level 5:colcon.colcon_core.verb:set package 'go2_config' build argument 'cmake_target_skip_unavailable' from command line to 'False'
[0.221s] Level 5:colcon.colcon_core.verb:set package 'go2_config' build argument 'cmake_clean_cache' from command line to 'False'
[0.221s] Level 5:colcon.colcon_core.verb:set package 'go2_config' build argument 'cmake_clean_first' from command line to 'False'
[0.221s] Level 5:colcon.colcon_core.verb:set package 'go2_config' build argument 'cmake_force_configure' from command line to 'False'
[0.221s] Level 5:colcon.colcon_core.verb:set package 'go2_config' build argument 'ament_cmake_args' from command line to 'None'
[0.221s] Level 5:colcon.colcon_core.verb:set package 'go2_config' build argument 'catkin_cmake_args' from command line to 'None'
[0.221s] Level 5:colcon.colcon_core.verb:set package 'go2_config' build argument 'catkin_skip_building_tests' from command line to 'False'
[0.221s] DEBUG:colcon.colcon_core.verb:Building package 'go2_config' with the following arguments: {'ament_cmake_args': None, 'build_base': '/home/cxz/go2_ws/build/go2_config', 'catkin_cmake_args': None, 'catkin_skip_building_tests': False, 'cmake_args': None, 'cmake_clean_cache': False, 'cmake_clean_first': False, 'cmake_force_configure': False, 'cmake_target': None, 'cmake_target_skip_unavailable': False, 'install_base': '/home/cxz/go2_ws/install/go2_config', 'merge_install': False, 'path': '/home/cxz/go2_ws/src/unitree-go2-ros2/robots/configs/go2_config', 'symlink_install': False, 'test_result_base': None}
[0.221s] Level 5:colcon.colcon_core.verb:set package 'go2_description' build argument 'cmake_args' from command line to 'None'
[0.221s] Level 5:colcon.colcon_core.verb:set package 'go2_description' build argument 'cmake_target' from command line to 'None'
[0.221s] Level 5:colcon.colcon_core.verb:set package 'go2_description' build argument 'cmake_target_skip_unavailable' from command line to 'False'
[0.221s] Level 5:colcon.colcon_core.verb:set package 'go2_description' build argument 'cmake_clean_cache' from command line to 'False'
[0.221s] Level 5:colcon.colcon_core.verb:set package 'go2_description' build argument 'cmake_clean_first' from command line to 'False'
[0.221s] Level 5:colcon.colcon_core.verb:set package 'go2_description' build argument 'cmake_force_configure' from command line to 'False'
[0.221s] Level 5:colcon.colcon_core.verb:set package 'go2_description' build argument 'ament_cmake_args' from command line to 'None'
[0.221s] Level 5:colcon.colcon_core.verb:set package 'go2_description' build argument 'catkin_cmake_args' from command line to 'None'
[0.221s] Level 5:colcon.colcon_core.verb:set package 'go2_description' build argument 'catkin_skip_building_tests' from command line to 'False'
[0.221s] DEBUG:colcon.colcon_core.verb:Building package 'go2_description' with the following arguments: {'ament_cmake_args': None, 'build_base': '/home/cxz/go2_ws/build/go2_description', 'catkin_cmake_args': None, 'catkin_skip_building_tests': False, 'cmake_args': None, 'cmake_clean_cache': False, 'cmake_clean_first': False, 'cmake_force_configure': False, 'cmake_target': None, 'cmake_target_skip_unavailable': False, 'install_base': '/home/cxz/go2_ws/install/go2_description', 'merge_install': False, 'path': '/home/cxz/go2_ws/src/unitree-go2-ros2/robots/descriptions/go2_description', 'symlink_install': False, 'test_result_base': None}
[0.222s] Level 5:colcon.colcon_core.verb:set package 'm20_config' build argument 'cmake_args' from command line to 'None'
[0.222s] Level 5:colcon.colcon_core.verb:set package 'm20_config' build argument 'cmake_target' from command line to 'None'
[0.222s] Level 5:colcon.colcon_core.verb:set package 'm20_config' build argument 'cmake_target_skip_unavailable' from command line to 'False'
[0.222s] Level 5:colcon.colcon_core.verb:set package 'm20_config' build argument 'cmake_clean_cache' from command line to 'False'
[0.222s] Level 5:colcon.colcon_core.verb:set package 'm20_config' build argument 'cmake_clean_first' from command line to 'False'
[0.222s] Level 5:colcon.colcon_core.verb:set package 'm20_config' build argument 'cmake_force_configure' from command line to 'False'
[0.222s] Level 5:colcon.colcon_core.verb:set package 'm20_config' build argument 'ament_cmake_args' from command line to 'None'
[0.222s] Level 5:colcon.colcon_core.verb:set package 'm20_config' build argument 'catkin_cmake_args' from command line to 'None'
[0.222s] Level 5:colcon.colcon_core.verb:set package 'm20_config' build argument 'catkin_skip_building_tests' from command line to 'False'
[0.222s] DEBUG:colcon.colcon_core.verb:Building package 'm20_config' with the following arguments: {'ament_cmake_args': None, 'build_base': '/home/cxz/go2_ws/build/m20_config', 'catkin_cmake_args': None, 'catkin_skip_building_tests': False, 'cmake_args': None, 'cmake_clean_cache': False, 'cmake_clean_first': False, 'cmake_force_configure': False, 'cmake_target': None, 'cmake_target_skip_unavailable': False, 'install_base': '/home/cxz/go2_ws/install/m20_config', 'merge_install': False, 'path': '/home/cxz/go2_ws/src/unitree-go2-ros2/robots/configs/m20_config', 'symlink_install': False, 'test_result_base': None}
[0.222s] Level 5:colcon.colcon_core.verb:set package 'm20_description' build argument 'cmake_args' from command line to 'None'
[0.222s] Level 5:colcon.colcon_core.verb:set package 'm20_description' build argument 'cmake_target' from command line to 'None'
[0.222s] Level 5:colcon.colcon_core.verb:set package 'm20_description' build argument 'cmake_target_skip_unavailable' from command line to 'False'
[0.222s] Level 5:colcon.colcon_core.verb:set package 'm20_description' build argument 'cmake_clean_cache' from command line to 'False'
[0.222s] Level 5:colcon.colcon_core.verb:set package 'm20_description' build argument 'cmake_clean_first' from command line to 'False'
[0.222s] Level 5:colcon.colcon_core.verb:set package 'm20_description' build argument 'cmake_force_configure' from command line to 'False'
[0.222s] Level 5:colcon.colcon_core.verb:set package 'm20_description' build argument 'ament_cmake_args' from command line to 'None'
[0.222s] Level 5:colcon.colcon_core.verb:set package 'm20_description' build argument 'catkin_cmake_args' from command line to 'None'
[0.222s] Level 5:colcon.colcon_core.verb:set package 'm20_description' build argument 'catkin_skip_building_tests' from command line to 'False'
[0.222s] DEBUG:colcon.colcon_core.verb:Building package 'm20_description' with the following arguments: {'ament_cmake_args': None, 'build_base': '/home/cxz/go2_ws/build/m20_description', 'catkin_cmake_args': None, 'catkin_skip_building_tests': False, 'cmake_args': None, 'cmake_clean_cache': False, 'cmake_clean_first': False, 'cmake_force_configure': False, 'cmake_target': None, 'cmake_target_skip_unavailable': False, 'install_base': '/home/cxz/go2_ws/install/m20_description', 'merge_install': False, 'path': '/home/cxz/go2_ws/src/unitree-go2-ros2/robots/descriptions/m20_description', 'symlink_install': False, 'test_result_base': None}
[0.222s] Level 5:colcon.colcon_core.verb:set package 'teleop_twist_keyboard' build argument 'cmake_args' from command line to 'None'
[0.222s] Level 5:colcon.colcon_core.verb:set package 'teleop_twist_keyboard' build argument 'cmake_target' from command line to 'None'
[0.222s] Level 5:colcon.colcon_core.verb:set package 'teleop_twist_keyboard' build argument 'cmake_target_skip_unavailable' from command line to 'False'
[0.222s] Level 5:colcon.colcon_core.verb:set package 'teleop_twist_keyboard' build argument 'cmake_clean_cache' from command line to 'False'
[0.222s] Level 5:colcon.colcon_core.verb:set package 'teleop_twist_keyboard' build argument 'cmake_clean_first' from command line to 'False'
[0.222s] Level 5:colcon.colcon_core.verb:set package 'teleop_twist_keyboard' build argument 'cmake_force_configure' from command line to 'False'
[0.222s] Level 5:colcon.colcon_core.verb:set package 'teleop_twist_keyboard' build argument 'ament_cmake_args' from command line to 'None'
[0.222s] Level 5:colcon.colcon_core.verb:set package 'teleop_twist_keyboard' build argument 'catkin_cmake_args' from command line to 'None'
[0.222s] Level 5:colcon.colcon_core.verb:set package 'teleop_twist_keyboard' build argument 'catkin_skip_building_tests' from command line to 'False'
[0.222s] DEBUG:colcon.colcon_core.verb:Building package 'teleop_twist_keyboard' with the following arguments: {'ament_cmake_args': None, 'build_base': '/home/cxz/go2_ws/build/teleop_twist_keyboard', 'catkin_cmake_args': None, 'catkin_skip_building_tests': False, 'cmake_args': None, 'cmake_clean_cache': False, 'cmake_clean_first': False, 'cmake_force_configure': False, 'cmake_target': None, 'cmake_target_skip_unavailable': False, 'install_base': '/home/cxz/go2_ws/install/teleop_twist_keyboard', 'merge_install': False, 'path': '/home/cxz/go2_ws/src/teleop_twist_keyboard', 'symlink_install': False, 'test_result_base': None}
[0.222s] Level 5:colcon.colcon_core.verb:set package 'champ_base' build argument 'cmake_args' from command line to 'None'
[0.222s] Level 5:colcon.colcon_core.verb:set package 'champ_base' build argument 'cmake_target' from command line to 'None'
[0.222s] Level 5:colcon.colcon_core.verb:set package 'champ_base' build argument 'cmake_target_skip_unavailable' from command line to 'False'
[0.222s] Level 5:colcon.colcon_core.verb:set package 'champ_base' build argument 'cmake_clean_cache' from command line to 'False'
[0.223s] Level 5:colcon.colcon_core.verb:set package 'champ_base' build argument 'cmake_clean_first' from command line to 'False'
[0.223s] Level 5:colcon.colcon_core.verb:set package 'champ_base' build argument 'cmake_force_configure' from command line to 'False'
[0.223s] Level 5:colcon.colcon_core.verb:set package 'champ_base' build argument 'ament_cmake_args' from command line to 'None'
[0.223s] Level 5:colcon.colcon_core.verb:set package 'champ_base' build argument 'catkin_cmake_args' from command line to 'None'
[0.223s] Level 5:colcon.colcon_core.verb:set package 'champ_base' build argument 'catkin_skip_building_tests' from command line to 'False'
[0.223s] DEBUG:colcon.colcon_core.verb:Building package 'champ_base' with the following arguments: {'ament_cmake_args': None, 'build_base': '/home/cxz/go2_ws/build/champ_base', 'catkin_cmake_args': None, 'catkin_skip_building_tests': False, 'cmake_args': None, 'cmake_clean_cache': False, 'cmake_clean_first': False, 'cmake_force_configure': False, 'cmake_target': None, 'cmake_target_skip_unavailable': False, 'install_base': '/home/cxz/go2_ws/install/champ_base', 'merge_install': False, 'path': '/home/cxz/go2_ws/src/unitree-go2-ros2/champ/champ_base', 'symlink_install': False, 'test_result_base': None}
[0.223s] Level 5:colcon.colcon_core.verb:set package 'champ_gazebo' build argument 'cmake_args' from command line to 'None'
[0.223s] Level 5:colcon.colcon_core.verb:set package 'champ_gazebo' build argument 'cmake_target' from command line to 'None'
[0.223s] Level 5:colcon.colcon_core.verb:set package 'champ_gazebo' build argument 'cmake_target_skip_unavailable' from command line to 'False'
[0.223s] Level 5:colcon.colcon_core.verb:set package 'champ_gazebo' build argument 'cmake_clean_cache' from command line to 'False'
[0.223s] Level 5:colcon.colcon_core.verb:set package 'champ_gazebo' build argument 'cmake_clean_first' from command line to 'False'
[0.223s] Level 5:colcon.colcon_core.verb:set package 'champ_gazebo' build argument 'cmake_force_configure' from command line to 'False'
[0.223s] Level 5:colcon.colcon_core.verb:set package 'champ_gazebo' build argument 'ament_cmake_args' from command line to 'None'
[0.223s] Level 5:colcon.colcon_core.verb:set package 'champ_gazebo' build argument 'catkin_cmake_args' from command line to 'None'
[0.223s] Level 5:colcon.colcon_core.verb:set package 'champ_gazebo' build argument 'catkin_skip_building_tests' from command line to 'False'
[0.223s] DEBUG:colcon.colcon_core.verb:Building package 'champ_gazebo' with the following arguments: {'ament_cmake_args': None, 'build_base': '/home/cxz/go2_ws/build/champ_gazebo', 'catkin_cmake_args': None, 'catkin_skip_building_tests': False, 'cmake_args': None, 'cmake_clean_cache': False, 'cmake_clean_first': False, 'cmake_force_configure': False, 'cmake_target': None, 'cmake_target_skip_unavailable': False, 'install_base': '/home/cxz/go2_ws/install/champ_gazebo', 'merge_install': False, 'path': '/home/cxz/go2_ws/src/unitree-go2-ros2/champ/champ_gazebo', 'symlink_install': False, 'test_result_base': None}
[0.223s] Level 5:colcon.colcon_core.verb:set package 'champ_bringup' build argument 'cmake_args' from command line to 'None'
[0.223s] Level 5:colcon.colcon_core.verb:set package 'champ_bringup' build argument 'cmake_target' from command line to 'None'
[0.223s] Level 5:colcon.colcon_core.verb:set package 'champ_bringup' build argument 'cmake_target_skip_unavailable' from command line to 'False'
[0.223s] Level 5:colcon.colcon_core.verb:set package 'champ_bringup' build argument 'cmake_clean_cache' from command line to 'False'
[0.223s] Level 5:colcon.colcon_core.verb:set package 'champ_bringup' build argument 'cmake_clean_first' from command line to 'False'
[0.223s] Level 5:colcon.colcon_core.verb:set package 'champ_bringup' build argument 'cmake_force_configure' from command line to 'False'
[0.223s] Level 5:colcon.colcon_core.verb:set package 'champ_bringup' build argument 'ament_cmake_args' from command line to 'None'
[0.223s] Level 5:colcon.colcon_core.verb:set package 'champ_bringup' build argument 'catkin_cmake_args' from command line to 'None'
[0.223s] Level 5:colcon.colcon_core.verb:set package 'champ_bringup' build argument 'catkin_skip_building_tests' from command line to 'False'
[0.223s] DEBUG:colcon.colcon_core.verb:Building package 'champ_bringup' with the following arguments: {'ament_cmake_args': None, 'build_base': '/home/cxz/go2_ws/build/champ_bringup', 'catkin_cmake_args': None, 'catkin_skip_building_tests': False, 'cmake_args': None, 'cmake_clean_cache': False, 'cmake_clean_first': False, 'cmake_force_configure': False, 'cmake_target': None, 'cmake_target_skip_unavailable': False, 'install_base': '/home/cxz/go2_ws/install/champ_bringup', 'merge_install': False, 'path': '/home/cxz/go2_ws/src/unitree-go2-ros2/champ/champ_bringup', 'symlink_install': False, 'test_result_base': None}
[0.223s] INFO:colcon.colcon_core.executor:Executing jobs using 'parallel' executor
[0.224s] DEBUG:colcon.colcon_parallel_executor.executor.parallel:run_until_complete
[0.224s] INFO:colcon.colcon_ros.task.ament_cmake.build:Building ROS package in '/home/cxz/go2_ws/src/unitree-go2-ros2/champ/champ' with build type 'ament_cmake'
[0.224s] INFO:colcon.colcon_cmake.task.cmake.build:Building CMake package in '/home/cxz/go2_ws/src/unitree-go2-ros2/champ/champ'
[0.226s] INFO:colcon.colcon_core.plugin_system:Skipping extension 'colcon_core.shell.bat': Not used on non-Windows systems
[0.226s] INFO:colcon.colcon_core.shell:Skip shell extension 'powershell' for command environment: Not usable outside of PowerShell
[0.226s] DEBUG:colcon.colcon_core.shell:Skip shell extension 'dsv' for command environment
[0.228s] INFO:colcon.colcon_ros.task.ament_cmake.build:Building ROS package in '/home/cxz/go2_ws/src/unitree-go2-ros2/champ/champ_msgs' with build type 'ament_cmake'
[0.228s] INFO:colcon.colcon_cmake.task.cmake.build:Building CMake package in '/home/cxz/go2_ws/src/unitree-go2-ros2/champ/champ_msgs'
[0.228s] INFO:colcon.colcon_core.shell:Skip shell extension 'powershell' for command environment: Not usable outside of PowerShell
[0.228s] DEBUG:colcon.colcon_core.shell:Skip shell extension 'dsv' for command environment
[0.231s] INFO:colcon.colcon_ros.task.ament_cmake.build:Building ROS package in '/home/cxz/go2_ws/src/unitree-go2-ros2/champ/champ_description' with build type 'ament_cmake'
[0.231s] INFO:colcon.colcon_cmake.task.cmake.build:Building CMake package in '/home/cxz/go2_ws/src/unitree-go2-ros2/champ/champ_description'
[0.231s] INFO:colcon.colcon_core.shell:Skip shell extension 'powershell' for command environment: Not usable outside of PowerShell
[0.231s] DEBUG:colcon.colcon_core.shell:Skip shell extension 'dsv' for command environment
[0.233s] INFO:colcon.colcon_ros.task.ament_cmake.build:Building ROS package in '/home/cxz/go2_ws/src/unitree-go2-ros2/champ/champ_config' with build type 'ament_cmake'
[0.233s] INFO:colcon.colcon_cmake.task.cmake.build:Building CMake package in '/home/cxz/go2_ws/src/unitree-go2-ros2/champ/champ_config'
[0.233s] INFO:colcon.colcon_core.shell:Skip shell extension 'powershell' for command environment: Not usable outside of PowerShell
[0.233s] DEBUG:colcon.colcon_core.shell:Skip shell extension 'dsv' for command environment
[0.235s] INFO:colcon.colcon_ros.task.ament_cmake.build:Building ROS package in '/home/cxz/go2_ws/src/unitree-go2-ros2/champ/champ_navigation' with build type 'ament_cmake'
[0.235s] INFO:colcon.colcon_cmake.task.cmake.build:Building CMake package in '/home/cxz/go2_ws/src/unitree-go2-ros2/champ/champ_navigation'
[0.236s] INFO:colcon.colcon_core.shell:Skip shell extension 'powershell' for command environment: Not usable outside of PowerShell
[0.236s] DEBUG:colcon.colcon_core.shell:Skip shell extension 'dsv' for command environment
[0.238s] INFO:colcon.colcon_ros.task.ament_cmake.build:Building ROS package in '/home/cxz/go2_ws/src/unitree-go2-ros2/champ_teleop' with build type 'ament_cmake'
[0.238s] INFO:colcon.colcon_cmake.task.cmake.build:Building CMake package in '/home/cxz/go2_ws/src/unitree-go2-ros2/champ_teleop'
[0.238s] INFO:colcon.colcon_core.shell:Skip shell extension 'powershell' for command environment: Not usable outside of PowerShell
[0.238s] DEBUG:colcon.colcon_core.shell:Skip shell extension 'dsv' for command environment
[0.240s] INFO:colcon.colcon_ros.task.ament_cmake.build:Building ROS package in '/home/cxz/go2_ws/src/unitree-go2-ros2/robots/configs/go2_config' with build type 'ament_cmake'
[0.240s] INFO:colcon.colcon_cmake.task.cmake.build:Building CMake package in '/home/cxz/go2_ws/src/unitree-go2-ros2/robots/configs/go2_config'
[0.240s] INFO:colcon.colcon_core.shell:Skip shell extension 'powershell' for command environment: Not usable outside of PowerShell
[0.240s] DEBUG:colcon.colcon_core.shell:Skip shell extension 'dsv' for command environment
[0.242s] INFO:colcon.colcon_ros.task.ament_cmake.build:Building ROS package in '/home/cxz/go2_ws/src/unitree-go2-ros2/robots/descriptions/go2_description' with build type 'ament_cmake'
[0.242s] INFO:colcon.colcon_cmake.task.cmake.build:Building CMake package in '/home/cxz/go2_ws/src/unitree-go2-ros2/robots/descriptions/go2_description'
[0.242s] INFO:colcon.colcon_core.shell:Skip shell extension 'powershell' for command environment: Not usable outside of PowerShell
[0.242s] DEBUG:colcon.colcon_core.shell:Skip shell extension 'dsv' for command environment
[0.244s] INFO:colcon.colcon_ros.task.ament_cmake.build:Building ROS package in '/home/cxz/go2_ws/src/unitree-go2-ros2/robots/configs/m20_config' with build type 'ament_cmake'
[0.244s] INFO:colcon.colcon_cmake.task.cmake.build:Building CMake package in '/home/cxz/go2_ws/src/unitree-go2-ros2/robots/configs/m20_config'
[0.245s] INFO:colcon.colcon_core.shell:Skip shell extension 'powershell' for command environment: Not usable outside of PowerShell
[0.245s] DEBUG:colcon.colcon_core.shell:Skip shell extension 'dsv' for command environment
[0.247s] INFO:colcon.colcon_ros.task.ament_cmake.build:Building ROS package in '/home/cxz/go2_ws/src/unitree-go2-ros2/robots/descriptions/m20_description' with build type 'ament_cmake'
[0.247s] INFO:colcon.colcon_cmake.task.cmake.build:Building CMake package in '/home/cxz/go2_ws/src/unitree-go2-ros2/robots/descriptions/m20_description'
[0.247s] INFO:colcon.colcon_core.shell:Skip shell extension 'powershell' for command environment: Not usable outside of PowerShell
[0.247s] DEBUG:colcon.colcon_core.shell:Skip shell extension 'dsv' for command environment
[0.249s] INFO:colcon.colcon_ros.task.ament_cmake.build:Building ROS package in '/home/cxz/go2_ws/src/teleop_twist_keyboard' with build type 'ament_cmake'
[0.249s] INFO:colcon.colcon_cmake.task.cmake.build:Building CMake package in '/home/cxz/go2_ws/src/teleop_twist_keyboard'
[0.249s] INFO:colcon.colcon_core.shell:Skip shell extension 'powershell' for command environment: Not usable outside of PowerShell
[0.249s] DEBUG:colcon.colcon_core.shell:Skip shell extension 'dsv' for command environment
[0.254s] DEBUG:colcon.colcon_core.event_handler.log_command:Invoking command in '/home/cxz/go2_ws/build/champ': CMAKE_PREFIX_PATH=${CMAKE_PREFIX_PATH}:/opt/ros/humble /usr/bin/cmake /home/cxz/go2_ws/src/unitree-go2-ros2/champ/champ -DCMAKE_INSTALL_PREFIX=/home/cxz/go2_ws/install/champ
[0.255s] DEBUG:colcon.colcon_core.event_handler.log_command:Invoking command in '/home/cxz/go2_ws/build/champ_msgs': CMAKE_PREFIX_PATH=${CMAKE_PREFIX_PATH}:/opt/ros/humble /usr/bin/cmake /home/cxz/go2_ws/src/unitree-go2-ros2/champ/champ_msgs -DCMAKE_INSTALL_PREFIX=/home/cxz/go2_ws/install/champ_msgs
[0.257s] DEBUG:colcon.colcon_core.event_handler.log_command:Invoking command in '/home/cxz/go2_ws/build/champ_description': CMAKE_PREFIX_PATH=${CMAKE_PREFIX_PATH}:/opt/ros/humble /usr/bin/cmake /home/cxz/go2_ws/src/unitree-go2-ros2/champ/champ_description -DCMAKE_INSTALL_PREFIX=/home/cxz/go2_ws/install/champ_description
[0.258s] DEBUG:colcon.colcon_core.event_handler.log_command:Invoking command in '/home/cxz/go2_ws/build/champ_config': CMAKE_PREFIX_PATH=${CMAKE_PREFIX_PATH}:/opt/ros/humble /usr/bin/cmake /home/cxz/go2_ws/src/unitree-go2-ros2/champ/champ_config -DCMAKE_INSTALL_PREFIX=/home/cxz/go2_ws/install/champ_config
[0.259s] DEBUG:colcon.colcon_core.event_handler.log_command:Invoking command in '/home/cxz/go2_ws/build/champ_navigation': CMAKE_PREFIX_PATH=${CMAKE_PREFIX_PATH}:/opt/ros/humble /usr/bin/cmake /home/cxz/go2_ws/src/unitree-go2-ros2/champ/champ_navigation -DCMAKE_INSTALL_PREFIX=/home/cxz/go2_ws/install/champ_navigation
[0.260s] DEBUG:colcon.colcon_core.event_handler.log_command:Invoking command in '/home/cxz/go2_ws/build/champ_teleop': CMAKE_PREFIX_PATH=${CMAKE_PREFIX_PATH}:/opt/ros/humble /usr/bin/cmake /home/cxz/go2_ws/src/unitree-go2-ros2/champ_teleop -DCMAKE_INSTALL_PREFIX=/home/cxz/go2_ws/install/champ_teleop
[0.261s] DEBUG:colcon.colcon_core.event_handler.log_command:Invoking command in '/home/cxz/go2_ws/build/go2_config': CMAKE_PREFIX_PATH=${CMAKE_PREFIX_PATH}:/opt/ros/humble /usr/bin/cmake /home/cxz/go2_ws/src/unitree-go2-ros2/robots/configs/go2_config -DCMAKE_INSTALL_PREFIX=/home/cxz/go2_ws/install/go2_config
[0.262s] DEBUG:colcon.colcon_core.event_handler.log_command:Invoking command in '/home/cxz/go2_ws/build/go2_description': CMAKE_PREFIX_PATH=${CMAKE_PREFIX_PATH}:/opt/ros/humble /usr/bin/cmake /home/cxz/go2_ws/src/unitree-go2-ros2/robots/descriptions/go2_description -DCMAKE_INSTALL_PREFIX=/home/cxz/go2_ws/install/go2_description
[0.264s] DEBUG:colcon.colcon_core.event_handler.log_command:Invoking command in '/home/cxz/go2_ws/build/m20_config': CMAKE_PREFIX_PATH=${CMAKE_PREFIX_PATH}:/opt/ros/humble /usr/bin/cmake /home/cxz/go2_ws/src/unitree-go2-ros2/robots/configs/m20_config -DCMAKE_INSTALL_PREFIX=/home/cxz/go2_ws/install/m20_config
[0.265s] DEBUG:colcon.colcon_core.event_handler.log_command:Invoking command in '/home/cxz/go2_ws/build/m20_description': CMAKE_PREFIX_PATH=${CMAKE_PREFIX_PATH}:/opt/ros/humble /usr/bin/cmake /home/cxz/go2_ws/src/unitree-go2-ros2/robots/descriptions/m20_description -DCMAKE_INSTALL_PREFIX=/home/cxz/go2_ws/install/m20_description
[0.266s] DEBUG:colcon.colcon_core.event_handler.log_command:Invoking command in '/home/cxz/go2_ws/build/teleop_twist_keyboard': CMAKE_PREFIX_PATH=${CMAKE_PREFIX_PATH}:/opt/ros/humble /usr/bin/cmake /home/cxz/go2_ws/src/teleop_twist_keyboard -DCMAKE_INSTALL_PREFIX=/home/cxz/go2_ws/install/teleop_twist_keyboard
[0.679s] DEBUG:colcon.colcon_core.event_handler.log_command:Invoked command in '/home/cxz/go2_ws/build/champ_description' returned '0': CMAKE_PREFIX_PATH=${CMAKE_PREFIX_PATH}:/opt/ros/humble /usr/bin/cmake /home/cxz/go2_ws/src/unitree-go2-ros2/champ/champ_description -DCMAKE_INSTALL_PREFIX=/home/cxz/go2_ws/install/champ_description
[0.684s] DEBUG:colcon.colcon_core.event_handler.log_command:Invoking command in '/home/cxz/go2_ws/build/champ_description': CMAKE_PREFIX_PATH=${CMAKE_PREFIX_PATH}:/opt/ros/humble /usr/bin/cmake --build /home/cxz/go2_ws/build/champ_description -- -j32 -l32
[0.685s] DEBUG:colcon.colcon_core.event_handler.log_command:Invoked command in '/home/cxz/go2_ws/build/champ_teleop' returned '0': CMAKE_PREFIX_PATH=${CMAKE_PREFIX_PATH}:/opt/ros/humble /usr/bin/cmake /home/cxz/go2_ws/src/unitree-go2-ros2/champ_teleop -DCMAKE_INSTALL_PREFIX=/home/cxz/go2_ws/install/champ_teleop
[0.687s] DEBUG:colcon.colcon_core.event_handler.log_command:Invoking command in '/home/cxz/go2_ws/build/champ_teleop': CMAKE_PREFIX_PATH=${CMAKE_PREFIX_PATH}:/opt/ros/humble /usr/bin/cmake --build /home/cxz/go2_ws/build/champ_teleop -- -j32 -l32
[0.692s] DEBUG:colcon.colcon_core.event_handler.log_command:Invoked command in '/home/cxz/go2_ws/build/champ_navigation' returned '0': CMAKE_PREFIX_PATH=${CMAKE_PREFIX_PATH}:/opt/ros/humble /usr/bin/cmake /home/cxz/go2_ws/src/unitree-go2-ros2/champ/champ_navigation -DCMAKE_INSTALL_PREFIX=/home/cxz/go2_ws/install/champ_navigation
[0.693s] DEBUG:colcon.colcon_core.event_handler.log_command:Invoking command in '/home/cxz/go2_ws/build/champ_navigation': CMAKE_PREFIX_PATH=${CMAKE_PREFIX_PATH}:/opt/ros/humble /usr/bin/cmake --build /home/cxz/go2_ws/build/champ_navigation -- -j32 -l32
[0.694s] DEBUG:colcon.colcon_core.event_handler.log_command:Invoked command in '/home/cxz/go2_ws/build/m20_config' returned '0': CMAKE_PREFIX_PATH=${CMAKE_PREFIX_PATH}:/opt/ros/humble /usr/bin/cmake /home/cxz/go2_ws/src/unitree-go2-ros2/robots/configs/m20_config -DCMAKE_INSTALL_PREFIX=/home/cxz/go2_ws/install/m20_config
[0.695s] DEBUG:colcon.colcon_core.event_handler.log_command:Invoking command in '/home/cxz/go2_ws/build/m20_config': CMAKE_PREFIX_PATH=${CMAKE_PREFIX_PATH}:/opt/ros/humble /usr/bin/cmake --build /home/cxz/go2_ws/build/m20_config -- -j32 -l32
[0.699s] DEBUG:colcon.colcon_core.event_handler.log_command:Invoked command in '/home/cxz/go2_ws/build/champ_config' returned '0': CMAKE_PREFIX_PATH=${CMAKE_PREFIX_PATH}:/opt/ros/humble /usr/bin/cmake /home/cxz/go2_ws/src/unitree-go2-ros2/champ/champ_config -DCMAKE_INSTALL_PREFIX=/home/cxz/go2_ws/install/champ_config
[0.700s] DEBUG:colcon.colcon_core.event_handler.log_command:Invoking command in '/home/cxz/go2_ws/build/champ_config': CMAKE_PREFIX_PATH=${CMAKE_PREFIX_PATH}:/opt/ros/humble /usr/bin/cmake --build /home/cxz/go2_ws/build/champ_config -- -j32 -l32
[0.702s] DEBUG:colcon.colcon_core.event_handler.log_command:Invoked command in '/home/cxz/go2_ws/build/m20_description' returned '0': CMAKE_PREFIX_PATH=${CMAKE_PREFIX_PATH}:/opt/ros/humble /usr/bin/cmake /home/cxz/go2_ws/src/unitree-go2-ros2/robots/descriptions/m20_description -DCMAKE_INSTALL_PREFIX=/home/cxz/go2_ws/install/m20_description
[0.703s] DEBUG:colcon.colcon_core.event_handler.log_command:Invoking command in '/home/cxz/go2_ws/build/m20_description': CMAKE_PREFIX_PATH=${CMAKE_PREFIX_PATH}:/opt/ros/humble /usr/bin/cmake --build /home/cxz/go2_ws/build/m20_description -- -j32 -l32
[0.712s] DEBUG:colcon.colcon_core.event_handler.log_command:Invoked command in '/home/cxz/go2_ws/build/champ_description' returned '0': CMAKE_PREFIX_PATH=${CMAKE_PREFIX_PATH}:/opt/ros/humble /usr/bin/cmake --build /home/cxz/go2_ws/build/champ_description -- -j32 -l32
[0.720s] DEBUG:colcon.colcon_core.event_handler.log_command:Invoking command in '/home/cxz/go2_ws/build/champ_description': CMAKE_PREFIX_PATH=${CMAKE_PREFIX_PATH}:/opt/ros/humble /usr/bin/cmake --install /home/cxz/go2_ws/build/champ_description
[0.721s] DEBUG:colcon.colcon_core.event_handler.log_command:Invoked command in '/home/cxz/go2_ws/build/champ_teleop' returned '0': CMAKE_PREFIX_PATH=${CMAKE_PREFIX_PATH}:/opt/ros/humble /usr/bin/cmake --build /home/cxz/go2_ws/build/champ_teleop -- -j32 -l32
[0.722s] DEBUG:colcon.colcon_core.event_handler.log_command:Invoking command in '/home/cxz/go2_ws/build/champ_teleop': CMAKE_PREFIX_PATH=${CMAKE_PREFIX_PATH}:/opt/ros/humble /usr/bin/cmake --install /home/cxz/go2_ws/build/champ_teleop
[0.723s] DEBUG:colcon.colcon_core.event_handler.log_command:Invoked command in '/home/cxz/go2_ws/build/go2_description' returned '0': CMAKE_PREFIX_PATH=${CMAKE_PREFIX_PATH}:/opt/ros/humble /usr/bin/cmake /home/cxz/go2_ws/src/unitree-go2-ros2/robots/descriptions/go2_description -DCMAKE_INSTALL_PREFIX=/home/cxz/go2_ws/install/go2_description
[0.724s] DEBUG:colcon.colcon_core.event_handler.log_command:Invoking command in '/home/cxz/go2_ws/build/go2_description': CMAKE_PREFIX_PATH=${CMAKE_PREFIX_PATH}:/opt/ros/humble /usr/bin/cmake --build /home/cxz/go2_ws/build/go2_description -- -j32 -l32
[0.724s] DEBUG:colcon.colcon_core.event_handler.log_command:Invoked command in '/home/cxz/go2_ws/build/champ_navigation' returned '0': CMAKE_PREFIX_PATH=${CMAKE_PREFIX_PATH}:/opt/ros/humble /usr/bin/cmake --build /home/cxz/go2_ws/build/champ_navigation -- -j32 -l32
[0.726s] DEBUG:colcon.colcon_core.event_handler.log_command:Invoking command in '/home/cxz/go2_ws/build/champ_navigation': CMAKE_PREFIX_PATH=${CMAKE_PREFIX_PATH}:/opt/ros/humble /usr/bin/cmake --install /home/cxz/go2_ws/build/champ_navigation
[0.727s] DEBUG:colcon.colcon_core.event_handler.log_command:Invoked command in '/home/cxz/go2_ws/build/m20_config' returned '0': CMAKE_PREFIX_PATH=${CMAKE_PREFIX_PATH}:/opt/ros/humble /usr/bin/cmake --build /home/cxz/go2_ws/build/m20_config -- -j32 -l32
[0.734s] DEBUG:colcon.colcon_core.event_handler.log_command:Invoking command in '/home/cxz/go2_ws/build/m20_config': CMAKE_PREFIX_PATH=${CMAKE_PREFIX_PATH}:/opt/ros/humble /usr/bin/cmake --install /home/cxz/go2_ws/build/m20_config
[0.737s] DEBUG:colcon.colcon_core.event_handler.log_command:Invoked command in '/home/cxz/go2_ws/build/champ_config' returned '0': CMAKE_PREFIX_PATH=${CMAKE_PREFIX_PATH}:/opt/ros/humble /usr/bin/cmake --build /home/cxz/go2_ws/build/champ_config -- -j32 -l32
[0.737s] Level 1:colcon.colcon_core.environment:create_environment_scripts_only(champ_description)
[0.739s] DEBUG:colcon.colcon_core.event_handler.log_command:Invoking command in '/home/cxz/go2_ws/build/champ_config': CMAKE_PREFIX_PATH=${CMAKE_PREFIX_PATH}:/opt/ros/humble /usr/bin/cmake --install /home/cxz/go2_ws/build/champ_config
[0.739s] DEBUG:colcon.colcon_core.event_handler.log_command:Invoked command in '/home/cxz/go2_ws/build/go2_config' returned '0': CMAKE_PREFIX_PATH=${CMAKE_PREFIX_PATH}:/opt/ros/humble /usr/bin/cmake /home/cxz/go2_ws/src/unitree-go2-ros2/robots/configs/go2_config -DCMAKE_INSTALL_PREFIX=/home/cxz/go2_ws/install/go2_config
[0.740s] DEBUG:colcon.colcon_core.event_handler.log_command:Invoking command in '/home/cxz/go2_ws/build/go2_config': CMAKE_PREFIX_PATH=${CMAKE_PREFIX_PATH}:/opt/ros/humble /usr/bin/cmake --build /home/cxz/go2_ws/build/go2_config -- -j32 -l32
[0.740s] DEBUG:colcon.colcon_core.event_handler.log_command:Invoked command in '/home/cxz/go2_ws/build/m20_description' returned '0': CMAKE_PREFIX_PATH=${CMAKE_PREFIX_PATH}:/opt/ros/humble /usr/bin/cmake --build /home/cxz/go2_ws/build/m20_description -- -j32 -l32
[0.741s] DEBUG:colcon.colcon_core.event_handler.log_command:Invoking command in '/home/cxz/go2_ws/build/m20_description': CMAKE_PREFIX_PATH=${CMAKE_PREFIX_PATH}:/opt/ros/humble /usr/bin/cmake --install /home/cxz/go2_ws/build/m20_description
[0.742s] DEBUG:colcon.colcon_core.event_handler.log_command:Invoked command in '/home/cxz/go2_ws/build/champ_description' returned '0': CMAKE_PREFIX_PATH=${CMAKE_PREFIX_PATH}:/opt/ros/humble /usr/bin/cmake --install /home/cxz/go2_ws/build/champ_description
[0.745s] Level 1:colcon.colcon_core.environment:checking '/home/cxz/go2_ws/install/champ_description' for CMake module files
[0.746s] Level 1:colcon.colcon_core.environment:checking '/home/cxz/go2_ws/install/champ_description' for CMake config files
[0.746s] Level 1:colcon.colcon_core.shell:create_environment_hook('champ_description', 'cmake_prefix_path')
[0.746s] INFO:colcon.colcon_core.shell:Creating environment hook '/home/cxz/go2_ws/install/champ_description/share/champ_description/hook/cmake_prefix_path.ps1'
[0.746s] INFO:colcon.colcon_core.shell:Creating environment descriptor '/home/cxz/go2_ws/install/champ_description/share/champ_description/hook/cmake_prefix_path.dsv'
[0.747s] INFO:colcon.colcon_core.shell:Creating environment hook '/home/cxz/go2_ws/install/champ_description/share/champ_description/hook/cmake_prefix_path.sh'
[0.747s] Level 1:colcon.colcon_core.environment:checking '/home/cxz/go2_ws/install/champ_description/bin'
[0.747s] Level 1:colcon.colcon_core.environment:checking '/home/cxz/go2_ws/install/champ_description/lib/pkgconfig/champ_description.pc'
[0.747s] Level 1:colcon.colcon_core.environment:checking '/home/cxz/go2_ws/install/champ_description/lib/python3.10/site-packages'
[0.748s] Level 1:colcon.colcon_core.environment:checking '/home/cxz/go2_ws/install/champ_description/bin'
[0.748s] INFO:colcon.colcon_core.shell:Creating package script '/home/cxz/go2_ws/install/champ_description/share/champ_description/package.ps1'
[0.749s] INFO:colcon.colcon_core.shell:Creating package descriptor '/home/cxz/go2_ws/install/champ_description/share/champ_description/package.dsv'
[0.749s] INFO:colcon.colcon_core.shell:Creating package script '/home/cxz/go2_ws/install/champ_description/share/champ_description/package.sh'
[0.749s] INFO:colcon.colcon_core.shell:Creating package script '/home/cxz/go2_ws/install/champ_description/share/champ_description/package.bash'
[0.750s] INFO:colcon.colcon_core.shell:Creating package script '/home/cxz/go2_ws/install/champ_description/share/champ_description/package.zsh'
[0.750s] Level 1:colcon.colcon_core.environment:create_file_with_runtime_dependencies(/home/cxz/go2_ws/install/champ_description/share/colcon-core/packages/champ_description)
[0.751s] Level 1:colcon.colcon_core.environment:create_environment_scripts_only(champ_description)
[0.751s] Level 1:colcon.colcon_core.environment:checking '/home/cxz/go2_ws/install/champ_description' for CMake module files
[0.751s] Level 1:colcon.colcon_core.environment:checking '/home/cxz/go2_ws/install/champ_description' for CMake config files
[0.751s] Level 1:colcon.colcon_core.shell:create_environment_hook('champ_description', 'cmake_prefix_path')
[0.752s] INFO:colcon.colcon_core.shell:Creating environment hook '/home/cxz/go2_ws/install/champ_description/share/champ_description/hook/cmake_prefix_path.ps1'
[0.752s] INFO:colcon.colcon_core.shell:Creating environment descriptor '/home/cxz/go2_ws/install/champ_description/share/champ_description/hook/cmake_prefix_path.dsv'
[0.752s] INFO:colcon.colcon_core.shell:Creating environment hook '/home/cxz/go2_ws/install/champ_description/share/champ_description/hook/cmake_prefix_path.sh'
[0.752s] Level 1:colcon.colcon_core.environment:checking '/home/cxz/go2_ws/install/champ_description/bin'
[0.753s] Level 1:colcon.colcon_core.environment:checking '/home/cxz/go2_ws/install/champ_description/lib/pkgconfig/champ_description.pc'
[0.753s] Level 1:colcon.colcon_core.environment:checking '/home/cxz/go2_ws/install/champ_description/lib/python3.10/site-packages'
[0.753s] Level 1:colcon.colcon_core.environment:checking '/home/cxz/go2_ws/install/champ_description/bin'
[0.753s] INFO:colcon.colcon_core.shell:Creating package script '/home/cxz/go2_ws/install/champ_description/share/champ_description/package.ps1'
[0.754s] INFO:colcon.colcon_core.shell:Creating package descriptor '/home/cxz/go2_ws/install/champ_description/share/champ_description/package.dsv'
[0.755s] INFO:colcon.colcon_core.shell:Creating package script '/home/cxz/go2_ws/install/champ_description/share/champ_description/package.sh'
[0.755s] INFO:colcon.colcon_core.shell:Creating package script '/home/cxz/go2_ws/install/champ_description/share/champ_description/package.bash'
[0.755s] INFO:colcon.colcon_core.shell:Creating package script '/home/cxz/go2_ws/install/champ_description/share/champ_description/package.zsh'
[0.755s] Level 1:colcon.colcon_core.environment:create_file_with_runtime_dependencies(/home/cxz/go2_ws/install/champ_description/share/colcon-core/packages/champ_description)
[0.755s] Level 1:colcon.colcon_core.environment:create_environment_scripts_only(champ_teleop)
[0.756s] Level 1:colcon.colcon_core.environment:checking '/home/cxz/go2_ws/install/champ_teleop' for CMake module files
[0.756s] DEBUG:colcon.colcon_core.event_handler.log_command:Invoked command in '/home/cxz/go2_ws/build/champ_teleop' returned '0': CMAKE_PREFIX_PATH=${CMAKE_PREFIX_PATH}:/opt/ros/humble /usr/bin/cmake --install /home/cxz/go2_ws/build/champ_teleop
[0.756s] Level 1:colcon.colcon_core.environment:checking '/home/cxz/go2_ws/install/champ_teleop' for CMake config files
[0.756s] Level 1:colcon.colcon_core.shell:create_environment_hook('champ_teleop', 'cmake_prefix_path')
[0.756s] INFO:colcon.colcon_core.shell:Creating environment hook '/home/cxz/go2_ws/install/champ_teleop/share/champ_teleop/hook/cmake_prefix_path.ps1'
[0.757s] INFO:colcon.colcon_core.shell:Creating environment descriptor '/home/cxz/go2_ws/install/champ_teleop/share/champ_teleop/hook/cmake_prefix_path.dsv'
[0.757s] INFO:colcon.colcon_core.shell:Creating environment hook '/home/cxz/go2_ws/install/champ_teleop/share/champ_teleop/hook/cmake_prefix_path.sh'
[0.757s] Level 1:colcon.colcon_core.environment:checking '/home/cxz/go2_ws/install/champ_teleop/lib'
[0.757s] Level 1:colcon.colcon_core.environment:checking '/home/cxz/go2_ws/install/champ_teleop/bin'
[0.757s] Level 1:colcon.colcon_core.environment:checking '/home/cxz/go2_ws/install/champ_teleop/lib/pkgconfig/champ_teleop.pc'
[0.757s] Level 1:colcon.colcon_core.environment:checking '/home/cxz/go2_ws/install/champ_teleop/lib/python3.10/site-packages'
[0.758s] Level 1:colcon.colcon_core.environment:checking '/home/cxz/go2_ws/install/champ_teleop/bin'
[0.758s] INFO:colcon.colcon_core.shell:Creating package script '/home/cxz/go2_ws/install/champ_teleop/share/champ_teleop/package.ps1'
[0.758s] INFO:colcon.colcon_core.shell:Creating package descriptor '/home/cxz/go2_ws/install/champ_teleop/share/champ_teleop/package.dsv'
[0.758s] INFO:colcon.colcon_core.shell:Creating package script '/home/cxz/go2_ws/install/champ_teleop/share/champ_teleop/package.sh'
[0.758s] INFO:colcon.colcon_core.shell:Creating package script '/home/cxz/go2_ws/install/champ_teleop/share/champ_teleop/package.bash'
[0.759s] INFO:colcon.colcon_core.shell:Creating package script '/home/cxz/go2_ws/install/champ_teleop/share/champ_teleop/package.zsh'
[0.759s] Level 1:colcon.colcon_core.environment:create_file_with_runtime_dependencies(/home/cxz/go2_ws/install/champ_teleop/share/colcon-core/packages/champ_teleop)
[0.759s] Level 1:colcon.colcon_core.environment:create_environment_scripts_only(champ_teleop)
[0.759s] Level 1:colcon.colcon_core.environment:checking '/home/cxz/go2_ws/install/champ_teleop' for CMake module files
[0.759s] Level 1:colcon.colcon_core.environment:checking '/home/cxz/go2_ws/install/champ_teleop' for CMake config files
[0.759s] Level 1:colcon.colcon_core.shell:create_environment_hook('champ_teleop', 'cmake_prefix_path')
[0.760s] INFO:colcon.colcon_core.shell:Creating environment hook '/home/cxz/go2_ws/install/champ_teleop/share/champ_teleop/hook/cmake_prefix_path.ps1'
[0.760s] INFO:colcon.colcon_core.shell:Creating environment descriptor '/home/cxz/go2_ws/install/champ_teleop/share/champ_teleop/hook/cmake_prefix_path.dsv'
[0.760s] INFO:colcon.colcon_core.shell:Creating environment hook '/home/cxz/go2_ws/install/champ_teleop/share/champ_teleop/hook/cmake_prefix_path.sh'
[0.760s] Level 1:colcon.colcon_core.environment:checking '/home/cxz/go2_ws/install/champ_teleop/lib'
[0.760s] Level 1:colcon.colcon_core.environment:checking '/home/cxz/go2_ws/install/champ_teleop/bin'
[0.760s] Level 1:colcon.colcon_core.environment:checking '/home/cxz/go2_ws/install/champ_teleop/lib/pkgconfig/champ_teleop.pc'
[0.760s] Level 1:colcon.colcon_core.environment:checking '/home/cxz/go2_ws/install/champ_teleop/lib/python3.10/site-packages'
[0.761s] Level 1:colcon.colcon_core.environment:checking '/home/cxz/go2_ws/install/champ_teleop/bin'
[0.761s] INFO:colcon.colcon_core.shell:Creating package script '/home/cxz/go2_ws/install/champ_teleop/share/champ_teleop/package.ps1'
[0.761s] INFO:colcon.colcon_core.shell:Creating package descriptor '/home/cxz/go2_ws/install/champ_teleop/share/champ_teleop/package.dsv'
[0.761s] INFO:colcon.colcon_core.shell:Creating package script '/home/cxz/go2_ws/install/champ_teleop/share/champ_teleop/package.sh'
[0.762s] INFO:colcon.colcon_core.shell:Creating package script '/home/cxz/go2_ws/install/champ_teleop/share/champ_teleop/package.bash'
[0.762s] INFO:colcon.colcon_core.shell:Creating package script '/home/cxz/go2_ws/install/champ_teleop/share/champ_teleop/package.zsh'
[0.762s] Level 1:colcon.colcon_core.environment:create_file_with_runtime_dependencies(/home/cxz/go2_ws/install/champ_teleop/share/colcon-core/packages/champ_teleop)
[0.763s] Level 1:colcon.colcon_core.environment:create_environment_scripts_only(champ_navigation)
[0.763s] Level 1:colcon.colcon_core.environment:checking '/home/cxz/go2_ws/install/champ_navigation' for CMake module files
[0.763s] DEBUG:colcon.colcon_core.event_handler.log_command:Invoked command in '/home/cxz/go2_ws/build/champ_navigation' returned '0': CMAKE_PREFIX_PATH=${CMAKE_PREFIX_PATH}:/opt/ros/humble /usr/bin/cmake --install /home/cxz/go2_ws/build/champ_navigation
[0.764s] Level 1:colcon.colcon_core.environment:checking '/home/cxz/go2_ws/install/champ_navigation' for CMake config files
[0.764s] Level 1:colcon.colcon_core.shell:create_environment_hook('champ_navigation', 'cmake_prefix_path')
[0.764s] INFO:colcon.colcon_core.shell:Creating environment hook '/home/cxz/go2_ws/install/champ_navigation/share/champ_navigation/hook/cmake_prefix_path.ps1'
[0.764s] INFO:colcon.colcon_core.shell:Creating environment descriptor '/home/cxz/go2_ws/install/champ_navigation/share/champ_navigation/hook/cmake_prefix_path.dsv'
[0.764s] INFO:colcon.colcon_core.shell:Creating environment hook '/home/cxz/go2_ws/install/champ_navigation/share/champ_navigation/hook/cmake_prefix_path.sh'
[0.764s] Level 1:colcon.colcon_core.environment:checking '/home/cxz/go2_ws/install/champ_navigation/bin'
[0.764s] Level 1:colcon.colcon_core.environment:checking '/home/cxz/go2_ws/install/champ_navigation/lib/pkgconfig/champ_navigation.pc'
[0.765s] Level 1:colcon.colcon_core.environment:checking '/home/cxz/go2_ws/install/champ_navigation/lib/python3.10/site-packages'
[0.765s] Level 1:colcon.colcon_core.environment:checking '/home/cxz/go2_ws/install/champ_navigation/bin'
[0.765s] INFO:colcon.colcon_core.shell:Creating package script '/home/cxz/go2_ws/install/champ_navigation/share/champ_navigation/package.ps1'
[0.765s] INFO:colcon.colcon_core.shell:Creating package descriptor '/home/cxz/go2_ws/install/champ_navigation/share/champ_navigation/package.dsv'
[0.765s] INFO:colcon.colcon_core.shell:Creating package script '/home/cxz/go2_ws/install/champ_navigation/share/champ_navigation/package.sh'
[0.766s] INFO:colcon.colcon_core.shell:Creating package script '/home/cxz/go2_ws/install/champ_navigation/share/champ_navigation/package.bash'
[0.766s] INFO:colcon.colcon_core.shell:Creating package script '/home/cxz/go2_ws/install/champ_navigation/share/champ_navigation/package.zsh'
[0.766s] Level 1:colcon.colcon_core.environment:create_file_with_runtime_dependencies(/home/cxz/go2_ws/install/champ_navigation/share/colcon-core/packages/champ_navigation)
[0.766s] Level 1:colcon.colcon_core.environment:create_environment_scripts_only(champ_navigation)
[0.766s] Level 1:colcon.colcon_core.environment:checking '/home/cxz/go2_ws/install/champ_navigation' for CMake module files
[0.767s] Level 1:colcon.colcon_core.environment:checking '/home/cxz/go2_ws/install/champ_navigation' for CMake config files
[0.767s] Level 1:colcon.colcon_core.shell:create_environment_hook('champ_navigation', 'cmake_prefix_path')
[0.767s] INFO:colcon.colcon_core.shell:Creating environment hook '/home/cxz/go2_ws/install/champ_navigation/share/champ_navigation/hook/cmake_prefix_path.ps1'
[0.767s] INFO:colcon.colcon_core.shell:Creating environment descriptor '/home/cxz/go2_ws/install/champ_navigation/share/champ_navigation/hook/cmake_prefix_path.dsv'
[0.767s] INFO:colcon.colcon_core.shell:Creating environment hook '/home/cxz/go2_ws/install/champ_navigation/share/champ_navigation/hook/cmake_prefix_path.sh'
[0.767s] Level 1:colcon.colcon_core.environment:checking '/home/cxz/go2_ws/install/champ_navigation/bin'
[0.767s] Level 1:colcon.colcon_core.environment:checking '/home/cxz/go2_ws/install/champ_navigation/lib/pkgconfig/champ_navigation.pc'
[0.768s] Level 1:colcon.colcon_core.environment:checking '/home/cxz/go2_ws/install/champ_navigation/lib/python3.10/site-packages'
[0.768s] Level 1:colcon.colcon_core.environment:checking '/home/cxz/go2_ws/install/champ_navigation/bin'
[0.768s] INFO:colcon.colcon_core.shell:Creating package script '/home/cxz/go2_ws/install/champ_navigation/share/champ_navigation/package.ps1'
[0.768s] INFO:colcon.colcon_core.shell:Creating package descriptor '/home/cxz/go2_ws/install/champ_navigation/share/champ_navigation/package.dsv'
[0.768s] INFO:colcon.colcon_core.shell:Creating package script '/home/cxz/go2_ws/install/champ_navigation/share/champ_navigation/package.sh'
[0.769s] INFO:colcon.colcon_core.shell:Creating package script '/home/cxz/go2_ws/install/champ_navigation/share/champ_navigation/package.bash'
[0.769s] INFO:colcon.colcon_core.shell:Creating package script '/home/cxz/go2_ws/install/champ_navigation/share/champ_navigation/package.zsh'
[0.769s] Level 1:colcon.colcon_core.environment:create_file_with_runtime_dependencies(/home/cxz/go2_ws/install/champ_navigation/share/colcon-core/packages/champ_navigation)
[0.769s] Level 1:colcon.colcon_core.environment:create_environment_scripts_only(m20_config)
[0.770s] Level 1:colcon.colcon_core.environment:checking '/home/cxz/go2_ws/install/m20_config' for CMake module files
[0.770s] DEBUG:colcon.colcon_core.event_handler.log_command:Invoked command in '/home/cxz/go2_ws/build/m20_config' returned '0': CMAKE_PREFIX_PATH=${CMAKE_PREFIX_PATH}:/opt/ros/humble /usr/bin/cmake --install /home/cxz/go2_ws/build/m20_config
[0.770s] Level 1:colcon.colcon_core.environment:checking '/home/cxz/go2_ws/install/m20_config' for CMake config files
[0.770s] Level 1:colcon.colcon_core.shell:create_environment_hook('m20_config', 'cmake_prefix_path')
[0.770s] INFO:colcon.colcon_core.shell:Creating environment hook '/home/cxz/go2_ws/install/m20_config/share/m20_config/hook/cmake_prefix_path.ps1'
[0.770s] INFO:colcon.colcon_core.shell:Creating environment descriptor '/home/cxz/go2_ws/install/m20_config/share/m20_config/hook/cmake_prefix_path.dsv'
[0.771s] INFO:colcon.colcon_core.shell:Creating environment hook '/home/cxz/go2_ws/install/m20_config/share/m20_config/hook/cmake_prefix_path.sh'
[0.771s] Level 1:colcon.colcon_core.environment:checking '/home/cxz/go2_ws/install/m20_config/bin'
[0.771s] Level 1:colcon.colcon_core.environment:checking '/home/cxz/go2_ws/install/m20_config/lib/pkgconfig/m20_config.pc'
[0.771s] Level 1:colcon.colcon_core.environment:checking '/home/cxz/go2_ws/install/m20_config/lib/python3.10/site-packages'
[0.771s] Level 1:colcon.colcon_core.environment:checking '/home/cxz/go2_ws/install/m20_config/bin'
[0.771s] INFO:colcon.colcon_core.shell:Creating package script '/home/cxz/go2_ws/install/m20_config/share/m20_config/package.ps1'
[0.772s] INFO:colcon.colcon_core.shell:Creating package descriptor '/home/cxz/go2_ws/install/m20_config/share/m20_config/package.dsv'
[0.772s] INFO:colcon.colcon_core.shell:Creating package script '/home/cxz/go2_ws/install/m20_config/share/m20_config/package.sh'
[0.772s] INFO:colcon.colcon_core.shell:Creating package script '/home/cxz/go2_ws/install/m20_config/share/m20_config/package.bash'
[0.773s] INFO:colcon.colcon_core.shell:Creating package script '/home/cxz/go2_ws/install/m20_config/share/m20_config/package.zsh'
[0.773s] Level 1:colcon.colcon_core.environment:create_file_with_runtime_dependencies(/home/cxz/go2_ws/install/m20_config/share/colcon-core/packages/m20_config)
[0.773s] Level 1:colcon.colcon_core.environment:create_environment_scripts_only(m20_config)
[0.773s] Level 1:colcon.colcon_core.environment:checking '/home/cxz/go2_ws/install/m20_config' for CMake module files
[0.773s] Level 1:colcon.colcon_core.environment:checking '/home/cxz/go2_ws/install/m20_config' for CMake config files
[0.774s] Level 1:colcon.colcon_core.shell:create_environment_hook('m20_config', 'cmake_prefix_path')
[0.774s] INFO:colcon.colcon_core.shell:Creating environment hook '/home/cxz/go2_ws/install/m20_config/share/m20_config/hook/cmake_prefix_path.ps1'
[0.774s] INFO:colcon.colcon_core.shell:Creating environment descriptor '/home/cxz/go2_ws/install/m20_config/share/m20_config/hook/cmake_prefix_path.dsv'
[0.774s] INFO:colcon.colcon_core.shell:Creating environment hook '/home/cxz/go2_ws/install/m20_config/share/m20_config/hook/cmake_prefix_path.sh'
[0.774s] Level 1:colcon.colcon_core.environment:checking '/home/cxz/go2_ws/install/m20_config/bin'
[0.774s] Level 1:colcon.colcon_core.environment:checking '/home/cxz/go2_ws/install/m20_config/lib/pkgconfig/m20_config.pc'
[0.775s] Level 1:colcon.colcon_core.environment:checking '/home/cxz/go2_ws/install/m20_config/lib/python3.10/site-packages'
[0.775s] Level 1:colcon.colcon_core.environment:checking '/home/cxz/go2_ws/install/m20_config/bin'
[0.775s] INFO:colcon.colcon_core.shell:Creating package script '/home/cxz/go2_ws/install/m20_config/share/m20_config/package.ps1'
[0.775s] INFO:colcon.colcon_core.shell:Creating package descriptor '/home/cxz/go2_ws/install/m20_config/share/m20_config/package.dsv'
[0.776s] INFO:colcon.colcon_core.shell:Creating package script '/home/cxz/go2_ws/install/m20_config/share/m20_config/package.sh'
[0.776s] INFO:colcon.colcon_core.shell:Creating package script '/home/cxz/go2_ws/install/m20_config/share/m20_config/package.bash'
[0.776s] INFO:colcon.colcon_core.shell:Creating package script '/home/cxz/go2_ws/install/m20_config/share/m20_config/package.zsh'
[0.776s] Level 1:colcon.colcon_core.environment:create_file_with_runtime_dependencies(/home/cxz/go2_ws/install/m20_config/share/colcon-core/packages/m20_config)
[0.776s] Level 1:colcon.colcon_core.environment:create_environment_scripts_only(champ_config)
[0.777s] Level 1:colcon.colcon_core.environment:checking '/home/cxz/go2_ws/install/champ_config' for CMake module files
[0.777s] DEBUG:colcon.colcon_core.event_handler.log_command:Invoked command in '/home/cxz/go2_ws/build/champ_config' returned '0': CMAKE_PREFIX_PATH=${CMAKE_PREFIX_PATH}:/opt/ros/humble /usr/bin/cmake --install /home/cxz/go2_ws/build/champ_config
[0.777s] Level 1:colcon.colcon_core.environment:checking '/home/cxz/go2_ws/install/champ_config' for CMake config files
[0.777s] Level 1:colcon.colcon_core.shell:create_environment_hook('champ_config', 'cmake_prefix_path')
[0.777s] INFO:colcon.colcon_core.shell:Creating environment hook '/home/cxz/go2_ws/install/champ_config/share/champ_config/hook/cmake_prefix_path.ps1'
[0.777s] INFO:colcon.colcon_core.shell:Creating environment descriptor '/home/cxz/go2_ws/install/champ_config/share/champ_config/hook/cmake_prefix_path.dsv'
[0.778s] INFO:colcon.colcon_core.shell:Creating environment hook '/home/cxz/go2_ws/install/champ_config/share/champ_config/hook/cmake_prefix_path.sh'
[0.778s] Level 1:colcon.colcon_core.environment:checking '/home/cxz/go2_ws/install/champ_config/bin'
[0.778s] Level 1:colcon.colcon_core.environment:checking '/home/cxz/go2_ws/install/champ_config/lib/pkgconfig/champ_config.pc'
[0.778s] Level 1:colcon.colcon_core.environment:checking '/home/cxz/go2_ws/install/champ_config/lib/python3.10/site-packages'
[0.778s] Level 1:colcon.colcon_core.environment:checking '/home/cxz/go2_ws/install/champ_config/bin'
[0.778s] INFO:colcon.colcon_core.shell:Creating package script '/home/cxz/go2_ws/install/champ_config/share/champ_config/package.ps1'
[0.779s] INFO:colcon.colcon_core.shell:Creating package descriptor '/home/cxz/go2_ws/install/champ_config/share/champ_config/package.dsv'
[0.779s] INFO:colcon.colcon_core.shell:Creating package script '/home/cxz/go2_ws/install/champ_config/share/champ_config/package.sh'
[0.779s] INFO:colcon.colcon_core.shell:Creating package script '/home/cxz/go2_ws/install/champ_config/share/champ_config/package.bash'
[0.779s] INFO:colcon.colcon_core.shell:Creating package script '/home/cxz/go2_ws/install/champ_config/share/champ_config/package.zsh'
[0.779s] Level 1:colcon.colcon_core.environment:create_file_with_runtime_dependencies(/home/cxz/go2_ws/install/champ_config/share/colcon-core/packages/champ_config)
[0.780s] Level 1:colcon.colcon_core.environment:create_environment_scripts_only(champ_config)
[0.780s] Level 1:colcon.colcon_core.environment:checking '/home/cxz/go2_ws/install/champ_config' for CMake module files
[0.780s] Level 1:colcon.colcon_core.environment:checking '/home/cxz/go2_ws/install/champ_config' for CMake config files
[0.780s] Level 1:colcon.colcon_core.shell:create_environment_hook('champ_config', 'cmake_prefix_path')
[0.780s] INFO:colcon.colcon_core.shell:Creating environment hook '/home/cxz/go2_ws/install/champ_config/share/champ_config/hook/cmake_prefix_path.ps1'
[0.781s] INFO:colcon.colcon_core.shell:Creating environment descriptor '/home/cxz/go2_ws/install/champ_config/share/champ_config/hook/cmake_prefix_path.dsv'
[0.781s] INFO:colcon.colcon_core.shell:Creating environment hook '/home/cxz/go2_ws/install/champ_config/share/champ_config/hook/cmake_prefix_path.sh'
[0.781s] Level 1:colcon.colcon_core.environment:checking '/home/cxz/go2_ws/install/champ_config/bin'
[0.781s] Level 1:colcon.colcon_core.environment:checking '/home/cxz/go2_ws/install/champ_config/lib/pkgconfig/champ_config.pc'
[0.781s] Level 1:colcon.colcon_core.environment:checking '/home/cxz/go2_ws/install/champ_config/lib/python3.10/site-packages'
[0.781s] Level 1:colcon.colcon_core.environment:checking '/home/cxz/go2_ws/install/champ_config/bin'
[0.782s] INFO:colcon.colcon_core.shell:Creating package script '/home/cxz/go2_ws/install/champ_config/share/champ_config/package.ps1'
[0.782s] INFO:colcon.colcon_core.shell:Creating package descriptor '/home/cxz/go2_ws/install/champ_config/share/champ_config/package.dsv'
[0.782s] INFO:colcon.colcon_core.shell:Creating package script '/home/cxz/go2_ws/install/champ_config/share/champ_config/package.sh'
[0.782s] INFO:colcon.colcon_core.shell:Creating package script '/home/cxz/go2_ws/install/champ_config/share/champ_config/package.bash'
[0.783s] INFO:colcon.colcon_core.shell:Creating package script '/home/cxz/go2_ws/install/champ_config/share/champ_config/package.zsh'
[0.783s] Level 1:colcon.colcon_core.environment:create_file_with_runtime_dependencies(/home/cxz/go2_ws/install/champ_config/share/colcon-core/packages/champ_config)
[0.783s] DEBUG:colcon.colcon_core.event_handler.log_command:Invoked command in '/home/cxz/go2_ws/build/go2_description' returned '0': CMAKE_PREFIX_PATH=${CMAKE_PREFIX_PATH}:/opt/ros/humble /usr/bin/cmake --build /home/cxz/go2_ws/build/go2_description -- -j32 -l32
[0.784s] DEBUG:colcon.colcon_core.event_handler.log_command:Invoking command in '/home/cxz/go2_ws/build/go2_description': CMAKE_PREFIX_PATH=${CMAKE_PREFIX_PATH}:/opt/ros/humble /usr/bin/cmake --install /home/cxz/go2_ws/build/go2_description
[0.784s] Level 1:colcon.colcon_core.environment:create_environment_scripts_only(m20_description)
[0.785s] Level 1:colcon.colcon_core.environment:checking '/home/cxz/go2_ws/install/m20_description' for CMake module files
[0.785s] DEBUG:colcon.colcon_core.event_handler.log_command:Invoked command in '/home/cxz/go2_ws/build/m20_description' returned '0': CMAKE_PREFIX_PATH=${CMAKE_PREFIX_PATH}:/opt/ros/humble /usr/bin/cmake --install /home/cxz/go2_ws/build/m20_description
[0.785s] Level 1:colcon.colcon_core.environment:checking '/home/cxz/go2_ws/install/m20_description' for CMake config files
[0.785s] Level 1:colcon.colcon_core.shell:create_environment_hook('m20_description', 'cmake_prefix_path')
[0.785s] INFO:colcon.colcon_core.shell:Creating environment hook '/home/cxz/go2_ws/install/m20_description/share/m20_description/hook/cmake_prefix_path.ps1'
[0.785s] INFO:colcon.colcon_core.shell:Creating environment descriptor '/home/cxz/go2_ws/install/m20_description/share/m20_description/hook/cmake_prefix_path.dsv'
[0.786s] INFO:colcon.colcon_core.shell:Creating environment hook '/home/cxz/go2_ws/install/m20_description/share/m20_description/hook/cmake_prefix_path.sh'
[0.786s] Level 1:colcon.colcon_core.environment:checking '/home/cxz/go2_ws/install/m20_description/bin'
[0.786s] Level 1:colcon.colcon_core.environment:checking '/home/cxz/go2_ws/install/m20_description/lib/pkgconfig/m20_description.pc'
[0.786s] Level 1:colcon.colcon_core.environment:checking '/home/cxz/go2_ws/install/m20_description/lib/python3.10/site-packages'
[0.786s] Level 1:colcon.colcon_core.environment:checking '/home/cxz/go2_ws/install/m20_description/bin'
[0.786s] INFO:colcon.colcon_core.shell:Creating package script '/home/cxz/go2_ws/install/m20_description/share/m20_description/package.ps1'
[0.787s] INFO:colcon.colcon_core.shell:Creating package descriptor '/home/cxz/go2_ws/install/m20_description/share/m20_description/package.dsv'
[0.787s] INFO:colcon.colcon_core.shell:Creating package script '/home/cxz/go2_ws/install/m20_description/share/m20_description/package.sh'
[0.787s] INFO:colcon.colcon_core.shell:Creating package script '/home/cxz/go2_ws/install/m20_description/share/m20_description/package.bash'
[0.787s] INFO:colcon.colcon_core.shell:Creating package script '/home/cxz/go2_ws/install/m20_description/share/m20_description/package.zsh'
[0.787s] Level 1:colcon.colcon_core.environment:create_file_with_runtime_dependencies(/home/cxz/go2_ws/install/m20_description/share/colcon-core/packages/m20_description)
[0.788s] Level 1:colcon.colcon_core.environment:create_environment_scripts_only(m20_description)
[0.788s] Level 1:colcon.colcon_core.environment:checking '/home/cxz/go2_ws/install/m20_description' for CMake module files
[0.788s] Level 1:colcon.colcon_core.environment:checking '/home/cxz/go2_ws/install/m20_description' for CMake config files
[0.788s] Level 1:colcon.colcon_core.shell:create_environment_hook('m20_description', 'cmake_prefix_path')
[0.788s] INFO:colcon.colcon_core.shell:Creating environment hook '/home/cxz/go2_ws/install/m20_description/share/m20_description/hook/cmake_prefix_path.ps1'
[0.789s] INFO:colcon.colcon_core.shell:Creating environment descriptor '/home/cxz/go2_ws/install/m20_description/share/m20_description/hook/cmake_prefix_path.dsv'
[0.789s] INFO:colcon.colcon_core.shell:Creating environment hook '/home/cxz/go2_ws/install/m20_description/share/m20_description/hook/cmake_prefix_path.sh'
[0.789s] Level 1:colcon.colcon_core.environment:checking '/home/cxz/go2_ws/install/m20_description/bin'
[0.789s] Level 1:colcon.colcon_core.environment:checking '/home/cxz/go2_ws/install/m20_description/lib/pkgconfig/m20_description.pc'
[0.789s] Level 1:colcon.colcon_core.environment:checking '/home/cxz/go2_ws/install/m20_description/lib/python3.10/site-packages'
[0.789s] Level 1:colcon.colcon_core.environment:checking '/home/cxz/go2_ws/install/m20_description/bin'
[0.790s] INFO:colcon.colcon_core.shell:Creating package script '/home/cxz/go2_ws/install/m20_description/share/m20_description/package.ps1'
[0.790s] INFO:colcon.colcon_core.shell:Creating package descriptor '/home/cxz/go2_ws/install/m20_description/share/m20_description/package.dsv'
[0.790s] INFO:colcon.colcon_core.shell:Creating package script '/home/cxz/go2_ws/install/m20_description/share/m20_description/package.sh'
[0.791s] INFO:colcon.colcon_core.shell:Creating package script '/home/cxz/go2_ws/install/m20_description/share/m20_description/package.bash'
[0.791s] INFO:colcon.colcon_core.shell:Creating package script '/home/cxz/go2_ws/install/m20_description/share/m20_description/package.zsh'
[0.791s] Level 1:colcon.colcon_core.environment:create_file_with_runtime_dependencies(/home/cxz/go2_ws/install/m20_description/share/colcon-core/packages/m20_description)
[0.792s] DEBUG:colcon.colcon_core.event_handler.log_command:Invoked command in '/home/cxz/go2_ws/build/go2_config' returned '0': CMAKE_PREFIX_PATH=${CMAKE_PREFIX_PATH}:/opt/ros/humble /usr/bin/cmake --build /home/cxz/go2_ws/build/go2_config -- -j32 -l32
[0.792s] DEBUG:colcon.colcon_core.event_handler.log_command:Invoking command in '/home/cxz/go2_ws/build/go2_config': CMAKE_PREFIX_PATH=${CMAKE_PREFIX_PATH}:/opt/ros/humble /usr/bin/cmake --install /home/cxz/go2_ws/build/go2_config
[0.793s] DEBUG:colcon.colcon_core.event_handler.log_command:Invoked command in '/home/cxz/go2_ws/build/teleop_twist_keyboard' returned '0': CMAKE_PREFIX_PATH=${CMAKE_PREFIX_PATH}:/opt/ros/humble /usr/bin/cmake /home/cxz/go2_ws/src/teleop_twist_keyboard -DCMAKE_INSTALL_PREFIX=/home/cxz/go2_ws/install/teleop_twist_keyboard
[0.794s] DEBUG:colcon.colcon_core.event_handler.log_command:Invoking command in '/home/cxz/go2_ws/build/teleop_twist_keyboard': CMAKE_PREFIX_PATH=${CMAKE_PREFIX_PATH}:/opt/ros/humble /usr/bin/cmake --build /home/cxz/go2_ws/build/teleop_twist_keyboard -- -j32 -l32
[0.806s] Level 1:colcon.colcon_core.environment:create_environment_scripts_only(go2_config)
[0.806s] Level 1:colcon.colcon_core.environment:checking '/home/cxz/go2_ws/install/go2_config' for CMake module files
[0.806s] DEBUG:colcon.colcon_core.event_handler.log_command:Invoked command in '/home/cxz/go2_ws/build/go2_config' returned '0': CMAKE_PREFIX_PATH=${CMAKE_PREFIX_PATH}:/opt/ros/humble /usr/bin/cmake --install /home/cxz/go2_ws/build/go2_config
[0.806s] Level 1:colcon.colcon_core.environment:checking '/home/cxz/go2_ws/install/go2_config' for CMake config files
[0.806s] Level 1:colcon.colcon_core.shell:create_environment_hook('go2_config', 'cmake_prefix_path')
[0.807s] INFO:colcon.colcon_core.shell:Creating environment hook '/home/cxz/go2_ws/install/go2_config/share/go2_config/hook/cmake_prefix_path.ps1'
[0.807s] INFO:colcon.colcon_core.shell:Creating environment descriptor '/home/cxz/go2_ws/install/go2_config/share/go2_config/hook/cmake_prefix_path.dsv'
[0.807s] INFO:colcon.colcon_core.shell:Creating environment hook '/home/cxz/go2_ws/install/go2_config/share/go2_config/hook/cmake_prefix_path.sh'
[0.807s] Level 1:colcon.colcon_core.environment:checking '/home/cxz/go2_ws/install/go2_config/bin'
[0.807s] Level 1:colcon.colcon_core.environment:checking '/home/cxz/go2_ws/install/go2_config/lib/pkgconfig/go2_config.pc'
[0.808s] Level 1:colcon.colcon_core.environment:checking '/home/cxz/go2_ws/install/go2_config/lib/python3.10/site-packages'
[0.808s] Level 1:colcon.colcon_core.environment:checking '/home/cxz/go2_ws/install/go2_config/bin'
[0.808s] INFO:colcon.colcon_core.shell:Creating package script '/home/cxz/go2_ws/install/go2_config/share/go2_config/package.ps1'
[0.808s] INFO:colcon.colcon_core.shell:Creating package descriptor '/home/cxz/go2_ws/install/go2_config/share/go2_config/package.dsv'
[0.808s] INFO:colcon.colcon_core.shell:Creating package script '/home/cxz/go2_ws/install/go2_config/share/go2_config/package.sh'
[0.809s] INFO:colcon.colcon_core.shell:Creating package script '/home/cxz/go2_ws/install/go2_config/share/go2_config/package.bash'
[0.809s] INFO:colcon.colcon_core.shell:Creating package script '/home/cxz/go2_ws/install/go2_config/share/go2_config/package.zsh'
[0.809s] Level 1:colcon.colcon_core.environment:create_file_with_runtime_dependencies(/home/cxz/go2_ws/install/go2_config/share/colcon-core/packages/go2_config)
[0.809s] Level 1:colcon.colcon_core.environment:create_environment_scripts_only(go2_config)
[0.809s] Level 1:colcon.colcon_core.environment:checking '/home/cxz/go2_ws/install/go2_config' for CMake module files
[0.810s] Level 1:colcon.colcon_core.environment:checking '/home/cxz/go2_ws/install/go2_config' for CMake config files
[0.810s] Level 1:colcon.colcon_core.shell:create_environment_hook('go2_config', 'cmake_prefix_path')
[0.810s] INFO:colcon.colcon_core.shell:Creating environment hook '/home/cxz/go2_ws/install/go2_config/share/go2_config/hook/cmake_prefix_path.ps1'
[0.810s] INFO:colcon.colcon_core.shell:Creating environment descriptor '/home/cxz/go2_ws/install/go2_config/share/go2_config/hook/cmake_prefix_path.dsv'
[0.810s] INFO:colcon.colcon_core.shell:Creating environment hook '/home/cxz/go2_ws/install/go2_config/share/go2_config/hook/cmake_prefix_path.sh'
[0.811s] Level 1:colcon.colcon_core.environment:checking '/home/cxz/go2_ws/install/go2_config/bin'
[0.811s] Level 1:colcon.colcon_core.environment:checking '/home/cxz/go2_ws/install/go2_config/lib/pkgconfig/go2_config.pc'
[0.811s] Level 1:colcon.colcon_core.environment:checking '/home/cxz/go2_ws/install/go2_config/lib/python3.10/site-packages'
[0.811s] Level 1:colcon.colcon_core.environment:checking '/home/cxz/go2_ws/install/go2_config/bin'
[0.811s] INFO:colcon.colcon_core.shell:Creating package script '/home/cxz/go2_ws/install/go2_config/share/go2_config/package.ps1'
[0.812s] INFO:colcon.colcon_core.shell:Creating package descriptor '/home/cxz/go2_ws/install/go2_config/share/go2_config/package.dsv'
[0.812s] INFO:colcon.colcon_core.shell:Creating package script '/home/cxz/go2_ws/install/go2_config/share/go2_config/package.sh'
[0.812s] INFO:colcon.colcon_core.shell:Creating package script '/home/cxz/go2_ws/install/go2_config/share/go2_config/package.bash'
[0.813s] INFO:colcon.colcon_core.shell:Creating package script '/home/cxz/go2_ws/install/go2_config/share/go2_config/package.zsh'
[0.813s] Level 1:colcon.colcon_core.environment:create_file_with_runtime_dependencies(/home/cxz/go2_ws/install/go2_config/share/colcon-core/packages/go2_config)
[0.819s] Level 1:colcon.colcon_core.environment:create_environment_scripts_only(go2_description)
[0.820s] Level 1:colcon.colcon_core.environment:checking '/home/cxz/go2_ws/install/go2_description' for CMake module files
[0.820s] DEBUG:colcon.colcon_core.event_handler.log_command:Invoked command in '/home/cxz/go2_ws/build/go2_description' returned '0': CMAKE_PREFIX_PATH=${CMAKE_PREFIX_PATH}:/opt/ros/humble /usr/bin/cmake --install /home/cxz/go2_ws/build/go2_description
[0.820s] Level 1:colcon.colcon_core.environment:checking '/home/cxz/go2_ws/install/go2_description' for CMake config files
[0.820s] Level 1:colcon.colcon_core.shell:create_environment_hook('go2_description', 'cmake_prefix_path')
[0.820s] INFO:colcon.colcon_core.shell:Creating environment hook '/home/cxz/go2_ws/install/go2_description/share/go2_description/hook/cmake_prefix_path.ps1'
[0.821s] INFO:colcon.colcon_core.shell:Creating environment descriptor '/home/cxz/go2_ws/install/go2_description/share/go2_description/hook/cmake_prefix_path.dsv'
[0.821s] INFO:colcon.colcon_core.shell:Creating environment hook '/home/cxz/go2_ws/install/go2_description/share/go2_description/hook/cmake_prefix_path.sh'
[0.821s] Level 1:colcon.colcon_core.environment:checking '/home/cxz/go2_ws/install/go2_description/bin'
[0.821s] Level 1:colcon.colcon_core.environment:checking '/home/cxz/go2_ws/install/go2_description/lib/pkgconfig/go2_description.pc'
[0.821s] Level 1:colcon.colcon_core.environment:checking '/home/cxz/go2_ws/install/go2_description/lib/python3.10/site-packages'
[0.821s] Level 1:colcon.colcon_core.environment:checking '/home/cxz/go2_ws/install/go2_description/bin'
[0.822s] INFO:colcon.colcon_core.shell:Creating package script '/home/cxz/go2_ws/install/go2_description/share/go2_description/package.ps1'
[0.822s] INFO:colcon.colcon_core.shell:Creating package descriptor '/home/cxz/go2_ws/install/go2_description/share/go2_description/package.dsv'
[0.822s] INFO:colcon.colcon_core.shell:Creating package script '/home/cxz/go2_ws/install/go2_description/share/go2_description/package.sh'
[0.822s] INFO:colcon.colcon_core.shell:Creating package script '/home/cxz/go2_ws/install/go2_description/share/go2_description/package.bash'
[0.822s] INFO:colcon.colcon_core.shell:Creating package script '/home/cxz/go2_ws/install/go2_description/share/go2_description/package.zsh'
[0.823s] Level 1:colcon.colcon_core.environment:create_file_with_runtime_dependencies(/home/cxz/go2_ws/install/go2_description/share/colcon-core/packages/go2_description)
[0.823s] Level 1:colcon.colcon_core.environment:create_environment_scripts_only(go2_description)
[0.823s] Level 1:colcon.colcon_core.environment:checking '/home/cxz/go2_ws/install/go2_description' for CMake module files
[0.823s] Level 1:colcon.colcon_core.environment:checking '/home/cxz/go2_ws/install/go2_description' for CMake config files
[0.823s] Level 1:colcon.colcon_core.shell:create_environment_hook('go2_description', 'cmake_prefix_path')
[0.823s] INFO:colcon.colcon_core.shell:Creating environment hook '/home/cxz/go2_ws/install/go2_description/share/go2_description/hook/cmake_prefix_path.ps1'
[0.824s] INFO:colcon.colcon_core.shell:Creating environment descriptor '/home/cxz/go2_ws/install/go2_description/share/go2_description/hook/cmake_prefix_path.dsv'
[0.824s] INFO:colcon.colcon_core.shell:Creating environment hook '/home/cxz/go2_ws/install/go2_description/share/go2_description/hook/cmake_prefix_path.sh'
[0.824s] Level 1:colcon.colcon_core.environment:checking '/home/cxz/go2_ws/install/go2_description/bin'
[0.824s] Level 1:colcon.colcon_core.environment:checking '/home/cxz/go2_ws/install/go2_description/lib/pkgconfig/go2_description.pc'
[0.824s] Level 1:colcon.colcon_core.environment:checking '/home/cxz/go2_ws/install/go2_description/lib/python3.10/site-packages'
[0.824s] Level 1:colcon.colcon_core.environment:checking '/home/cxz/go2_ws/install/go2_description/bin'
[0.825s] INFO:colcon.colcon_core.shell:Creating package script '/home/cxz/go2_ws/install/go2_description/share/go2_description/package.ps1'
[0.825s] INFO:colcon.colcon_core.shell:Creating package descriptor '/home/cxz/go2_ws/install/go2_description/share/go2_description/package.dsv'
[0.825s] INFO:colcon.colcon_core.shell:Creating package script '/home/cxz/go2_ws/install/go2_description/share/go2_description/package.sh'
[0.826s] INFO:colcon.colcon_core.shell:Creating package script '/home/cxz/go2_ws/install/go2_description/share/go2_description/package.bash'
[0.826s] INFO:colcon.colcon_core.shell:Creating package script '/home/cxz/go2_ws/install/go2_description/share/go2_description/package.zsh'
[0.826s] Level 1:colcon.colcon_core.environment:create_file_with_runtime_dependencies(/home/cxz/go2_ws/install/go2_description/share/colcon-core/packages/go2_description)
[0.995s] DEBUG:colcon.colcon_core.event_handler.log_command:Invoked command in '/home/cxz/go2_ws/build/teleop_twist_keyboard' returned '0': CMAKE_PREFIX_PATH=${CMAKE_PREFIX_PATH}:/opt/ros/humble /usr/bin/cmake --build /home/cxz/go2_ws/build/teleop_twist_keyboard -- -j32 -l32
[0.996s] DEBUG:colcon.colcon_core.event_handler.log_command:Invoking command in '/home/cxz/go2_ws/build/teleop_twist_keyboard': CMAKE_PREFIX_PATH=${CMAKE_PREFIX_PATH}:/opt/ros/humble /usr/bin/cmake --install /home/cxz/go2_ws/build/teleop_twist_keyboard
[1.030s] Level 1:colcon.colcon_core.environment:create_environment_scripts_only(teleop_twist_keyboard)
[1.031s] Level 1:colcon.colcon_core.environment:checking '/home/cxz/go2_ws/install/teleop_twist_keyboard' for CMake module files
[1.031s] DEBUG:colcon.colcon_core.event_handler.log_command:Invoked command in '/home/cxz/go2_ws/build/teleop_twist_keyboard' returned '0': CMAKE_PREFIX_PATH=${CMAKE_PREFIX_PATH}:/opt/ros/humble /usr/bin/cmake --install /home/cxz/go2_ws/build/teleop_twist_keyboard
[1.031s] Level 1:colcon.colcon_core.environment:checking '/home/cxz/go2_ws/install/teleop_twist_keyboard' for CMake config files
[1.031s] Level 1:colcon.colcon_core.shell:create_environment_hook('teleop_twist_keyboard', 'cmake_prefix_path')
[1.031s] INFO:colcon.colcon_core.shell:Creating environment hook '/home/cxz/go2_ws/install/teleop_twist_keyboard/share/teleop_twist_keyboard/hook/cmake_prefix_path.ps1'
[1.032s] INFO:colcon.colcon_core.shell:Creating environment descriptor '/home/cxz/go2_ws/install/teleop_twist_keyboard/share/teleop_twist_keyboard/hook/cmake_prefix_path.dsv'
[1.032s] INFO:colcon.colcon_core.shell:Creating environment hook '/home/cxz/go2_ws/install/teleop_twist_keyboard/share/teleop_twist_keyboard/hook/cmake_prefix_path.sh'
[1.032s] Level 1:colcon.colcon_core.environment:checking '/home/cxz/go2_ws/install/teleop_twist_keyboard/lib'
[1.032s] Level 1:colcon.colcon_core.environment:checking '/home/cxz/go2_ws/install/teleop_twist_keyboard/bin'
[1.032s] Level 1:colcon.colcon_core.environment:checking '/home/cxz/go2_ws/install/teleop_twist_keyboard/lib/pkgconfig/teleop_twist_keyboard.pc'
[1.032s] Level 1:colcon.colcon_core.environment:checking '/home/cxz/go2_ws/install/teleop_twist_keyboard/lib/python3.10/site-packages'
[1.033s] Level 1:colcon.colcon_core.environment:checking '/home/cxz/go2_ws/install/teleop_twist_keyboard/bin'
[1.033s] INFO:colcon.colcon_core.shell:Creating package script '/home/cxz/go2_ws/install/teleop_twist_keyboard/share/teleop_twist_keyboard/package.ps1'
[1.033s] INFO:colcon.colcon_core.shell:Creating package descriptor '/home/cxz/go2_ws/install/teleop_twist_keyboard/share/teleop_twist_keyboard/package.dsv'
[1.033s] INFO:colcon.colcon_core.shell:Creating package script '/home/cxz/go2_ws/install/teleop_twist_keyboard/share/teleop_twist_keyboard/package.sh'
[1.033s] INFO:colcon.colcon_core.shell:Creating package script '/home/cxz/go2_ws/install/teleop_twist_keyboard/share/teleop_twist_keyboard/package.bash'
[1.034s] INFO:colcon.colcon_core.shell:Creating package script '/home/cxz/go2_ws/install/teleop_twist_keyboard/share/teleop_twist_keyboard/package.zsh'
[1.034s] Level 1:colcon.colcon_core.environment:create_file_with_runtime_dependencies(/home/cxz/go2_ws/install/teleop_twist_keyboard/share/colcon-core/packages/teleop_twist_keyboard)
[1.034s] Level 1:colcon.colcon_core.environment:create_environment_scripts_only(teleop_twist_keyboard)
[1.034s] Level 1:colcon.colcon_core.environment:checking '/home/cxz/go2_ws/install/teleop_twist_keyboard' for CMake module files
[1.034s] Level 1:colcon.colcon_core.environment:checking '/home/cxz/go2_ws/install/teleop_twist_keyboard' for CMake config files
[1.035s] Level 1:colcon.colcon_core.shell:create_environment_hook('teleop_twist_keyboard', 'cmake_prefix_path')
[1.035s] INFO:colcon.colcon_core.shell:Creating environment hook '/home/cxz/go2_ws/install/teleop_twist_keyboard/share/teleop_twist_keyboard/hook/cmake_prefix_path.ps1'
[1.035s] INFO:colcon.colcon_core.shell:Creating environment descriptor '/home/cxz/go2_ws/install/teleop_twist_keyboard/share/teleop_twist_keyboard/hook/cmake_prefix_path.dsv'
[1.035s] INFO:colcon.colcon_core.shell:Creating environment hook '/home/cxz/go2_ws/install/teleop_twist_keyboard/share/teleop_twist_keyboard/hook/cmake_prefix_path.sh'
[1.035s] Level 1:colcon.colcon_core.environment:checking '/home/cxz/go2_ws/install/teleop_twist_keyboard/lib'
[1.035s] Level 1:colcon.colcon_core.environment:checking '/home/cxz/go2_ws/install/teleop_twist_keyboard/bin'
[1.035s] Level 1:colcon.colcon_core.environment:checking '/home/cxz/go2_ws/install/teleop_twist_keyboard/lib/pkgconfig/teleop_twist_keyboard.pc'
[1.036s] Level 1:colcon.colcon_core.environment:checking '/home/cxz/go2_ws/install/teleop_twist_keyboard/lib/python3.10/site-packages'
[1.036s] Level 1:colcon.colcon_core.environment:checking '/home/cxz/go2_ws/install/teleop_twist_keyboard/bin'
[1.036s] INFO:colcon.colcon_core.shell:Creating package script '/home/cxz/go2_ws/install/teleop_twist_keyboard/share/teleop_twist_keyboard/package.ps1'
[1.036s] INFO:colcon.colcon_core.shell:Creating package descriptor '/home/cxz/go2_ws/install/teleop_twist_keyboard/share/teleop_twist_keyboard/package.dsv'
[1.036s] INFO:colcon.colcon_core.shell:Creating package script '/home/cxz/go2_ws/install/teleop_twist_keyboard/share/teleop_twist_keyboard/package.sh'
[1.037s] INFO:colcon.colcon_core.shell:Creating package script '/home/cxz/go2_ws/install/teleop_twist_keyboard/share/teleop_twist_keyboard/package.bash'
[1.037s] INFO:colcon.colcon_core.shell:Creating package script '/home/cxz/go2_ws/install/teleop_twist_keyboard/share/teleop_twist_keyboard/package.zsh'
[1.037s] Level 1:colcon.colcon_core.environment:create_file_with_runtime_dependencies(/home/cxz/go2_ws/install/teleop_twist_keyboard/share/colcon-core/packages/teleop_twist_keyboard)
[1.098s] DEBUG:colcon.colcon_core.event_handler.log_command:Invoked command in '/home/cxz/go2_ws/build/champ' returned '0': CMAKE_PREFIX_PATH=${CMAKE_PREFIX_PATH}:/opt/ros/humble /usr/bin/cmake /home/cxz/go2_ws/src/unitree-go2-ros2/champ/champ -DCMAKE_INSTALL_PREFIX=/home/cxz/go2_ws/install/champ
[1.099s] DEBUG:colcon.colcon_core.event_handler.log_command:Invoking command in '/home/cxz/go2_ws/build/champ': CMAKE_PREFIX_PATH=${CMAKE_PREFIX_PATH}:/opt/ros/humble /usr/bin/cmake --build /home/cxz/go2_ws/build/champ -- -j32 -l32
[1.129s] DEBUG:colcon.colcon_core.event_handler.log_command:Invoked command in '/home/cxz/go2_ws/build/champ' returned '0': CMAKE_PREFIX_PATH=${CMAKE_PREFIX_PATH}:/opt/ros/humble /usr/bin/cmake --build /home/cxz/go2_ws/build/champ -- -j32 -l32
[1.130s] DEBUG:colcon.colcon_core.event_handler.log_command:Invoking command in '/home/cxz/go2_ws/build/champ': CMAKE_PREFIX_PATH=${CMAKE_PREFIX_PATH}:/opt/ros/humble /usr/bin/cmake --install /home/cxz/go2_ws/build/champ
[1.137s] Level 1:colcon.colcon_core.environment:create_environment_scripts_only(champ)
[1.137s] Level 1:colcon.colcon_core.environment:checking '/home/cxz/go2_ws/install/champ' for CMake module files
[1.138s] DEBUG:colcon.colcon_core.event_handler.log_command:Invoked command in '/home/cxz/go2_ws/build/champ' returned '0': CMAKE_PREFIX_PATH=${CMAKE_PREFIX_PATH}:/opt/ros/humble /usr/bin/cmake --install /home/cxz/go2_ws/build/champ
[1.138s] Level 1:colcon.colcon_core.environment:checking '/home/cxz/go2_ws/install/champ' for CMake config files
[1.138s] Level 1:colcon.colcon_core.shell:create_environment_hook('champ', 'cmake_prefix_path')
[1.139s] INFO:colcon.colcon_core.shell:Creating environment hook '/home/cxz/go2_ws/install/champ/share/champ/hook/cmake_prefix_path.ps1'
[1.139s] INFO:colcon.colcon_core.shell:Creating environment descriptor '/home/cxz/go2_ws/install/champ/share/champ/hook/cmake_prefix_path.dsv'
[1.139s] INFO:colcon.colcon_core.shell:Creating environment hook '/home/cxz/go2_ws/install/champ/share/champ/hook/cmake_prefix_path.sh'
[1.140s] Level 1:colcon.colcon_core.environment:checking '/home/cxz/go2_ws/install/champ/bin'
[1.140s] Level 1:colcon.colcon_core.environment:checking '/home/cxz/go2_ws/install/champ/lib/pkgconfig/champ.pc'
[1.140s] Level 1:colcon.colcon_core.environment:checking '/home/cxz/go2_ws/install/champ/lib/python3.10/site-packages'
[1.140s] Level 1:colcon.colcon_core.environment:checking '/home/cxz/go2_ws/install/champ/bin'
[1.141s] INFO:colcon.colcon_core.shell:Creating package script '/home/cxz/go2_ws/install/champ/share/champ/package.ps1'
[1.141s] INFO:colcon.colcon_core.shell:Creating package descriptor '/home/cxz/go2_ws/install/champ/share/champ/package.dsv'
[1.141s] INFO:colcon.colcon_core.shell:Creating package script '/home/cxz/go2_ws/install/champ/share/champ/package.sh'
[1.142s] INFO:colcon.colcon_core.shell:Creating package script '/home/cxz/go2_ws/install/champ/share/champ/package.bash'
[1.142s] INFO:colcon.colcon_core.shell:Creating package script '/home/cxz/go2_ws/install/champ/share/champ/package.zsh'
[1.142s] Level 1:colcon.colcon_core.environment:create_file_with_runtime_dependencies(/home/cxz/go2_ws/install/champ/share/colcon-core/packages/champ)
[1.142s] Level 1:colcon.colcon_core.environment:create_environment_scripts_only(champ)
[1.143s] Level 1:colcon.colcon_core.environment:checking '/home/cxz/go2_ws/install/champ' for CMake module files
[1.143s] Level 1:colcon.colcon_core.environment:checking '/home/cxz/go2_ws/install/champ' for CMake config files
[1.143s] Level 1:colcon.colcon_core.shell:create_environment_hook('champ', 'cmake_prefix_path')
[1.143s] INFO:colcon.colcon_core.shell:Creating environment hook '/home/cxz/go2_ws/install/champ/share/champ/hook/cmake_prefix_path.ps1'
[1.144s] INFO:colcon.colcon_core.shell:Creating environment descriptor '/home/cxz/go2_ws/install/champ/share/champ/hook/cmake_prefix_path.dsv'
[1.144s] INFO:colcon.colcon_core.shell:Creating environment hook '/home/cxz/go2_ws/install/champ/share/champ/hook/cmake_prefix_path.sh'
[1.144s] Level 1:colcon.colcon_core.environment:checking '/home/cxz/go2_ws/install/champ/bin'
[1.144s] Level 1:colcon.colcon_core.environment:checking '/home/cxz/go2_ws/install/champ/lib/pkgconfig/champ.pc'
[1.144s] Level 1:colcon.colcon_core.environment:checking '/home/cxz/go2_ws/install/champ/lib/python3.10/site-packages'
[1.145s] Level 1:colcon.colcon_core.environment:checking '/home/cxz/go2_ws/install/champ/bin'
[1.145s] INFO:colcon.colcon_core.shell:Creating package script '/home/cxz/go2_ws/install/champ/share/champ/package.ps1'
[1.145s] INFO:colcon.colcon_core.shell:Creating package descriptor '/home/cxz/go2_ws/install/champ/share/champ/package.dsv'
[1.145s] INFO:colcon.colcon_core.shell:Creating package script '/home/cxz/go2_ws/install/champ/share/champ/package.sh'
[1.146s] INFO:colcon.colcon_core.shell:Creating package script '/home/cxz/go2_ws/install/champ/share/champ/package.bash'
[1.146s] INFO:colcon.colcon_core.shell:Creating package script '/home/cxz/go2_ws/install/champ/share/champ/package.zsh'
[1.146s] Level 1:colcon.colcon_core.environment:create_file_with_runtime_dependencies(/home/cxz/go2_ws/install/champ/share/colcon-core/packages/champ)
[1.600s] DEBUG:colcon.colcon_core.event_handler.log_command:Invoked command in '/home/cxz/go2_ws/build/champ_msgs' returned '0': CMAKE_PREFIX_PATH=${CMAKE_PREFIX_PATH}:/opt/ros/humble /usr/bin/cmake /home/cxz/go2_ws/src/unitree-go2-ros2/champ/champ_msgs -DCMAKE_INSTALL_PREFIX=/home/cxz/go2_ws/install/champ_msgs
[1.600s] DEBUG:colcon.colcon_core.event_handler.log_command:Invoking command in '/home/cxz/go2_ws/build/champ_msgs': CMAKE_PREFIX_PATH=${CMAKE_PREFIX_PATH}:/opt/ros/humble /usr/bin/cmake --build /home/cxz/go2_ws/build/champ_msgs -- -j32 -l32
[3.695s] DEBUG:colcon.colcon_core.event_handler.log_command:Invoked command in '/home/cxz/go2_ws/build/champ_msgs' returned '0': CMAKE_PREFIX_PATH=${CMAKE_PREFIX_PATH}:/opt/ros/humble /usr/bin/cmake --build /home/cxz/go2_ws/build/champ_msgs -- -j32 -l32
[3.696s] DEBUG:colcon.colcon_core.event_handler.log_command:Invoking command in '/home/cxz/go2_ws/build/champ_msgs': CMAKE_PREFIX_PATH=${CMAKE_PREFIX_PATH}:/opt/ros/humble /usr/bin/cmake --install /home/cxz/go2_ws/build/champ_msgs
[3.760s] Level 1:colcon.colcon_core.environment:create_environment_scripts_only(champ_msgs)
[3.760s] Level 1:colcon.colcon_core.environment:checking '/home/cxz/go2_ws/install/champ_msgs' for CMake module files
[3.760s] DEBUG:colcon.colcon_core.event_handler.log_command:Invoked command in '/home/cxz/go2_ws/build/champ_msgs' returned '0': CMAKE_PREFIX_PATH=${CMAKE_PREFIX_PATH}:/opt/ros/humble /usr/bin/cmake --install /home/cxz/go2_ws/build/champ_msgs
[3.761s] Level 1:colcon.colcon_core.environment:checking '/home/cxz/go2_ws/install/champ_msgs' for CMake config files
[3.762s] Level 1:colcon.colcon_core.shell:create_environment_hook('champ_msgs', 'cmake_prefix_path')
[3.762s] INFO:colcon.colcon_core.shell:Creating environment hook '/home/cxz/go2_ws/install/champ_msgs/share/champ_msgs/hook/cmake_prefix_path.ps1'
[3.762s] INFO:colcon.colcon_core.shell:Creating environment descriptor '/home/cxz/go2_ws/install/champ_msgs/share/champ_msgs/hook/cmake_prefix_path.dsv'
[3.762s] INFO:colcon.colcon_core.shell:Creating environment hook '/home/cxz/go2_ws/install/champ_msgs/share/champ_msgs/hook/cmake_prefix_path.sh'
[3.763s] Level 1:colcon.colcon_core.environment:checking '/home/cxz/go2_ws/install/champ_msgs/lib'
[3.763s] Level 1:colcon.colcon_core.shell:create_environment_hook('champ_msgs', 'ld_library_path_lib')
[3.763s] INFO:colcon.colcon_core.shell:Creating environment hook '/home/cxz/go2_ws/install/champ_msgs/share/champ_msgs/hook/ld_library_path_lib.ps1'
[3.764s] INFO:colcon.colcon_core.shell:Creating environment descriptor '/home/cxz/go2_ws/install/champ_msgs/share/champ_msgs/hook/ld_library_path_lib.dsv'
[3.764s] INFO:colcon.colcon_core.shell:Creating environment hook '/home/cxz/go2_ws/install/champ_msgs/share/champ_msgs/hook/ld_library_path_lib.sh'
[3.764s] Level 1:colcon.colcon_core.environment:checking '/home/cxz/go2_ws/install/champ_msgs/bin'
[3.764s] Level 1:colcon.colcon_core.environment:checking '/home/cxz/go2_ws/install/champ_msgs/lib/pkgconfig/champ_msgs.pc'
[3.765s] Level 1:colcon.colcon_core.environment:checking '/home/cxz/go2_ws/install/champ_msgs/lib/python3.10/site-packages'
[3.765s] Level 1:colcon.colcon_core.environment:checking '/home/cxz/go2_ws/install/champ_msgs/bin'
[3.765s] INFO:colcon.colcon_core.shell:Creating package script '/home/cxz/go2_ws/install/champ_msgs/share/champ_msgs/package.ps1'
[3.765s] INFO:colcon.colcon_core.shell:Creating package descriptor '/home/cxz/go2_ws/install/champ_msgs/share/champ_msgs/package.dsv'
[3.766s] INFO:colcon.colcon_core.shell:Creating package script '/home/cxz/go2_ws/install/champ_msgs/share/champ_msgs/package.sh'
[3.766s] INFO:colcon.colcon_core.shell:Creating package script '/home/cxz/go2_ws/install/champ_msgs/share/champ_msgs/package.bash'
[3.766s] INFO:colcon.colcon_core.shell:Creating package script '/home/cxz/go2_ws/install/champ_msgs/share/champ_msgs/package.zsh'
[3.766s] Level 1:colcon.colcon_core.environment:create_file_with_runtime_dependencies(/home/cxz/go2_ws/install/champ_msgs/share/colcon-core/packages/champ_msgs)
[3.766s] Level 1:colcon.colcon_core.environment:create_environment_scripts_only(champ_msgs)
[3.767s] Level 1:colcon.colcon_core.environment:checking '/home/cxz/go2_ws/install/champ_msgs' for CMake module files
[3.767s] Level 1:colcon.colcon_core.environment:checking '/home/cxz/go2_ws/install/champ_msgs' for CMake config files
[3.767s] Level 1:colcon.colcon_core.shell:create_environment_hook('champ_msgs', 'cmake_prefix_path')
[3.767s] INFO:colcon.colcon_core.shell:Creating environment hook '/home/cxz/go2_ws/install/champ_msgs/share/champ_msgs/hook/cmake_prefix_path.ps1'
[3.768s] INFO:colcon.colcon_core.shell:Creating environment descriptor '/home/cxz/go2_ws/install/champ_msgs/share/champ_msgs/hook/cmake_prefix_path.dsv'
[3.768s] INFO:colcon.colcon_core.shell:Creating environment hook '/home/cxz/go2_ws/install/champ_msgs/share/champ_msgs/hook/cmake_prefix_path.sh'
[3.768s] Level 1:colcon.colcon_core.environment:checking '/home/cxz/go2_ws/install/champ_msgs/lib'
[3.768s] Level 1:colcon.colcon_core.shell:create_environment_hook('champ_msgs', 'ld_library_path_lib')
[3.768s] INFO:colcon.colcon_core.shell:Creating environment hook '/home/cxz/go2_ws/install/champ_msgs/share/champ_msgs/hook/ld_library_path_lib.ps1'
[3.769s] INFO:colcon.colcon_core.shell:Creating environment descriptor '/home/cxz/go2_ws/install/champ_msgs/share/champ_msgs/hook/ld_library_path_lib.dsv'
[3.769s] INFO:colcon.colcon_core.shell:Creating environment hook '/home/cxz/go2_ws/install/champ_msgs/share/champ_msgs/hook/ld_library_path_lib.sh'
[3.769s] Level 1:colcon.colcon_core.environment:checking '/home/cxz/go2_ws/install/champ_msgs/bin'
[3.769s] Level 1:colcon.colcon_core.environment:checking '/home/cxz/go2_ws/install/champ_msgs/lib/pkgconfig/champ_msgs.pc'
[3.769s] Level 1:colcon.colcon_core.environment:checking '/home/cxz/go2_ws/install/champ_msgs/lib/python3.10/site-packages'
[3.769s] Level 1:colcon.colcon_core.environment:checking '/home/cxz/go2_ws/install/champ_msgs/bin'
[3.769s] INFO:colcon.colcon_core.shell:Creating package script '/home/cxz/go2_ws/install/champ_msgs/share/champ_msgs/package.ps1'
[3.770s] INFO:colcon.colcon_core.shell:Creating package descriptor '/home/cxz/go2_ws/install/champ_msgs/share/champ_msgs/package.dsv'
[3.770s] INFO:colcon.colcon_core.shell:Creating package script '/home/cxz/go2_ws/install/champ_msgs/share/champ_msgs/package.sh'
[3.770s] INFO:colcon.colcon_core.shell:Creating package script '/home/cxz/go2_ws/install/champ_msgs/share/champ_msgs/package.bash'
[3.770s] INFO:colcon.colcon_core.shell:Creating package script '/home/cxz/go2_ws/install/champ_msgs/share/champ_msgs/package.zsh'
[3.771s] Level 1:colcon.colcon_core.environment:create_file_with_runtime_dependencies(/home/cxz/go2_ws/install/champ_msgs/share/colcon-core/packages/champ_msgs)
[3.771s] INFO:colcon.colcon_ros.task.ament_cmake.build:Building ROS package in '/home/cxz/go2_ws/src/unitree-go2-ros2/champ/champ_base' with build type 'ament_cmake'
[3.771s] INFO:colcon.colcon_cmake.task.cmake.build:Building CMake package in '/home/cxz/go2_ws/src/unitree-go2-ros2/champ/champ_base'
[3.771s] INFO:colcon.colcon_core.shell:Skip shell extension 'powershell' for command environment: Not usable outside of PowerShell
[3.771s] DEBUG:colcon.colcon_core.shell:Skip shell extension 'dsv' for command environment
[3.774s] INFO:colcon.colcon_ros.task.ament_cmake.build:Building ROS package in '/home/cxz/go2_ws/src/unitree-go2-ros2/champ/champ_gazebo' with build type 'ament_cmake'
[3.774s] INFO:colcon.colcon_cmake.task.cmake.build:Building CMake package in '/home/cxz/go2_ws/src/unitree-go2-ros2/champ/champ_gazebo'
[3.774s] INFO:colcon.colcon_core.shell:Skip shell extension 'powershell' for command environment: Not usable outside of PowerShell
[3.774s] DEBUG:colcon.colcon_core.shell:Skip shell extension 'dsv' for command environment
[3.779s] DEBUG:colcon.colcon_core.event_handler.log_command:Invoking command in '/home/cxz/go2_ws/build/champ_base': CMAKE_PREFIX_PATH=/home/cxz/go2_ws/install/champ_msgs:/home/cxz/go2_ws/install/champ:/home/cxz/go2_ws/install/teleop_twist_keyboard:/home/cxz/go2_ws/install/go2_description:/home/cxz/go2_ws/install/go2_config:/home/cxz/go2_ws/install/champ_teleop:/home/cxz/go2_ws/install/champ_navigation:/home/cxz/go2_ws/install/champ_bringup:/home/cxz/go2_ws/install/champ_base:/home/cxz/go2_ws/install/champ_description:/home/cxz/go2_ws/install/champ_config:/home/cxz/go2_ws/install/champ_gazebo:/home/cxz/go2_ws/install/m20_description:/home/cxz/go2_ws/install/m20_config:/home/cxz/champ_ws/install/champ_navigation:/home/cxz/champ_ws/install/champ_gazebo:/home/cxz/champ_ws/install/champ_bringup:/home/cxz/champ_ws/install/champ_base:/home/cxz/champ_ws/install/champ_msgs:/home/cxz/champ_ws/install/champ_description:/home/cxz/champ_ws/install/champ_config:/home/cxz/champ_ws/install/champ:/opt/ros/humble LD_LIBRARY_PATH=/home/cxz/go2_ws/install/champ_msgs/lib:/home/cxz/go2_ws/install/champ_base/lib:/home/cxz/champ_ws/install/champ_base/lib:/home/cxz/champ_ws/install/champ_msgs/lib:/usr/lib/x86_64-linux-gnu/gazebo-11/plugins:/opt/ros/humble/opt/rviz_ogre_vendor/lib:/opt/ros/humble/lib/x86_64-linux-gnu:/opt/ros/humble/lib /usr/bin/cmake /home/cxz/go2_ws/src/unitree-go2-ros2/champ/champ_base -DCMAKE_INSTALL_PREFIX=/home/cxz/go2_ws/install/champ_base
[3.782s] DEBUG:colcon.colcon_core.event_handler.log_command:Invoking command in '/home/cxz/go2_ws/build/champ_gazebo': CMAKE_PREFIX_PATH=/home/cxz/go2_ws/install/champ_msgs:/home/cxz/go2_ws/install/champ:/home/cxz/go2_ws/install/teleop_twist_keyboard:/home/cxz/go2_ws/install/go2_description:/home/cxz/go2_ws/install/go2_config:/home/cxz/go2_ws/install/champ_teleop:/home/cxz/go2_ws/install/champ_navigation:/home/cxz/go2_ws/install/champ_bringup:/home/cxz/go2_ws/install/champ_base:/home/cxz/go2_ws/install/champ_description:/home/cxz/go2_ws/install/champ_config:/home/cxz/go2_ws/install/champ_gazebo:/home/cxz/go2_ws/install/m20_description:/home/cxz/go2_ws/install/m20_config:/home/cxz/champ_ws/install/champ_navigation:/home/cxz/champ_ws/install/champ_gazebo:/home/cxz/champ_ws/install/champ_bringup:/home/cxz/champ_ws/install/champ_base:/home/cxz/champ_ws/install/champ_msgs:/home/cxz/champ_ws/install/champ_description:/home/cxz/champ_ws/install/champ_config:/home/cxz/champ_ws/install/champ:/opt/ros/humble LD_LIBRARY_PATH=/home/cxz/go2_ws/install/champ_msgs/lib:/home/cxz/go2_ws/install/champ_base/lib:/home/cxz/champ_ws/install/champ_base/lib:/home/cxz/champ_ws/install/champ_msgs/lib:/usr/lib/x86_64-linux-gnu/gazebo-11/plugins:/opt/ros/humble/opt/rviz_ogre_vendor/lib:/opt/ros/humble/lib/x86_64-linux-gnu:/opt/ros/humble/lib /usr/bin/cmake /home/cxz/go2_ws/src/unitree-go2-ros2/champ/champ_gazebo -DCMAKE_INSTALL_PREFIX=/home/cxz/go2_ws/install/champ_gazebo
[4.937s] DEBUG:colcon.colcon_core.event_handler.log_command:Invoked command in '/home/cxz/go2_ws/build/champ_base' returned '0': CMAKE_PREFIX_PATH=/home/cxz/go2_ws/install/champ_msgs:/home/cxz/go2_ws/install/champ:/home/cxz/go2_ws/install/teleop_twist_keyboard:/home/cxz/go2_ws/install/go2_description:/home/cxz/go2_ws/install/go2_config:/home/cxz/go2_ws/install/champ_teleop:/home/cxz/go2_ws/install/champ_navigation:/home/cxz/go2_ws/install/champ_bringup:/home/cxz/go2_ws/install/champ_base:/home/cxz/go2_ws/install/champ_description:/home/cxz/go2_ws/install/champ_config:/home/cxz/go2_ws/install/champ_gazebo:/home/cxz/go2_ws/install/m20_description:/home/cxz/go2_ws/install/m20_config:/home/cxz/champ_ws/install/champ_navigation:/home/cxz/champ_ws/install/champ_gazebo:/home/cxz/champ_ws/install/champ_bringup:/home/cxz/champ_ws/install/champ_base:/home/cxz/champ_ws/install/champ_msgs:/home/cxz/champ_ws/install/champ_description:/home/cxz/champ_ws/install/champ_config:/home/cxz/champ_ws/install/champ:/opt/ros/humble LD_LIBRARY_PATH=/home/cxz/go2_ws/install/champ_msgs/lib:/home/cxz/go2_ws/install/champ_base/lib:/home/cxz/champ_ws/install/champ_base/lib:/home/cxz/champ_ws/install/champ_msgs/lib:/usr/lib/x86_64-linux-gnu/gazebo-11/plugins:/opt/ros/humble/opt/rviz_ogre_vendor/lib:/opt/ros/humble/lib/x86_64-linux-gnu:/opt/ros/humble/lib /usr/bin/cmake /home/cxz/go2_ws/src/unitree-go2-ros2/champ/champ_base -DCMAKE_INSTALL_PREFIX=/home/cxz/go2_ws/install/champ_base
[4.938s] DEBUG:colcon.colcon_core.event_handler.log_command:Invoking command in '/home/cxz/go2_ws/build/champ_base': CMAKE_PREFIX_PATH=/home/cxz/go2_ws/install/champ_msgs:/home/cxz/go2_ws/install/champ:/home/cxz/go2_ws/install/teleop_twist_keyboard:/home/cxz/go2_ws/install/go2_description:/home/cxz/go2_ws/install/go2_config:/home/cxz/go2_ws/install/champ_teleop:/home/cxz/go2_ws/install/champ_navigation:/home/cxz/go2_ws/install/champ_bringup:/home/cxz/go2_ws/install/champ_base:/home/cxz/go2_ws/install/champ_description:/home/cxz/go2_ws/install/champ_config:/home/cxz/go2_ws/install/champ_gazebo:/home/cxz/go2_ws/install/m20_description:/home/cxz/go2_ws/install/m20_config:/home/cxz/champ_ws/install/champ_navigation:/home/cxz/champ_ws/install/champ_gazebo:/home/cxz/champ_ws/install/champ_bringup:/home/cxz/champ_ws/install/champ_base:/home/cxz/champ_ws/install/champ_msgs:/home/cxz/champ_ws/install/champ_description:/home/cxz/champ_ws/install/champ_config:/home/cxz/champ_ws/install/champ:/opt/ros/humble LD_LIBRARY_PATH=/home/cxz/go2_ws/install/champ_msgs/lib:/home/cxz/go2_ws/install/champ_base/lib:/home/cxz/champ_ws/install/champ_base/lib:/home/cxz/champ_ws/install/champ_msgs/lib:/usr/lib/x86_64-linux-gnu/gazebo-11/plugins:/opt/ros/humble/opt/rviz_ogre_vendor/lib:/opt/ros/humble/lib/x86_64-linux-gnu:/opt/ros/humble/lib /usr/bin/cmake --build /home/cxz/go2_ws/build/champ_base -- -j32 -l32
[5.645s] DEBUG:colcon.colcon_core.event_handler.log_command:Invoked command in '/home/cxz/go2_ws/build/champ_gazebo' returned '0': CMAKE_PREFIX_PATH=/home/cxz/go2_ws/install/champ_msgs:/home/cxz/go2_ws/install/champ:/home/cxz/go2_ws/install/teleop_twist_keyboard:/home/cxz/go2_ws/install/go2_description:/home/cxz/go2_ws/install/go2_config:/home/cxz/go2_ws/install/champ_teleop:/home/cxz/go2_ws/install/champ_navigation:/home/cxz/go2_ws/install/champ_bringup:/home/cxz/go2_ws/install/champ_base:/home/cxz/go2_ws/install/champ_description:/home/cxz/go2_ws/install/champ_config:/home/cxz/go2_ws/install/champ_gazebo:/home/cxz/go2_ws/install/m20_description:/home/cxz/go2_ws/install/m20_config:/home/cxz/champ_ws/install/champ_navigation:/home/cxz/champ_ws/install/champ_gazebo:/home/cxz/champ_ws/install/champ_bringup:/home/cxz/champ_ws/install/champ_base:/home/cxz/champ_ws/install/champ_msgs:/home/cxz/champ_ws/install/champ_description:/home/cxz/champ_ws/install/champ_config:/home/cxz/champ_ws/install/champ:/opt/ros/humble LD_LIBRARY_PATH=/home/cxz/go2_ws/install/champ_msgs/lib:/home/cxz/go2_ws/install/champ_base/lib:/home/cxz/champ_ws/install/champ_base/lib:/home/cxz/champ_ws/install/champ_msgs/lib:/usr/lib/x86_64-linux-gnu/gazebo-11/plugins:/opt/ros/humble/opt/rviz_ogre_vendor/lib:/opt/ros/humble/lib/x86_64-linux-gnu:/opt/ros/humble/lib /usr/bin/cmake /home/cxz/go2_ws/src/unitree-go2-ros2/champ/champ_gazebo -DCMAKE_INSTALL_PREFIX=/home/cxz/go2_ws/install/champ_gazebo
[5.646s] DEBUG:colcon.colcon_core.event_handler.log_command:Invoking command in '/home/cxz/go2_ws/build/champ_gazebo': CMAKE_PREFIX_PATH=/home/cxz/go2_ws/install/champ_msgs:/home/cxz/go2_ws/install/champ:/home/cxz/go2_ws/install/teleop_twist_keyboard:/home/cxz/go2_ws/install/go2_description:/home/cxz/go2_ws/install/go2_config:/home/cxz/go2_ws/install/champ_teleop:/home/cxz/go2_ws/install/champ_navigation:/home/cxz/go2_ws/install/champ_bringup:/home/cxz/go2_ws/install/champ_base:/home/cxz/go2_ws/install/champ_description:/home/cxz/go2_ws/install/champ_config:/home/cxz/go2_ws/install/champ_gazebo:/home/cxz/go2_ws/install/m20_description:/home/cxz/go2_ws/install/m20_config:/home/cxz/champ_ws/install/champ_navigation:/home/cxz/champ_ws/install/champ_gazebo:/home/cxz/champ_ws/install/champ_bringup:/home/cxz/champ_ws/install/champ_base:/home/cxz/champ_ws/install/champ_msgs:/home/cxz/champ_ws/install/champ_description:/home/cxz/champ_ws/install/champ_config:/home/cxz/champ_ws/install/champ:/opt/ros/humble LD_LIBRARY_PATH=/home/cxz/go2_ws/install/champ_msgs/lib:/home/cxz/go2_ws/install/champ_base/lib:/home/cxz/champ_ws/install/champ_base/lib:/home/cxz/champ_ws/install/champ_msgs/lib:/usr/lib/x86_64-linux-gnu/gazebo-11/plugins:/opt/ros/humble/opt/rviz_ogre_vendor/lib:/opt/ros/humble/lib/x86_64-linux-gnu:/opt/ros/humble/lib /usr/bin/cmake --build /home/cxz/go2_ws/build/champ_gazebo -- -j32 -l32
[15.687s] DEBUG:colcon.colcon_core.event_handler.log_command:Invoked command in '/home/cxz/go2_ws/build/champ_gazebo' returned '0': CMAKE_PREFIX_PATH=/home/cxz/go2_ws/install/champ_msgs:/home/cxz/go2_ws/install/champ:/home/cxz/go2_ws/install/teleop_twist_keyboard:/home/cxz/go2_ws/install/go2_description:/home/cxz/go2_ws/install/go2_config:/home/cxz/go2_ws/install/champ_teleop:/home/cxz/go2_ws/install/champ_navigation:/home/cxz/go2_ws/install/champ_bringup:/home/cxz/go2_ws/install/champ_base:/home/cxz/go2_ws/install/champ_description:/home/cxz/go2_ws/install/champ_config:/home/cxz/go2_ws/install/champ_gazebo:/home/cxz/go2_ws/install/m20_description:/home/cxz/go2_ws/install/m20_config:/home/cxz/champ_ws/install/champ_navigation:/home/cxz/champ_ws/install/champ_gazebo:/home/cxz/champ_ws/install/champ_bringup:/home/cxz/champ_ws/install/champ_base:/home/cxz/champ_ws/install/champ_msgs:/home/cxz/champ_ws/install/champ_description:/home/cxz/champ_ws/install/champ_config:/home/cxz/champ_ws/install/champ:/opt/ros/humble LD_LIBRARY_PATH=/home/cxz/go2_ws/install/champ_msgs/lib:/home/cxz/go2_ws/install/champ_base/lib:/home/cxz/champ_ws/install/champ_base/lib:/home/cxz/champ_ws/install/champ_msgs/lib:/usr/lib/x86_64-linux-gnu/gazebo-11/plugins:/opt/ros/humble/opt/rviz_ogre_vendor/lib:/opt/ros/humble/lib/x86_64-linux-gnu:/opt/ros/humble/lib /usr/bin/cmake --build /home/cxz/go2_ws/build/champ_gazebo -- -j32 -l32
[15.688s] DEBUG:colcon.colcon_core.event_handler.log_command:Invoking command in '/home/cxz/go2_ws/build/champ_gazebo': CMAKE_PREFIX_PATH=/home/cxz/go2_ws/install/champ_msgs:/home/cxz/go2_ws/install/champ:/home/cxz/go2_ws/install/teleop_twist_keyboard:/home/cxz/go2_ws/install/go2_description:/home/cxz/go2_ws/install/go2_config:/home/cxz/go2_ws/install/champ_teleop:/home/cxz/go2_ws/install/champ_navigation:/home/cxz/go2_ws/install/champ_bringup:/home/cxz/go2_ws/install/champ_base:/home/cxz/go2_ws/install/champ_description:/home/cxz/go2_ws/install/champ_config:/home/cxz/go2_ws/install/champ_gazebo:/home/cxz/go2_ws/install/m20_description:/home/cxz/go2_ws/install/m20_config:/home/cxz/champ_ws/install/champ_navigation:/home/cxz/champ_ws/install/champ_gazebo:/home/cxz/champ_ws/install/champ_bringup:/home/cxz/champ_ws/install/champ_base:/home/cxz/champ_ws/install/champ_msgs:/home/cxz/champ_ws/install/champ_description:/home/cxz/champ_ws/install/champ_config:/home/cxz/champ_ws/install/champ:/opt/ros/humble LD_LIBRARY_PATH=/home/cxz/go2_ws/install/champ_msgs/lib:/home/cxz/go2_ws/install/champ_base/lib:/home/cxz/champ_ws/install/champ_base/lib:/home/cxz/champ_ws/install/champ_msgs/lib:/usr/lib/x86_64-linux-gnu/gazebo-11/plugins:/opt/ros/humble/opt/rviz_ogre_vendor/lib:/opt/ros/humble/lib/x86_64-linux-gnu:/opt/ros/humble/lib /usr/bin/cmake --install /home/cxz/go2_ws/build/champ_gazebo
[15.697s] Level 1:colcon.colcon_core.environment:create_environment_scripts_only(champ_gazebo)
[15.697s] Level 1:colcon.colcon_core.environment:checking '/home/cxz/go2_ws/install/champ_gazebo' for CMake module files
[15.697s] DEBUG:colcon.colcon_core.event_handler.log_command:Invoked command in '/home/cxz/go2_ws/build/champ_gazebo' returned '0': CMAKE_PREFIX_PATH=/home/cxz/go2_ws/install/champ_msgs:/home/cxz/go2_ws/install/champ:/home/cxz/go2_ws/install/teleop_twist_keyboard:/home/cxz/go2_ws/install/go2_description:/home/cxz/go2_ws/install/go2_config:/home/cxz/go2_ws/install/champ_teleop:/home/cxz/go2_ws/install/champ_navigation:/home/cxz/go2_ws/install/champ_bringup:/home/cxz/go2_ws/install/champ_base:/home/cxz/go2_ws/install/champ_description:/home/cxz/go2_ws/install/champ_config:/home/cxz/go2_ws/install/champ_gazebo:/home/cxz/go2_ws/install/m20_description:/home/cxz/go2_ws/install/m20_config:/home/cxz/champ_ws/install/champ_navigation:/home/cxz/champ_ws/install/champ_gazebo:/home/cxz/champ_ws/install/champ_bringup:/home/cxz/champ_ws/install/champ_base:/home/cxz/champ_ws/install/champ_msgs:/home/cxz/champ_ws/install/champ_description:/home/cxz/champ_ws/install/champ_config:/home/cxz/champ_ws/install/champ:/opt/ros/humble LD_LIBRARY_PATH=/home/cxz/go2_ws/install/champ_msgs/lib:/home/cxz/go2_ws/install/champ_base/lib:/home/cxz/champ_ws/install/champ_base/lib:/home/cxz/champ_ws/install/champ_msgs/lib:/usr/lib/x86_64-linux-gnu/gazebo-11/plugins:/opt/ros/humble/opt/rviz_ogre_vendor/lib:/opt/ros/humble/lib/x86_64-linux-gnu:/opt/ros/humble/lib /usr/bin/cmake --install /home/cxz/go2_ws/build/champ_gazebo
[15.697s] Level 1:colcon.colcon_core.environment:checking '/home/cxz/go2_ws/install/champ_gazebo' for CMake config files
[15.698s] Level 1:colcon.colcon_core.shell:create_environment_hook('champ_gazebo', 'cmake_prefix_path')
[15.698s] INFO:colcon.colcon_core.shell:Creating environment hook '/home/cxz/go2_ws/install/champ_gazebo/share/champ_gazebo/hook/cmake_prefix_path.ps1'
[15.698s] INFO:colcon.colcon_core.shell:Creating environment descriptor '/home/cxz/go2_ws/install/champ_gazebo/share/champ_gazebo/hook/cmake_prefix_path.dsv'
[15.698s] INFO:colcon.colcon_core.shell:Creating environment hook '/home/cxz/go2_ws/install/champ_gazebo/share/champ_gazebo/hook/cmake_prefix_path.sh'
[15.698s] Level 1:colcon.colcon_core.environment:checking '/home/cxz/go2_ws/install/champ_gazebo/lib'
[15.698s] Level 1:colcon.colcon_core.environment:checking '/home/cxz/go2_ws/install/champ_gazebo/bin'
[15.698s] Level 1:colcon.colcon_core.shell:create_environment_hook('champ_gazebo', 'path')
[15.699s] INFO:colcon.colcon_core.shell:Creating environment hook '/home/cxz/go2_ws/install/champ_gazebo/share/champ_gazebo/hook/path.ps1'
[15.699s] INFO:colcon.colcon_core.shell:Creating environment descriptor '/home/cxz/go2_ws/install/champ_gazebo/share/champ_gazebo/hook/path.dsv'
[15.699s] INFO:colcon.colcon_core.shell:Creating environment hook '/home/cxz/go2_ws/install/champ_gazebo/share/champ_gazebo/hook/path.sh'
[15.699s] Level 1:colcon.colcon_core.environment:checking '/home/cxz/go2_ws/install/champ_gazebo/lib/pkgconfig/champ_gazebo.pc'
[15.699s] Level 1:colcon.colcon_core.environment:checking '/home/cxz/go2_ws/install/champ_gazebo/lib/python3.10/site-packages'
[15.699s] Level 1:colcon.colcon_core.environment:checking '/home/cxz/go2_ws/install/champ_gazebo/bin'
[15.699s] Level 1:colcon.colcon_core.shell:create_environment_hook('champ_gazebo', 'pythonscriptspath')
[15.700s] INFO:colcon.colcon_core.shell:Creating environment hook '/home/cxz/go2_ws/install/champ_gazebo/share/champ_gazebo/hook/pythonscriptspath.ps1'
[15.700s] INFO:colcon.colcon_core.shell:Creating environment descriptor '/home/cxz/go2_ws/install/champ_gazebo/share/champ_gazebo/hook/pythonscriptspath.dsv'
[15.700s] INFO:colcon.colcon_core.shell:Creating environment hook '/home/cxz/go2_ws/install/champ_gazebo/share/champ_gazebo/hook/pythonscriptspath.sh'
[15.700s] INFO:colcon.colcon_core.shell:Creating package script '/home/cxz/go2_ws/install/champ_gazebo/share/champ_gazebo/package.ps1'
[15.701s] INFO:colcon.colcon_core.shell:Creating package descriptor '/home/cxz/go2_ws/install/champ_gazebo/share/champ_gazebo/package.dsv'
[15.701s] INFO:colcon.colcon_core.shell:Creating package script '/home/cxz/go2_ws/install/champ_gazebo/share/champ_gazebo/package.sh'
[15.701s] INFO:colcon.colcon_core.shell:Creating package script '/home/cxz/go2_ws/install/champ_gazebo/share/champ_gazebo/package.bash'
[15.701s] INFO:colcon.colcon_core.shell:Creating package script '/home/cxz/go2_ws/install/champ_gazebo/share/champ_gazebo/package.zsh'
[15.701s] Level 1:colcon.colcon_core.environment:create_file_with_runtime_dependencies(/home/cxz/go2_ws/install/champ_gazebo/share/colcon-core/packages/champ_gazebo)
[15.702s] Level 1:colcon.colcon_core.environment:create_environment_scripts_only(champ_gazebo)
[15.702s] Level 1:colcon.colcon_core.environment:checking '/home/cxz/go2_ws/install/champ_gazebo' for CMake module files
[15.702s] Level 1:colcon.colcon_core.environment:checking '/home/cxz/go2_ws/install/champ_gazebo' for CMake config files
[15.702s] Level 1:colcon.colcon_core.shell:create_environment_hook('champ_gazebo', 'cmake_prefix_path')
[15.702s] INFO:colcon.colcon_core.shell:Creating environment hook '/home/cxz/go2_ws/install/champ_gazebo/share/champ_gazebo/hook/cmake_prefix_path.ps1'
[15.703s] INFO:colcon.colcon_core.shell:Creating environment descriptor '/home/cxz/go2_ws/install/champ_gazebo/share/champ_gazebo/hook/cmake_prefix_path.dsv'
[15.703s] INFO:colcon.colcon_core.shell:Creating environment hook '/home/cxz/go2_ws/install/champ_gazebo/share/champ_gazebo/hook/cmake_prefix_path.sh'
[15.703s] Level 1:colcon.colcon_core.environment:checking '/home/cxz/go2_ws/install/champ_gazebo/lib'
[15.703s] Level 1:colcon.colcon_core.environment:checking '/home/cxz/go2_ws/install/champ_gazebo/bin'
[15.703s] Level 1:colcon.colcon_core.shell:create_environment_hook('champ_gazebo', 'path')
[15.703s] INFO:colcon.colcon_core.shell:Creating environment hook '/home/cxz/go2_ws/install/champ_gazebo/share/champ_gazebo/hook/path.ps1'
[15.703s] INFO:colcon.colcon_core.shell:Creating environment descriptor '/home/cxz/go2_ws/install/champ_gazebo/share/champ_gazebo/hook/path.dsv'
[15.704s] INFO:colcon.colcon_core.shell:Creating environment hook '/home/cxz/go2_ws/install/champ_gazebo/share/champ_gazebo/hook/path.sh'
[15.704s] Level 1:colcon.colcon_core.environment:checking '/home/cxz/go2_ws/install/champ_gazebo/lib/pkgconfig/champ_gazebo.pc'
[15.704s] Level 1:colcon.colcon_core.environment:checking '/home/cxz/go2_ws/install/champ_gazebo/lib/python3.10/site-packages'
[15.704s] Level 1:colcon.colcon_core.environment:checking '/home/cxz/go2_ws/install/champ_gazebo/bin'
[15.704s] Level 1:colcon.colcon_core.shell:create_environment_hook('champ_gazebo', 'pythonscriptspath')
[15.704s] INFO:colcon.colcon_core.shell:Creating environment hook '/home/cxz/go2_ws/install/champ_gazebo/share/champ_gazebo/hook/pythonscriptspath.ps1'
[15.704s] INFO:colcon.colcon_core.shell:Creating environment descriptor '/home/cxz/go2_ws/install/champ_gazebo/share/champ_gazebo/hook/pythonscriptspath.dsv'
[15.705s] INFO:colcon.colcon_core.shell:Creating environment hook '/home/cxz/go2_ws/install/champ_gazebo/share/champ_gazebo/hook/pythonscriptspath.sh'
[15.705s] INFO:colcon.colcon_core.shell:Creating package script '/home/cxz/go2_ws/install/champ_gazebo/share/champ_gazebo/package.ps1'
[15.705s] INFO:colcon.colcon_core.shell:Creating package descriptor '/home/cxz/go2_ws/install/champ_gazebo/share/champ_gazebo/package.dsv'
[15.706s] INFO:colcon.colcon_core.shell:Creating package script '/home/cxz/go2_ws/install/champ_gazebo/share/champ_gazebo/package.sh'
[15.706s] INFO:colcon.colcon_core.shell:Creating package script '/home/cxz/go2_ws/install/champ_gazebo/share/champ_gazebo/package.bash'
[15.706s] INFO:colcon.colcon_core.shell:Creating package script '/home/cxz/go2_ws/install/champ_gazebo/share/champ_gazebo/package.zsh'
[15.706s] Level 1:colcon.colcon_core.environment:create_file_with_runtime_dependencies(/home/cxz/go2_ws/install/champ_gazebo/share/colcon-core/packages/champ_gazebo)
[20.047s] DEBUG:colcon.colcon_core.event_handler.log_command:Invoked command in '/home/cxz/go2_ws/build/champ_base' returned '0': CMAKE_PREFIX_PATH=/home/cxz/go2_ws/install/champ_msgs:/home/cxz/go2_ws/install/champ:/home/cxz/go2_ws/install/teleop_twist_keyboard:/home/cxz/go2_ws/install/go2_description:/home/cxz/go2_ws/install/go2_config:/home/cxz/go2_ws/install/champ_teleop:/home/cxz/go2_ws/install/champ_navigation:/home/cxz/go2_ws/install/champ_bringup:/home/cxz/go2_ws/install/champ_base:/home/cxz/go2_ws/install/champ_description:/home/cxz/go2_ws/install/champ_config:/home/cxz/go2_ws/install/champ_gazebo:/home/cxz/go2_ws/install/m20_description:/home/cxz/go2_ws/install/m20_config:/home/cxz/champ_ws/install/champ_navigation:/home/cxz/champ_ws/install/champ_gazebo:/home/cxz/champ_ws/install/champ_bringup:/home/cxz/champ_ws/install/champ_base:/home/cxz/champ_ws/install/champ_msgs:/home/cxz/champ_ws/install/champ_description:/home/cxz/champ_ws/install/champ_config:/home/cxz/champ_ws/install/champ:/opt/ros/humble LD_LIBRARY_PATH=/home/cxz/go2_ws/install/champ_msgs/lib:/home/cxz/go2_ws/install/champ_base/lib:/home/cxz/champ_ws/install/champ_base/lib:/home/cxz/champ_ws/install/champ_msgs/lib:/usr/lib/x86_64-linux-gnu/gazebo-11/plugins:/opt/ros/humble/opt/rviz_ogre_vendor/lib:/opt/ros/humble/lib/x86_64-linux-gnu:/opt/ros/humble/lib /usr/bin/cmake --build /home/cxz/go2_ws/build/champ_base -- -j32 -l32
[20.049s] DEBUG:colcon.colcon_core.event_handler.log_command:Invoking command in '/home/cxz/go2_ws/build/champ_base': CMAKE_PREFIX_PATH=/home/cxz/go2_ws/install/champ_msgs:/home/cxz/go2_ws/install/champ:/home/cxz/go2_ws/install/teleop_twist_keyboard:/home/cxz/go2_ws/install/go2_description:/home/cxz/go2_ws/install/go2_config:/home/cxz/go2_ws/install/champ_teleop:/home/cxz/go2_ws/install/champ_navigation:/home/cxz/go2_ws/install/champ_bringup:/home/cxz/go2_ws/install/champ_base:/home/cxz/go2_ws/install/champ_description:/home/cxz/go2_ws/install/champ_config:/home/cxz/go2_ws/install/champ_gazebo:/home/cxz/go2_ws/install/m20_description:/home/cxz/go2_ws/install/m20_config:/home/cxz/champ_ws/install/champ_navigation:/home/cxz/champ_ws/install/champ_gazebo:/home/cxz/champ_ws/install/champ_bringup:/home/cxz/champ_ws/install/champ_base:/home/cxz/champ_ws/install/champ_msgs:/home/cxz/champ_ws/install/champ_description:/home/cxz/champ_ws/install/champ_config:/home/cxz/champ_ws/install/champ:/opt/ros/humble LD_LIBRARY_PATH=/home/cxz/go2_ws/install/champ_msgs/lib:/home/cxz/go2_ws/install/champ_base/lib:/home/cxz/champ_ws/install/champ_base/lib:/home/cxz/champ_ws/install/champ_msgs/lib:/usr/lib/x86_64-linux-gnu/gazebo-11/plugins:/opt/ros/humble/opt/rviz_ogre_vendor/lib:/opt/ros/humble/lib/x86_64-linux-gnu:/opt/ros/humble/lib /usr/bin/cmake --install /home/cxz/go2_ws/build/champ_base
[20.084s] Level 1:colcon.colcon_core.environment:create_environment_scripts_only(champ_base)
[20.084s] Level 1:colcon.colcon_core.environment:checking '/home/cxz/go2_ws/install/champ_base' for CMake module files
[20.085s] DEBUG:colcon.colcon_core.event_handler.log_command:Invoked command in '/home/cxz/go2_ws/build/champ_base' returned '0': CMAKE_PREFIX_PATH=/home/cxz/go2_ws/install/champ_msgs:/home/cxz/go2_ws/install/champ:/home/cxz/go2_ws/install/teleop_twist_keyboard:/home/cxz/go2_ws/install/go2_description:/home/cxz/go2_ws/install/go2_config:/home/cxz/go2_ws/install/champ_teleop:/home/cxz/go2_ws/install/champ_navigation:/home/cxz/go2_ws/install/champ_bringup:/home/cxz/go2_ws/install/champ_base:/home/cxz/go2_ws/install/champ_description:/home/cxz/go2_ws/install/champ_config:/home/cxz/go2_ws/install/champ_gazebo:/home/cxz/go2_ws/install/m20_description:/home/cxz/go2_ws/install/m20_config:/home/cxz/champ_ws/install/champ_navigation:/home/cxz/champ_ws/install/champ_gazebo:/home/cxz/champ_ws/install/champ_bringup:/home/cxz/champ_ws/install/champ_base:/home/cxz/champ_ws/install/champ_msgs:/home/cxz/champ_ws/install/champ_description:/home/cxz/champ_ws/install/champ_config:/home/cxz/champ_ws/install/champ:/opt/ros/humble LD_LIBRARY_PATH=/home/cxz/go2_ws/install/champ_msgs/lib:/home/cxz/go2_ws/install/champ_base/lib:/home/cxz/champ_ws/install/champ_base/lib:/home/cxz/champ_ws/install/champ_msgs/lib:/usr/lib/x86_64-linux-gnu/gazebo-11/plugins:/opt/ros/humble/opt/rviz_ogre_vendor/lib:/opt/ros/humble/lib/x86_64-linux-gnu:/opt/ros/humble/lib /usr/bin/cmake --install /home/cxz/go2_ws/build/champ_base
[20.085s] Level 1:colcon.colcon_core.environment:checking '/home/cxz/go2_ws/install/champ_base' for CMake config files
[20.085s] Level 1:colcon.colcon_core.shell:create_environment_hook('champ_base', 'cmake_prefix_path')
[20.085s] INFO:colcon.colcon_core.shell:Creating environment hook '/home/cxz/go2_ws/install/champ_base/share/champ_base/hook/cmake_prefix_path.ps1'
[20.086s] INFO:colcon.colcon_core.shell:Creating environment descriptor '/home/cxz/go2_ws/install/champ_base/share/champ_base/hook/cmake_prefix_path.dsv'
[20.086s] INFO:colcon.colcon_core.shell:Creating environment hook '/home/cxz/go2_ws/install/champ_base/share/champ_base/hook/cmake_prefix_path.sh'
[20.086s] Level 1:colcon.colcon_core.environment:checking '/home/cxz/go2_ws/install/champ_base/lib'
[20.086s] Level 1:colcon.colcon_core.shell:create_environment_hook('champ_base', 'ld_library_path_lib')
[20.087s] INFO:colcon.colcon_core.shell:Creating environment hook '/home/cxz/go2_ws/install/champ_base/share/champ_base/hook/ld_library_path_lib.ps1'
[20.087s] INFO:colcon.colcon_core.shell:Creating environment descriptor '/home/cxz/go2_ws/install/champ_base/share/champ_base/hook/ld_library_path_lib.dsv'
[20.087s] INFO:colcon.colcon_core.shell:Creating environment hook '/home/cxz/go2_ws/install/champ_base/share/champ_base/hook/ld_library_path_lib.sh'
[20.087s] Level 1:colcon.colcon_core.environment:checking '/home/cxz/go2_ws/install/champ_base/bin'
[20.087s] Level 1:colcon.colcon_core.shell:create_environment_hook('champ_base', 'path')
[20.088s] INFO:colcon.colcon_core.shell:Creating environment hook '/home/cxz/go2_ws/install/champ_base/share/champ_base/hook/path.ps1'
[20.088s] INFO:colcon.colcon_core.shell:Creating environment descriptor '/home/cxz/go2_ws/install/champ_base/share/champ_base/hook/path.dsv'
[20.088s] INFO:colcon.colcon_core.shell:Creating environment hook '/home/cxz/go2_ws/install/champ_base/share/champ_base/hook/path.sh'
[20.088s] Level 1:colcon.colcon_core.environment:checking '/home/cxz/go2_ws/install/champ_base/lib/pkgconfig/champ_base.pc'
[20.088s] Level 1:colcon.colcon_core.environment:checking '/home/cxz/go2_ws/install/champ_base/lib/python3.10/site-packages'
[20.089s] Level 1:colcon.colcon_core.environment:checking '/home/cxz/go2_ws/install/champ_base/bin'
[20.089s] Level 1:colcon.colcon_core.shell:create_environment_hook('champ_base', 'pythonscriptspath')
[20.089s] INFO:colcon.colcon_core.shell:Creating environment hook '/home/cxz/go2_ws/install/champ_base/share/champ_base/hook/pythonscriptspath.ps1'
[20.089s] INFO:colcon.colcon_core.shell:Creating environment descriptor '/home/cxz/go2_ws/install/champ_base/share/champ_base/hook/pythonscriptspath.dsv'
[20.089s] INFO:colcon.colcon_core.shell:Creating environment hook '/home/cxz/go2_ws/install/champ_base/share/champ_base/hook/pythonscriptspath.sh'
[20.090s] INFO:colcon.colcon_core.shell:Creating package script '/home/cxz/go2_ws/install/champ_base/share/champ_base/package.ps1'
[20.090s] INFO:colcon.colcon_core.shell:Creating package descriptor '/home/cxz/go2_ws/install/champ_base/share/champ_base/package.dsv'
[20.091s] INFO:colcon.colcon_core.shell:Creating package script '/home/cxz/go2_ws/install/champ_base/share/champ_base/package.sh'
[20.091s] INFO:colcon.colcon_core.shell:Creating package script '/home/cxz/go2_ws/install/champ_base/share/champ_base/package.bash'
[20.091s] INFO:colcon.colcon_core.shell:Creating package script '/home/cxz/go2_ws/install/champ_base/share/champ_base/package.zsh'
[20.092s] Level 1:colcon.colcon_core.environment:create_file_with_runtime_dependencies(/home/cxz/go2_ws/install/champ_base/share/colcon-core/packages/champ_base)
[20.092s] Level 1:colcon.colcon_core.environment:create_environment_scripts_only(champ_base)
[20.092s] Level 1:colcon.colcon_core.environment:checking '/home/cxz/go2_ws/install/champ_base' for CMake module files
[20.092s] Level 1:colcon.colcon_core.environment:checking '/home/cxz/go2_ws/install/champ_base' for CMake config files
[20.093s] Level 1:colcon.colcon_core.shell:create_environment_hook('champ_base', 'cmake_prefix_path')
[20.093s] INFO:colcon.colcon_core.shell:Creating environment hook '/home/cxz/go2_ws/install/champ_base/share/champ_base/hook/cmake_prefix_path.ps1'
[20.093s] INFO:colcon.colcon_core.shell:Creating environment descriptor '/home/cxz/go2_ws/install/champ_base/share/champ_base/hook/cmake_prefix_path.dsv'
[20.093s] INFO:colcon.colcon_core.shell:Creating environment hook '/home/cxz/go2_ws/install/champ_base/share/champ_base/hook/cmake_prefix_path.sh'
[20.094s] Level 1:colcon.colcon_core.environment:checking '/home/cxz/go2_ws/install/champ_base/lib'
[20.094s] Level 1:colcon.colcon_core.shell:create_environment_hook('champ_base', 'ld_library_path_lib')
[20.094s] INFO:colcon.colcon_core.shell:Creating environment hook '/home/cxz/go2_ws/install/champ_base/share/champ_base/hook/ld_library_path_lib.ps1'
[20.094s] INFO:colcon.colcon_core.shell:Creating environment descriptor '/home/cxz/go2_ws/install/champ_base/share/champ_base/hook/ld_library_path_lib.dsv'
[20.094s] INFO:colcon.colcon_core.shell:Creating environment hook '/home/cxz/go2_ws/install/champ_base/share/champ_base/hook/ld_library_path_lib.sh'
[20.095s] Level 1:colcon.colcon_core.environment:checking '/home/cxz/go2_ws/install/champ_base/bin'
[20.095s] Level 1:colcon.colcon_core.shell:create_environment_hook('champ_base', 'path')
[20.095s] INFO:colcon.colcon_core.shell:Creating environment hook '/home/cxz/go2_ws/install/champ_base/share/champ_base/hook/path.ps1'
[20.095s] INFO:colcon.colcon_core.shell:Creating environment descriptor '/home/cxz/go2_ws/install/champ_base/share/champ_base/hook/path.dsv'
[20.095s] INFO:colcon.colcon_core.shell:Creating environment hook '/home/cxz/go2_ws/install/champ_base/share/champ_base/hook/path.sh'
[20.096s] Level 1:colcon.colcon_core.environment:checking '/home/cxz/go2_ws/install/champ_base/lib/pkgconfig/champ_base.pc'
[20.096s] Level 1:colcon.colcon_core.environment:checking '/home/cxz/go2_ws/install/champ_base/lib/python3.10/site-packages'
[20.096s] Level 1:colcon.colcon_core.environment:checking '/home/cxz/go2_ws/install/champ_base/bin'
[20.096s] Level 1:colcon.colcon_core.shell:create_environment_hook('champ_base', 'pythonscriptspath')
[20.096s] INFO:colcon.colcon_core.shell:Creating environment hook '/home/cxz/go2_ws/install/champ_base/share/champ_base/hook/pythonscriptspath.ps1'
[20.097s] INFO:colcon.colcon_core.shell:Creating environment descriptor '/home/cxz/go2_ws/install/champ_base/share/champ_base/hook/pythonscriptspath.dsv'
[20.097s] INFO:colcon.colcon_core.shell:Creating environment hook '/home/cxz/go2_ws/install/champ_base/share/champ_base/hook/pythonscriptspath.sh'
[20.097s] INFO:colcon.colcon_core.shell:Creating package script '/home/cxz/go2_ws/install/champ_base/share/champ_base/package.ps1'
[20.098s] INFO:colcon.colcon_core.shell:Creating package descriptor '/home/cxz/go2_ws/install/champ_base/share/champ_base/package.dsv'
[20.098s] INFO:colcon.colcon_core.shell:Creating package script '/home/cxz/go2_ws/install/champ_base/share/champ_base/package.sh'
[20.099s] INFO:colcon.colcon_core.shell:Creating package script '/home/cxz/go2_ws/install/champ_base/share/champ_base/package.bash'
[20.099s] INFO:colcon.colcon_core.shell:Creating package script '/home/cxz/go2_ws/install/champ_base/share/champ_base/package.zsh'
[20.099s] Level 1:colcon.colcon_core.environment:create_file_with_runtime_dependencies(/home/cxz/go2_ws/install/champ_base/share/colcon-core/packages/champ_base)
[20.099s] INFO:colcon.colcon_ros.task.ament_cmake.build:Building ROS package in '/home/cxz/go2_ws/src/unitree-go2-ros2/champ/champ_bringup' with build type 'ament_cmake'
[20.099s] INFO:colcon.colcon_cmake.task.cmake.build:Building CMake package in '/home/cxz/go2_ws/src/unitree-go2-ros2/champ/champ_bringup'
[20.100s] INFO:colcon.colcon_core.shell:Skip shell extension 'powershell' for command environment: Not usable outside of PowerShell
[20.100s] DEBUG:colcon.colcon_core.shell:Skip shell extension 'dsv' for command environment
[20.111s] DEBUG:colcon.colcon_core.event_handler.log_command:Invoking command in '/home/cxz/go2_ws/build/champ_bringup': CMAKE_PREFIX_PATH=/home/cxz/go2_ws/install/champ_base:/home/cxz/go2_ws/install/champ_msgs:/home/cxz/go2_ws/install/champ_description:/home/cxz/go2_ws/install/champ:/home/cxz/go2_ws/install/teleop_twist_keyboard:/home/cxz/go2_ws/install/go2_description:/home/cxz/go2_ws/install/go2_config:/home/cxz/go2_ws/install/champ_teleop:/home/cxz/go2_ws/install/champ_navigation:/home/cxz/go2_ws/install/champ_bringup:/home/cxz/go2_ws/install/champ_config:/home/cxz/go2_ws/install/champ_gazebo:/home/cxz/go2_ws/install/m20_description:/home/cxz/go2_ws/install/m20_config:/home/cxz/champ_ws/install/champ_navigation:/home/cxz/champ_ws/install/champ_gazebo:/home/cxz/champ_ws/install/champ_bringup:/home/cxz/champ_ws/install/champ_base:/home/cxz/champ_ws/install/champ_msgs:/home/cxz/champ_ws/install/champ_description:/home/cxz/champ_ws/install/champ_config:/home/cxz/champ_ws/install/champ:/opt/ros/humble PATH=/home/cxz/go2_ws/install/champ_base/bin:/home/cxz/go2_ws/install/champ_gazebo/bin:/home/cxz/.nvm/versions/node/v20.20.2/bin:/home/cxz/champ_ws/install/champ_gazebo/bin:/home/cxz/champ_ws/install/champ_base/bin:/opt/ros/humble/bin:/home/cxz/miniconda3/condabin:/usr/local/sbin:/usr/local/bin:/usr/sbin:/usr/bin:/sbin:/bin:/usr/games:/usr/local/games:/snap/bin:/snap/bin /usr/bin/cmake /home/cxz/go2_ws/src/unitree-go2-ros2/champ/champ_bringup -DCMAKE_INSTALL_PREFIX=/home/cxz/go2_ws/install/champ_bringup
[20.830s] DEBUG:colcon.colcon_core.event_handler.log_command:Invoked command in '/home/cxz/go2_ws/build/champ_bringup' returned '0': CMAKE_PREFIX_PATH=/home/cxz/go2_ws/install/champ_base:/home/cxz/go2_ws/install/champ_msgs:/home/cxz/go2_ws/install/champ_description:/home/cxz/go2_ws/install/champ:/home/cxz/go2_ws/install/teleop_twist_keyboard:/home/cxz/go2_ws/install/go2_description:/home/cxz/go2_ws/install/go2_config:/home/cxz/go2_ws/install/champ_teleop:/home/cxz/go2_ws/install/champ_navigation:/home/cxz/go2_ws/install/champ_bringup:/home/cxz/go2_ws/install/champ_config:/home/cxz/go2_ws/install/champ_gazebo:/home/cxz/go2_ws/install/m20_description:/home/cxz/go2_ws/install/m20_config:/home/cxz/champ_ws/install/champ_navigation:/home/cxz/champ_ws/install/champ_gazebo:/home/cxz/champ_ws/install/champ_bringup:/home/cxz/champ_ws/install/champ_base:/home/cxz/champ_ws/install/champ_msgs:/home/cxz/champ_ws/install/champ_description:/home/cxz/champ_ws/install/champ_config:/home/cxz/champ_ws/install/champ:/opt/ros/humble PATH=/home/cxz/go2_ws/install/champ_base/bin:/home/cxz/go2_ws/install/champ_gazebo/bin:/home/cxz/.nvm/versions/node/v20.20.2/bin:/home/cxz/champ_ws/install/champ_gazebo/bin:/home/cxz/champ_ws/install/champ_base/bin:/opt/ros/humble/bin:/home/cxz/miniconda3/condabin:/usr/local/sbin:/usr/local/bin:/usr/sbin:/usr/bin:/sbin:/bin:/usr/games:/usr/local/games:/snap/bin:/snap/bin /usr/bin/cmake /home/cxz/go2_ws/src/unitree-go2-ros2/champ/champ_bringup -DCMAKE_INSTALL_PREFIX=/home/cxz/go2_ws/install/champ_bringup
[20.831s] DEBUG:colcon.colcon_core.event_handler.log_command:Invoking command in '/home/cxz/go2_ws/build/champ_bringup': CMAKE_PREFIX_PATH=/home/cxz/go2_ws/install/champ_base:/home/cxz/go2_ws/install/champ_msgs:/home/cxz/go2_ws/install/champ_description:/home/cxz/go2_ws/install/champ:/home/cxz/go2_ws/install/teleop_twist_keyboard:/home/cxz/go2_ws/install/go2_description:/home/cxz/go2_ws/install/go2_config:/home/cxz/go2_ws/install/champ_teleop:/home/cxz/go2_ws/install/champ_navigation:/home/cxz/go2_ws/install/champ_bringup:/home/cxz/go2_ws/install/champ_config:/home/cxz/go2_ws/install/champ_gazebo:/home/cxz/go2_ws/install/m20_description:/home/cxz/go2_ws/install/m20_config:/home/cxz/champ_ws/install/champ_navigation:/home/cxz/champ_ws/install/champ_gazebo:/home/cxz/champ_ws/install/champ_bringup:/home/cxz/champ_ws/install/champ_base:/home/cxz/champ_ws/install/champ_msgs:/home/cxz/champ_ws/install/champ_description:/home/cxz/champ_ws/install/champ_config:/home/cxz/champ_ws/install/champ:/opt/ros/humble PATH=/home/cxz/go2_ws/install/champ_base/bin:/home/cxz/go2_ws/install/champ_gazebo/bin:/home/cxz/.nvm/versions/node/v20.20.2/bin:/home/cxz/champ_ws/install/champ_gazebo/bin:/home/cxz/champ_ws/install/champ_base/bin:/opt/ros/humble/bin:/home/cxz/miniconda3/condabin:/usr/local/sbin:/usr/local/bin:/usr/sbin:/usr/bin:/sbin:/bin:/usr/games:/usr/local/games:/snap/bin:/snap/bin /usr/bin/cmake --build /home/cxz/go2_ws/build/champ_bringup -- -j32 -l32
[21.075s] DEBUG:colcon.colcon_core.event_handler.log_command:Invoked command in '/home/cxz/go2_ws/build/champ_bringup' returned '0': CMAKE_PREFIX_PATH=/home/cxz/go2_ws/install/champ_base:/home/cxz/go2_ws/install/champ_msgs:/home/cxz/go2_ws/install/champ_description:/home/cxz/go2_ws/install/champ:/home/cxz/go2_ws/install/teleop_twist_keyboard:/home/cxz/go2_ws/install/go2_description:/home/cxz/go2_ws/install/go2_config:/home/cxz/go2_ws/install/champ_teleop:/home/cxz/go2_ws/install/champ_navigation:/home/cxz/go2_ws/install/champ_bringup:/home/cxz/go2_ws/install/champ_config:/home/cxz/go2_ws/install/champ_gazebo:/home/cxz/go2_ws/install/m20_description:/home/cxz/go2_ws/install/m20_config:/home/cxz/champ_ws/install/champ_navigation:/home/cxz/champ_ws/install/champ_gazebo:/home/cxz/champ_ws/install/champ_bringup:/home/cxz/champ_ws/install/champ_base:/home/cxz/champ_ws/install/champ_msgs:/home/cxz/champ_ws/install/champ_description:/home/cxz/champ_ws/install/champ_config:/home/cxz/champ_ws/install/champ:/opt/ros/humble PATH=/home/cxz/go2_ws/install/champ_base/bin:/home/cxz/go2_ws/install/champ_gazebo/bin:/home/cxz/.nvm/versions/node/v20.20.2/bin:/home/cxz/champ_ws/install/champ_gazebo/bin:/home/cxz/champ_ws/install/champ_base/bin:/opt/ros/humble/bin:/home/cxz/miniconda3/condabin:/usr/local/sbin:/usr/local/bin:/usr/sbin:/usr/bin:/sbin:/bin:/usr/games:/usr/local/games:/snap/bin:/snap/bin /usr/bin/cmake --build /home/cxz/go2_ws/build/champ_bringup -- -j32 -l32
[21.076s] DEBUG:colcon.colcon_core.event_handler.log_command:Invoking command in '/home/cxz/go2_ws/build/champ_bringup': CMAKE_PREFIX_PATH=/home/cxz/go2_ws/install/champ_base:/home/cxz/go2_ws/install/champ_msgs:/home/cxz/go2_ws/install/champ_description:/home/cxz/go2_ws/install/champ:/home/cxz/go2_ws/install/teleop_twist_keyboard:/home/cxz/go2_ws/install/go2_description:/home/cxz/go2_ws/install/go2_config:/home/cxz/go2_ws/install/champ_teleop:/home/cxz/go2_ws/install/champ_navigation:/home/cxz/go2_ws/install/champ_bringup:/home/cxz/go2_ws/install/champ_config:/home/cxz/go2_ws/install/champ_gazebo:/home/cxz/go2_ws/install/m20_description:/home/cxz/go2_ws/install/m20_config:/home/cxz/champ_ws/install/champ_navigation:/home/cxz/champ_ws/install/champ_gazebo:/home/cxz/champ_ws/install/champ_bringup:/home/cxz/champ_ws/install/champ_base:/home/cxz/champ_ws/install/champ_msgs:/home/cxz/champ_ws/install/champ_description:/home/cxz/champ_ws/install/champ_config:/home/cxz/champ_ws/install/champ:/opt/ros/humble PATH=/home/cxz/go2_ws/install/champ_base/bin:/home/cxz/go2_ws/install/champ_gazebo/bin:/home/cxz/.nvm/versions/node/v20.20.2/bin:/home/cxz/champ_ws/install/champ_gazebo/bin:/home/cxz/champ_ws/install/champ_base/bin:/opt/ros/humble/bin:/home/cxz/miniconda3/condabin:/usr/local/sbin:/usr/local/bin:/usr/sbin:/usr/bin:/sbin:/bin:/usr/games:/usr/local/games:/snap/bin:/snap/bin /usr/bin/cmake --install /home/cxz/go2_ws/build/champ_bringup
[21.121s] Level 1:colcon.colcon_core.environment:create_environment_scripts_only(champ_bringup)
[21.122s] Level 1:colcon.colcon_core.environment:checking '/home/cxz/go2_ws/install/champ_bringup' for CMake module files
[21.122s] DEBUG:colcon.colcon_core.event_handler.log_command:Invoked command in '/home/cxz/go2_ws/build/champ_bringup' returned '0': CMAKE_PREFIX_PATH=/home/cxz/go2_ws/install/champ_base:/home/cxz/go2_ws/install/champ_msgs:/home/cxz/go2_ws/install/champ_description:/home/cxz/go2_ws/install/champ:/home/cxz/go2_ws/install/teleop_twist_keyboard:/home/cxz/go2_ws/install/go2_description:/home/cxz/go2_ws/install/go2_config:/home/cxz/go2_ws/install/champ_teleop:/home/cxz/go2_ws/install/champ_navigation:/home/cxz/go2_ws/install/champ_bringup:/home/cxz/go2_ws/install/champ_config:/home/cxz/go2_ws/install/champ_gazebo:/home/cxz/go2_ws/install/m20_description:/home/cxz/go2_ws/install/m20_config:/home/cxz/champ_ws/install/champ_navigation:/home/cxz/champ_ws/install/champ_gazebo:/home/cxz/champ_ws/install/champ_bringup:/home/cxz/champ_ws/install/champ_base:/home/cxz/champ_ws/install/champ_msgs:/home/cxz/champ_ws/install/champ_description:/home/cxz/champ_ws/install/champ_config:/home/cxz/champ_ws/install/champ:/opt/ros/humble PATH=/home/cxz/go2_ws/install/champ_base/bin:/home/cxz/go2_ws/install/champ_gazebo/bin:/home/cxz/.nvm/versions/node/v20.20.2/bin:/home/cxz/champ_ws/install/champ_gazebo/bin:/home/cxz/champ_ws/install/champ_base/bin:/opt/ros/humble/bin:/home/cxz/miniconda3/condabin:/usr/local/sbin:/usr/local/bin:/usr/sbin:/usr/bin:/sbin:/bin:/usr/games:/usr/local/games:/snap/bin:/snap/bin /usr/bin/cmake --install /home/cxz/go2_ws/build/champ_bringup
[21.122s] Level 1:colcon.colcon_core.environment:checking '/home/cxz/go2_ws/install/champ_bringup' for CMake config files
[21.122s] Level 1:colcon.colcon_core.shell:create_environment_hook('champ_bringup', 'cmake_prefix_path')
[21.123s] INFO:colcon.colcon_core.shell:Creating environment hook '/home/cxz/go2_ws/install/champ_bringup/share/champ_bringup/hook/cmake_prefix_path.ps1'
[21.123s] INFO:colcon.colcon_core.shell:Creating environment descriptor '/home/cxz/go2_ws/install/champ_bringup/share/champ_bringup/hook/cmake_prefix_path.dsv'
[21.123s] INFO:colcon.colcon_core.shell:Creating environment hook '/home/cxz/go2_ws/install/champ_bringup/share/champ_bringup/hook/cmake_prefix_path.sh'
[21.124s] Level 1:colcon.colcon_core.environment:checking '/home/cxz/go2_ws/install/champ_bringup/lib'
[21.124s] Level 1:colcon.colcon_core.environment:checking '/home/cxz/go2_ws/install/champ_bringup/bin'
[21.124s] Level 1:colcon.colcon_core.environment:checking '/home/cxz/go2_ws/install/champ_bringup/lib/pkgconfig/champ_bringup.pc'
[21.124s] Level 1:colcon.colcon_core.environment:checking '/home/cxz/go2_ws/install/champ_bringup/lib/python3.10/site-packages'
[21.124s] Level 1:colcon.colcon_core.environment:checking '/home/cxz/go2_ws/install/champ_bringup/bin'
[21.124s] INFO:colcon.colcon_core.shell:Creating package script '/home/cxz/go2_ws/install/champ_bringup/share/champ_bringup/package.ps1'
[21.125s] INFO:colcon.colcon_core.shell:Creating package descriptor '/home/cxz/go2_ws/install/champ_bringup/share/champ_bringup/package.dsv'
[21.125s] INFO:colcon.colcon_core.shell:Creating package script '/home/cxz/go2_ws/install/champ_bringup/share/champ_bringup/package.sh'
[21.125s] INFO:colcon.colcon_core.shell:Creating package script '/home/cxz/go2_ws/install/champ_bringup/share/champ_bringup/package.bash'
[21.125s] INFO:colcon.colcon_core.shell:Creating package script '/home/cxz/go2_ws/install/champ_bringup/share/champ_bringup/package.zsh'
[21.126s] Level 1:colcon.colcon_core.environment:create_file_with_runtime_dependencies(/home/cxz/go2_ws/install/champ_bringup/share/colcon-core/packages/champ_bringup)
[21.126s] Level 1:colcon.colcon_core.environment:create_environment_scripts_only(champ_bringup)
[21.126s] Level 1:colcon.colcon_core.environment:checking '/home/cxz/go2_ws/install/champ_bringup' for CMake module files
[21.126s] Level 1:colcon.colcon_core.environment:checking '/home/cxz/go2_ws/install/champ_bringup' for CMake config files
[21.126s] Level 1:colcon.colcon_core.shell:create_environment_hook('champ_bringup', 'cmake_prefix_path')
[21.126s] INFO:colcon.colcon_core.shell:Creating environment hook '/home/cxz/go2_ws/install/champ_bringup/share/champ_bringup/hook/cmake_prefix_path.ps1'
[21.127s] INFO:colcon.colcon_core.shell:Creating environment descriptor '/home/cxz/go2_ws/install/champ_bringup/share/champ_bringup/hook/cmake_prefix_path.dsv'
[21.127s] INFO:colcon.colcon_core.shell:Creating environment hook '/home/cxz/go2_ws/install/champ_bringup/share/champ_bringup/hook/cmake_prefix_path.sh'
[21.127s] Level 1:colcon.colcon_core.environment:checking '/home/cxz/go2_ws/install/champ_bringup/lib'
[21.127s] Level 1:colcon.colcon_core.environment:checking '/home/cxz/go2_ws/install/champ_bringup/bin'
[21.127s] Level 1:colcon.colcon_core.environment:checking '/home/cxz/go2_ws/install/champ_bringup/lib/pkgconfig/champ_bringup.pc'
[21.127s] Level 1:colcon.colcon_core.environment:checking '/home/cxz/go2_ws/install/champ_bringup/lib/python3.10/site-packages'
[21.128s] Level 1:colcon.colcon_core.environment:checking '/home/cxz/go2_ws/install/champ_bringup/bin'
[21.128s] INFO:colcon.colcon_core.shell:Creating package script '/home/cxz/go2_ws/install/champ_bringup/share/champ_bringup/package.ps1'
[21.128s] INFO:colcon.colcon_core.shell:Creating package descriptor '/home/cxz/go2_ws/install/champ_bringup/share/champ_bringup/package.dsv'
[21.128s] INFO:colcon.colcon_core.shell:Creating package script '/home/cxz/go2_ws/install/champ_bringup/share/champ_bringup/package.sh'
[21.129s] INFO:colcon.colcon_core.shell:Creating package script '/home/cxz/go2_ws/install/champ_bringup/share/champ_bringup/package.bash'
[21.129s] INFO:colcon.colcon_core.shell:Creating package script '/home/cxz/go2_ws/install/champ_bringup/share/champ_bringup/package.zsh'
[21.129s] Level 1:colcon.colcon_core.environment:create_file_with_runtime_dependencies(/home/cxz/go2_ws/install/champ_bringup/share/colcon-core/packages/champ_bringup)
[21.129s] DEBUG:colcon.colcon_parallel_executor.executor.parallel:closing loop
[21.129s] DEBUG:colcon.colcon_parallel_executor.executor.parallel:loop closed
[21.129s] DEBUG:colcon.colcon_parallel_executor.executor.parallel:run_until_complete finished with '0'
[21.129s] DEBUG:colcon.colcon_core.event_reactor:joining thread
[21.134s] INFO:colcon.colcon_core.plugin_system:Skipping extension 'colcon_notification.desktop_notification.terminal_notifier': Not used on non-Darwin systems
[21.134s] INFO:colcon.colcon_core.plugin_system:Skipping extension 'colcon_notification.desktop_notification.win32': Not used on non-Windows systems
[21.134s] INFO:colcon.colcon_notification.desktop_notification:Sending desktop notification using 'notify2'
[21.141s] DEBUG:colcon.colcon_core.event_reactor:joined thread
[21.141s] INFO:colcon.colcon_core.shell:Creating prefix script '/home/cxz/go2_ws/install/local_setup.ps1'
[21.142s] INFO:colcon.colcon_core.shell:Creating prefix util module '/home/cxz/go2_ws/install/_local_setup_util_ps1.py'
[21.143s] INFO:colcon.colcon_core.shell:Creating prefix chain script '/home/cxz/go2_ws/install/setup.ps1'
[21.144s] INFO:colcon.colcon_core.shell:Creating prefix script '/home/cxz/go2_ws/install/local_setup.sh'
[21.144s] INFO:colcon.colcon_core.shell:Creating prefix util module '/home/cxz/go2_ws/install/_local_setup_util_sh.py'
[21.144s] INFO:colcon.colcon_core.shell:Creating prefix chain script '/home/cxz/go2_ws/install/setup.sh'
[21.145s] INFO:colcon.colcon_core.shell:Creating prefix script '/home/cxz/go2_ws/install/local_setup.bash'
[21.145s] INFO:colcon.colcon_core.shell:Creating prefix chain script '/home/cxz/go2_ws/install/setup.bash'
[21.146s] INFO:colcon.colcon_core.shell:Creating prefix script '/home/cxz/go2_ws/install/local_setup.zsh'
[21.146s] INFO:colcon.colcon_core.shell:Creating prefix chain script '/home/cxz/go2_ws/install/setup.zsh'
