[0.060s] DEBUG:colcon:Command line arguments: ['/usr/bin/colcon', 'build']
[0.060s] DEBUG:colcon:Parsed command line arguments: Namespace(log_base=None, log_level=None, verb_name='build', build_base='build', install_base='install', merge_install=False, symlink_install=False, test_result_base=None, continue_on_error=False, executor='parallel', parallel_workers=32, event_handlers=None, ignore_user_meta=False, metas=['./colcon.meta'], base_paths=['.'], packages_ignore=None, packages_ignore_regex=None, paths=None, packages_up_to=None, packages_up_to_regex=None, packages_above=None, packages_above_and_dependencies=None, packages_above_depth=None, packages_select_by_dep=None, packages_skip_by_dep=None, packages_skip_up_to=None, packages_select_build_failed=False, packages_skip_build_finished=False, packages_select_test_failures=False, packages_skip_test_passed=False, packages_select=None, packages_skip=None, packages_select_regex=None, packages_skip_regex=None, packages_start=None, packages_end=None, allow_overriding=[], cmake_args=None, cmake_target=None, cmake_target_skip_unavailable=False, cmake_clean_cache=False, cmake_clean_first=False, cmake_force_configure=False, ament_cmake_args=None, catkin_cmake_args=None, catkin_skip_building_tests=False, verb_parser=<colcon_defaults.argument_parser.defaults.DefaultArgumentsDecorator object at 0x7f674a3591e0>, verb_extension=<colcon_core.verb.build.BuildVerb object at 0x7f674a452620>, main=<bound method BuildVerb.main of <colcon_core.verb.build.BuildVerb object at 0x7f674a452620>>)
[0.152s] Level 1:colcon.colcon_core.package_discovery:discover_packages(colcon_meta) check parameters
[0.152s] Level 1:colcon.colcon_core.package_discovery:discover_packages(recursive) check parameters
[0.152s] Level 1:colcon.colcon_core.package_discovery:discover_packages(ignore) check parameters
[0.152s] Level 1:colcon.colcon_core.package_discovery:discover_packages(path) check parameters
[0.152s] Level 1:colcon.colcon_core.package_discovery:discover_packages(colcon_meta) discover
[0.152s] Level 1:colcon.colcon_core.package_discovery:discover_packages(recursive) discover
[0.152s] INFO:colcon.colcon_core.package_discovery:Crawling recursively for packages in '/home/cxz/go2_ws'
[0.152s] Level 1:colcon.colcon_core.package_identification:_identify(.) by extensions ['ignore', 'ignore_ament_install']
[0.152s] Level 1:colcon.colcon_core.package_identification:_identify(.) by extension 'ignore'
[0.152s] Level 1:colcon.colcon_core.package_identification:_identify(.) by extension 'ignore_ament_install'
[0.152s] Level 1:colcon.colcon_core.package_identification:_identify(.) by extensions ['colcon_pkg']
[0.152s] Level 1:colcon.colcon_core.package_identification:_identify(.) by extension 'colcon_pkg'
[0.152s] Level 1:colcon.colcon_core.package_identification:_identify(.) by extensions ['colcon_meta']
[0.152s] Level 1:colcon.colcon_core.package_identification:_identify(.) by extension 'colcon_meta'
[0.152s] Level 1:colcon.colcon_core.package_identification:_identify(.) by extensions ['ros']
[0.152s] Level 1:colcon.colcon_core.package_identification:_identify(.) by extension 'ros'
[0.159s] Level 1:colcon.colcon_core.package_identification:_identify(.) by extensions ['cmake', 'python']
[0.159s] Level 1:colcon.colcon_core.package_identification:_identify(.) by extension 'cmake'
[0.159s] Level 1:colcon.colcon_core.package_identification:_identify(.) by extension 'python'
[0.159s] Level 1:colcon.colcon_core.package_identification:_identify(.) by extensions ['python_setup_py']
[0.159s] Level 1:colcon.colcon_core.package_identification:_identify(.) by extension 'python_setup_py'
[0.159s] Level 1:colcon.colcon_core.package_identification:_identify(M20_urdf) by extensions ['ignore', 'ignore_ament_install']
[0.159s] Level 1:colcon.colcon_core.package_identification:_identify(M20_urdf) by extension 'ignore'
[0.159s] Level 1:colcon.colcon_core.package_identification:_identify(M20_urdf) by extension 'ignore_ament_install'
[0.159s] Level 1:colcon.colcon_core.package_identification:_identify(M20_urdf) by extensions ['colcon_pkg']
[0.159s] Level 1:colcon.colcon_core.package_identification:_identify(M20_urdf) by extension 'colcon_pkg'
[0.159s] Level 1:colcon.colcon_core.package_identification:_identify(M20_urdf) by extensions ['colcon_meta']
[0.159s] Level 1:colcon.colcon_core.package_identification:_identify(M20_urdf) by extension 'colcon_meta'
[0.159s] Level 1:colcon.colcon_core.package_identification:_identify(M20_urdf) by extensions ['ros']
[0.159s] Level 1:colcon.colcon_core.package_identification:_identify(M20_urdf) by extension 'ros'
[0.159s] Level 1:colcon.colcon_core.package_identification:_identify(M20_urdf) by extensions ['cmake', 'python']
[0.159s] Level 1:colcon.colcon_core.package_identification:_identify(M20_urdf) by extension 'cmake'
[0.159s] Level 1:colcon.colcon_core.package_identification:_identify(M20_urdf) by extension 'python'
[0.159s] Level 1:colcon.colcon_core.package_identification:_identify(M20_urdf) by extensions ['python_setup_py']
[0.159s] Level 1:colcon.colcon_core.package_identification:_identify(M20_urdf) by extension 'python_setup_py'
[0.159s] Level 1:colcon.colcon_core.package_identification:_identify(M20_urdf/meshes) by extensions ['ignore', 'ignore_ament_install']
[0.159s] Level 1:colcon.colcon_core.package_identification:_identify(M20_urdf/meshes) by extension 'ignore'
[0.159s] Level 1:colcon.colcon_core.package_identification:_identify(M20_urdf/meshes) by extension 'ignore_ament_install'
[0.159s] Level 1:colcon.colcon_core.package_identification:_identify(M20_urdf/meshes) by extensions ['colcon_pkg']
[0.159s] Level 1:colcon.colcon_core.package_identification:_identify(M20_urdf/meshes) by extension 'colcon_pkg'
[0.159s] Level 1:colcon.colcon_core.package_identification:_identify(M20_urdf/meshes) by extensions ['colcon_meta']
[0.159s] Level 1:colcon.colcon_core.package_identification:_identify(M20_urdf/meshes) by extension 'colcon_meta'
[0.159s] Level 1:colcon.colcon_core.package_identification:_identify(M20_urdf/meshes) by extensions ['ros']
[0.159s] Level 1:colcon.colcon_core.package_identification:_identify(M20_urdf/meshes) by extension 'ros'
[0.159s] Level 1:colcon.colcon_core.package_identification:_identify(M20_urdf/meshes) by extensions ['cmake', 'python']
[0.159s] Level 1:colcon.colcon_core.package_identification:_identify(M20_urdf/meshes) by extension 'cmake'
[0.159s] Level 1:colcon.colcon_core.package_identification:_identify(M20_urdf/meshes) by extension 'python'
[0.159s] Level 1:colcon.colcon_core.package_identification:_identify(M20_urdf/meshes) by extensions ['python_setup_py']
[0.159s] Level 1:colcon.colcon_core.package_identification:_identify(M20_urdf/meshes) by extension 'python_setup_py'
[0.159s] Level 1:colcon.colcon_core.package_identification:_identify(M20_urdf/urdf) by extensions ['ignore', 'ignore_ament_install']
[0.159s] Level 1:colcon.colcon_core.package_identification:_identify(M20_urdf/urdf) by extension 'ignore'
[0.159s] Level 1:colcon.colcon_core.package_identification:_identify(M20_urdf/urdf) by extension 'ignore_ament_install'
[0.160s] Level 1:colcon.colcon_core.package_identification:_identify(M20_urdf/urdf) by extensions ['colcon_pkg']
[0.160s] Level 1:colcon.colcon_core.package_identification:_identify(M20_urdf/urdf) by extension 'colcon_pkg'
[0.160s] Level 1:colcon.colcon_core.package_identification:_identify(M20_urdf/urdf) by extensions ['colcon_meta']
[0.160s] Level 1:colcon.colcon_core.package_identification:_identify(M20_urdf/urdf) by extension 'colcon_meta'
[0.160s] Level 1:colcon.colcon_core.package_identification:_identify(M20_urdf/urdf) by extensions ['ros']
[0.160s] Level 1:colcon.colcon_core.package_identification:_identify(M20_urdf/urdf) by extension 'ros'
[0.160s] Level 1:colcon.colcon_core.package_identification:_identify(M20_urdf/urdf) by extensions ['cmake', 'python']
[0.160s] Level 1:colcon.colcon_core.package_identification:_identify(M20_urdf/urdf) by extension 'cmake'
[0.160s] Level 1:colcon.colcon_core.package_identification:_identify(M20_urdf/urdf) by extension 'python'
[0.160s] Level 1:colcon.colcon_core.package_identification:_identify(M20_urdf/urdf) by extensions ['python_setup_py']
[0.160s] Level 1:colcon.colcon_core.package_identification:_identify(M20_urdf/urdf) by extension 'python_setup_py'
[0.160s] Level 1:colcon.colcon_core.package_identification:_identify(add) by extensions ['ignore', 'ignore_ament_install']
[0.160s] Level 1:colcon.colcon_core.package_identification:_identify(add) by extension 'ignore'
[0.160s] Level 1:colcon.colcon_core.package_identification:_identify(add) by extension 'ignore_ament_install'
[0.160s] Level 1:colcon.colcon_core.package_identification:_identify(add) by extensions ['colcon_pkg']
[0.160s] Level 1:colcon.colcon_core.package_identification:_identify(add) by extension 'colcon_pkg'
[0.160s] Level 1:colcon.colcon_core.package_identification:_identify(add) by extensions ['colcon_meta']
[0.160s] Level 1:colcon.colcon_core.package_identification:_identify(add) by extension 'colcon_meta'
[0.160s] Level 1:colcon.colcon_core.package_identification:_identify(add) by extensions ['ros']
[0.160s] Level 1:colcon.colcon_core.package_identification:_identify(add) by extension 'ros'
[0.160s] Level 1:colcon.colcon_core.package_identification:_identify(add) by extensions ['cmake', 'python']
[0.160s] Level 1:colcon.colcon_core.package_identification:_identify(add) by extension 'cmake'
[0.160s] Level 1:colcon.colcon_core.package_identification:_identify(add) by extension 'python'
[0.160s] Level 1:colcon.colcon_core.package_identification:_identify(add) by extensions ['python_setup_py']
[0.160s] Level 1:colcon.colcon_core.package_identification:_identify(add) by extension 'python_setup_py'
[0.160s] Level 1:colcon.colcon_core.package_identification:_identify(build) by extensions ['ignore', 'ignore_ament_install']
[0.160s] Level 1:colcon.colcon_core.package_identification:_identify(build) by extension 'ignore'
[0.160s] Level 1:colcon.colcon_core.package_identification:_identify(build) ignored
[0.160s] Level 1:colcon.colcon_core.package_identification:_identify(install) by extensions ['ignore', 'ignore_ament_install']
[0.160s] Level 1:colcon.colcon_core.package_identification:_identify(install) by extension 'ignore'
[0.160s] Level 1:colcon.colcon_core.package_identification:_identify(install) ignored
[0.160s] Level 1:colcon.colcon_core.package_identification:_identify(log) by extensions ['ignore', 'ignore_ament_install']
[0.160s] Level 1:colcon.colcon_core.package_identification:_identify(log) by extension 'ignore'
[0.160s] Level 1:colcon.colcon_core.package_identification:_identify(log) ignored
[0.160s] Level 1:colcon.colcon_core.package_identification:_identify(src) by extensions ['ignore', 'ignore_ament_install']
[0.160s] Level 1:colcon.colcon_core.package_identification:_identify(src) by extension 'ignore'
[0.160s] Level 1:colcon.colcon_core.package_identification:_identify(src) by extension 'ignore_ament_install'
[0.160s] Level 1:colcon.colcon_core.package_identification:_identify(src) by extensions ['colcon_pkg']
[0.161s] Level 1:colcon.colcon_core.package_identification:_identify(src) by extension 'colcon_pkg'
[0.161s] Level 1:colcon.colcon_core.package_identification:_identify(src) by extensions ['colcon_meta']
[0.161s] Level 1:colcon.colcon_core.package_identification:_identify(src) by extension 'colcon_meta'
[0.161s] Level 1:colcon.colcon_core.package_identification:_identify(src) by extensions ['ros']
[0.161s] Level 1:colcon.colcon_core.package_identification:_identify(src) by extension 'ros'
[0.161s] Level 1:colcon.colcon_core.package_identification:_identify(src) by extensions ['cmake', 'python']
[0.161s] Level 1:colcon.colcon_core.package_identification:_identify(src) by extension 'cmake'
[0.161s] Level 1:colcon.colcon_core.package_identification:_identify(src) by extension 'python'
[0.161s] Level 1:colcon.colcon_core.package_identification:_identify(src) by extensions ['python_setup_py']
[0.161s] Level 1:colcon.colcon_core.package_identification:_identify(src) by extension 'python_setup_py'
[0.161s] Level 1:colcon.colcon_core.package_identification:_identify(src/teleop_twist_keyboard) by extensions ['ignore', 'ignore_ament_install']
[0.161s] Level 1:colcon.colcon_core.package_identification:_identify(src/teleop_twist_keyboard) by extension 'ignore'
[0.161s] Level 1:colcon.colcon_core.package_identification:_identify(src/teleop_twist_keyboard) by extension 'ignore_ament_install'
[0.161s] Level 1:colcon.colcon_core.package_identification:_identify(src/teleop_twist_keyboard) by extensions ['colcon_pkg']
[0.161s] Level 1:colcon.colcon_core.package_identification:_identify(src/teleop_twist_keyboard) by extension 'colcon_pkg'
[0.161s] Level 1:colcon.colcon_core.package_identification:_identify(src/teleop_twist_keyboard) by extensions ['colcon_meta']
[0.161s] Level 1:colcon.colcon_core.package_identification:_identify(src/teleop_twist_keyboard) by extension 'colcon_meta'
[0.161s] Level 1:colcon.colcon_core.package_identification:_identify(src/teleop_twist_keyboard) by extensions ['ros']
[0.161s] Level 1:colcon.colcon_core.package_identification:_identify(src/teleop_twist_keyboard) by extension 'ros'
[0.162s] DEBUG:colcon.colcon_core.package_identification:Package 'src/teleop_twist_keyboard' with type 'ros.ament_cmake' and name 'teleop_twist_keyboard'
[0.163s] Level 1:colcon.colcon_core.package_identification:_identify(src/unitree-go2-ros2) by extensions ['ignore', 'ignore_ament_install']
[0.163s] Level 1:colcon.colcon_core.package_identification:_identify(src/unitree-go2-ros2) by extension 'ignore'
[0.163s] Level 1:colcon.colcon_core.package_identification:_identify(src/unitree-go2-ros2) by extension 'ignore_ament_install'
[0.163s] Level 1:colcon.colcon_core.package_identification:_identify(src/unitree-go2-ros2) by extensions ['colcon_pkg']
[0.163s] Level 1:colcon.colcon_core.package_identification:_identify(src/unitree-go2-ros2) by extension 'colcon_pkg'
[0.163s] Level 1:colcon.colcon_core.package_identification:_identify(src/unitree-go2-ros2) by extensions ['colcon_meta']
[0.163s] Level 1:colcon.colcon_core.package_identification:_identify(src/unitree-go2-ros2) by extension 'colcon_meta'
[0.163s] Level 1:colcon.colcon_core.package_identification:_identify(src/unitree-go2-ros2) by extensions ['ros']
[0.163s] Level 1:colcon.colcon_core.package_identification:_identify(src/unitree-go2-ros2) by extension 'ros'
[0.163s] Level 1:colcon.colcon_core.package_identification:_identify(src/unitree-go2-ros2) by extensions ['cmake', 'python']
[0.163s] Level 1:colcon.colcon_core.package_identification:_identify(src/unitree-go2-ros2) by extension 'cmake'
[0.163s] Level 1:colcon.colcon_core.package_identification:_identify(src/unitree-go2-ros2) by extension 'python'
[0.163s] Level 1:colcon.colcon_core.package_identification:_identify(src/unitree-go2-ros2) by extensions ['python_setup_py']
[0.163s] Level 1:colcon.colcon_core.package_identification:_identify(src/unitree-go2-ros2) by extension 'python_setup_py'
[0.163s] Level 1:colcon.colcon_core.package_identification:_identify(src/unitree-go2-ros2/champ) by extensions ['ignore', 'ignore_ament_install']
[0.163s] Level 1:colcon.colcon_core.package_identification:_identify(src/unitree-go2-ros2/champ) by extension 'ignore'
[0.163s] Level 1:colcon.colcon_core.package_identification:_identify(src/unitree-go2-ros2/champ) by extension 'ignore_ament_install'
[0.163s] Level 1:colcon.colcon_core.package_identification:_identify(src/unitree-go2-ros2/champ) by extensions ['colcon_pkg']
[0.163s] Level 1:colcon.colcon_core.package_identification:_identify(src/unitree-go2-ros2/champ) by extension 'colcon_pkg'
[0.163s] Level 1:colcon.colcon_core.package_identification:_identify(src/unitree-go2-ros2/champ) by extensions ['colcon_meta']
[0.163s] Level 1:colcon.colcon_core.package_identification:_identify(src/unitree-go2-ros2/champ) by extension 'colcon_meta'
[0.163s] Level 1:colcon.colcon_core.package_identification:_identify(src/unitree-go2-ros2/champ) by extensions ['ros']
[0.163s] Level 1:colcon.colcon_core.package_identification:_identify(src/unitree-go2-ros2/champ) by extension 'ros'
[0.163s] Level 1:colcon.colcon_core.package_identification:_identify(src/unitree-go2-ros2/champ) by extensions ['cmake', 'python']
[0.163s] Level 1:colcon.colcon_core.package_identification:_identify(src/unitree-go2-ros2/champ) by extension 'cmake'
[0.163s] Level 1:colcon.colcon_core.package_identification:_identify(src/unitree-go2-ros2/champ) by extension 'python'
[0.163s] Level 1:colcon.colcon_core.package_identification:_identify(src/unitree-go2-ros2/champ) by extensions ['python_setup_py']
[0.163s] Level 1:colcon.colcon_core.package_identification:_identify(src/unitree-go2-ros2/champ) by extension 'python_setup_py'
[0.163s] Level 1:colcon.colcon_core.package_identification:_identify(src/unitree-go2-ros2/champ/champ) by extensions ['ignore', 'ignore_ament_install']
[0.163s] Level 1:colcon.colcon_core.package_identification:_identify(src/unitree-go2-ros2/champ/champ) by extension 'ignore'
[0.163s] Level 1:colcon.colcon_core.package_identification:_identify(src/unitree-go2-ros2/champ/champ) by extension 'ignore_ament_install'
[0.163s] Level 1:colcon.colcon_core.package_identification:_identify(src/unitree-go2-ros2/champ/champ) by extensions ['colcon_pkg']
[0.163s] Level 1:colcon.colcon_core.package_identification:_identify(src/unitree-go2-ros2/champ/champ) by extension 'colcon_pkg'
[0.163s] Level 1:colcon.colcon_core.package_identification:_identify(src/unitree-go2-ros2/champ/champ) by extensions ['colcon_meta']
[0.163s] Level 1:colcon.colcon_core.package_identification:_identify(src/unitree-go2-ros2/champ/champ) by extension 'colcon_meta'
[0.163s] Level 1:colcon.colcon_core.package_identification:_identify(src/unitree-go2-ros2/champ/champ) by extensions ['ros']
[0.163s] Level 1:colcon.colcon_core.package_identification:_identify(src/unitree-go2-ros2/champ/champ) by extension 'ros'
[0.164s] DEBUG:colcon.colcon_core.package_identification:Package 'src/unitree-go2-ros2/champ/champ' with type 'ros.ament_cmake' and name 'champ'
[0.164s] Level 1:colcon.colcon_core.package_identification:_identify(src/unitree-go2-ros2/champ/champ_base) by extensions ['ignore', 'ignore_ament_install']
[0.164s] Level 1:colcon.colcon_core.package_identification:_identify(src/unitree-go2-ros2/champ/champ_base) by extension 'ignore'
[0.164s] Level 1:colcon.colcon_core.package_identification:_identify(src/unitree-go2-ros2/champ/champ_base) by extension 'ignore_ament_install'
[0.164s] Level 1:colcon.colcon_core.package_identification:_identify(src/unitree-go2-ros2/champ/champ_base) by extensions ['colcon_pkg']
[0.164s] Level 1:colcon.colcon_core.package_identification:_identify(src/unitree-go2-ros2/champ/champ_base) by extension 'colcon_pkg'
[0.164s] Level 1:colcon.colcon_core.package_identification:_identify(src/unitree-go2-ros2/champ/champ_base) by extensions ['colcon_meta']
[0.164s] Level 1:colcon.colcon_core.package_identification:_identify(src/unitree-go2-ros2/champ/champ_base) by extension 'colcon_meta'
[0.164s] Level 1:colcon.colcon_core.package_identification:_identify(src/unitree-go2-ros2/champ/champ_base) by extensions ['ros']
[0.164s] Level 1:colcon.colcon_core.package_identification:_identify(src/unitree-go2-ros2/champ/champ_base) by extension 'ros'
[0.165s] DEBUG:colcon.colcon_core.package_identification:Package 'src/unitree-go2-ros2/champ/champ_base' with type 'ros.ament_cmake' and name 'champ_base'
[0.165s] Level 1:colcon.colcon_core.package_identification:_identify(src/unitree-go2-ros2/champ/champ_bringup) by extensions ['ignore', 'ignore_ament_install']
[0.165s] Level 1:colcon.colcon_core.package_identification:_identify(src/unitree-go2-ros2/champ/champ_bringup) by extension 'ignore'
[0.165s] Level 1:colcon.colcon_core.package_identification:_identify(src/unitree-go2-ros2/champ/champ_bringup) by extension 'ignore_ament_install'
[0.165s] Level 1:colcon.colcon_core.package_identification:_identify(src/unitree-go2-ros2/champ/champ_bringup) by extensions ['colcon_pkg']
[0.165s] Level 1:colcon.colcon_core.package_identification:_identify(src/unitree-go2-ros2/champ/champ_bringup) by extension 'colcon_pkg'
[0.165s] Level 1:colcon.colcon_core.package_identification:_identify(src/unitree-go2-ros2/champ/champ_bringup) by extensions ['colcon_meta']
[0.165s] Level 1:colcon.colcon_core.package_identification:_identify(src/unitree-go2-ros2/champ/champ_bringup) by extension 'colcon_meta'
[0.165s] Level 1:colcon.colcon_core.package_identification:_identify(src/unitree-go2-ros2/champ/champ_bringup) by extensions ['ros']
[0.165s] Level 1:colcon.colcon_core.package_identification:_identify(src/unitree-go2-ros2/champ/champ_bringup) by extension 'ros'
[0.165s] DEBUG:colcon.colcon_core.package_identification:Package 'src/unitree-go2-ros2/champ/champ_bringup' with type 'ros.ament_cmake' and name 'champ_bringup'
[0.165s] Level 1:colcon.colcon_core.package_identification:_identify(src/unitree-go2-ros2/champ/champ_config) by extensions ['ignore', 'ignore_ament_install']
[0.165s] Level 1:colcon.colcon_core.package_identification:_identify(src/unitree-go2-ros2/champ/champ_config) by extension 'ignore'
[0.166s] Level 1:colcon.colcon_core.package_identification:_identify(src/unitree-go2-ros2/champ/champ_config) by extension 'ignore_ament_install'
[0.166s] Level 1:colcon.colcon_core.package_identification:_identify(src/unitree-go2-ros2/champ/champ_config) by extensions ['colcon_pkg']
[0.166s] Level 1:colcon.colcon_core.package_identification:_identify(src/unitree-go2-ros2/champ/champ_config) by extension 'colcon_pkg'
[0.166s] Level 1:colcon.colcon_core.package_identification:_identify(src/unitree-go2-ros2/champ/champ_config) by extensions ['colcon_meta']
[0.166s] Level 1:colcon.colcon_core.package_identification:_identify(src/unitree-go2-ros2/champ/champ_config) by extension 'colcon_meta'
[0.166s] Level 1:colcon.colcon_core.package_identification:_identify(src/unitree-go2-ros2/champ/champ_config) by extensions ['ros']
[0.166s] Level 1:colcon.colcon_core.package_identification:_identify(src/unitree-go2-ros2/champ/champ_config) by extension 'ros'
[0.166s] DEBUG:colcon.colcon_core.package_identification:Package 'src/unitree-go2-ros2/champ/champ_config' with type 'ros.ament_cmake' and name 'champ_config'
[0.166s] Level 1:colcon.colcon_core.package_identification:_identify(src/unitree-go2-ros2/champ/champ_description) by extensions ['ignore', 'ignore_ament_install']
[0.166s] Level 1:colcon.colcon_core.package_identification:_identify(src/unitree-go2-ros2/champ/champ_description) by extension 'ignore'
[0.166s] Level 1:colcon.colcon_core.package_identification:_identify(src/unitree-go2-ros2/champ/champ_description) by extension 'ignore_ament_install'
[0.166s] Level 1:colcon.colcon_core.package_identification:_identify(src/unitree-go2-ros2/champ/champ_description) by extensions ['colcon_pkg']
[0.166s] Level 1:colcon.colcon_core.package_identification:_identify(src/unitree-go2-ros2/champ/champ_description) by extension 'colcon_pkg'
[0.166s] Level 1:colcon.colcon_core.package_identification:_identify(src/unitree-go2-ros2/champ/champ_description) by extensions ['colcon_meta']
[0.166s] Level 1:colcon.colcon_core.package_identification:_identify(src/unitree-go2-ros2/champ/champ_description) by extension 'colcon_meta'
[0.166s] Level 1:colcon.colcon_core.package_identification:_identify(src/unitree-go2-ros2/champ/champ_description) by extensions ['ros']
[0.166s] Level 1:colcon.colcon_core.package_identification:_identify(src/unitree-go2-ros2/champ/champ_description) by extension 'ros'
[0.166s] DEBUG:colcon.colcon_core.package_identification:Package 'src/unitree-go2-ros2/champ/champ_description' with type 'ros.ament_cmake' and name 'champ_description'
[0.167s] Level 1:colcon.colcon_core.package_identification:_identify(src/unitree-go2-ros2/champ/champ_gazebo) by extensions ['ignore', 'ignore_ament_install']
[0.167s] Level 1:colcon.colcon_core.package_identification:_identify(src/unitree-go2-ros2/champ/champ_gazebo) by extension 'ignore'
[0.167s] Level 1:colcon.colcon_core.package_identification:_identify(src/unitree-go2-ros2/champ/champ_gazebo) by extension 'ignore_ament_install'
[0.167s] Level 1:colcon.colcon_core.package_identification:_identify(src/unitree-go2-ros2/champ/champ_gazebo) by extensions ['colcon_pkg']
[0.167s] Level 1:colcon.colcon_core.package_identification:_identify(src/unitree-go2-ros2/champ/champ_gazebo) by extension 'colcon_pkg'
[0.167s] Level 1:colcon.colcon_core.package_identification:_identify(src/unitree-go2-ros2/champ/champ_gazebo) by extensions ['colcon_meta']
[0.167s] Level 1:colcon.colcon_core.package_identification:_identify(src/unitree-go2-ros2/champ/champ_gazebo) by extension 'colcon_meta'
[0.167s] Level 1:colcon.colcon_core.package_identification:_identify(src/unitree-go2-ros2/champ/champ_gazebo) by extensions ['ros']
[0.167s] Level 1:colcon.colcon_core.package_identification:_identify(src/unitree-go2-ros2/champ/champ_gazebo) by extension 'ros'
[0.167s] DEBUG:colcon.colcon_core.package_identification:Package 'src/unitree-go2-ros2/champ/champ_gazebo' with type 'ros.ament_cmake' and name 'champ_gazebo'
[0.167s] Level 1:colcon.colcon_core.package_identification:_identify(src/unitree-go2-ros2/champ/champ_msgs) by extensions ['ignore', 'ignore_ament_install']
[0.167s] Level 1:colcon.colcon_core.package_identification:_identify(src/unitree-go2-ros2/champ/champ_msgs) by extension 'ignore'
[0.167s] Level 1:colcon.colcon_core.package_identification:_identify(src/unitree-go2-ros2/champ/champ_msgs) by extension 'ignore_ament_install'
[0.167s] Level 1:colcon.colcon_core.package_identification:_identify(src/unitree-go2-ros2/champ/champ_msgs) by extensions ['colcon_pkg']
[0.167s] Level 1:colcon.colcon_core.package_identification:_identify(src/unitree-go2-ros2/champ/champ_msgs) by extension 'colcon_pkg'
[0.167s] Level 1:colcon.colcon_core.package_identification:_identify(src/unitree-go2-ros2/champ/champ_msgs) by extensions ['colcon_meta']
[0.167s] Level 1:colcon.colcon_core.package_identification:_identify(src/unitree-go2-ros2/champ/champ_msgs) by extension 'colcon_meta'
[0.167s] Level 1:colcon.colcon_core.package_identification:_identify(src/unitree-go2-ros2/champ/champ_msgs) by extensions ['ros']
[0.167s] Level 1:colcon.colcon_core.package_identification:_identify(src/unitree-go2-ros2/champ/champ_msgs) by extension 'ros'
[0.168s] DEBUG:colcon.colcon_core.package_identification:Package 'src/unitree-go2-ros2/champ/champ_msgs' with type 'ros.ament_cmake' and name 'champ_msgs'
[0.168s] Level 1:colcon.colcon_core.package_identification:_identify(src/unitree-go2-ros2/champ/champ_navigation) by extensions ['ignore', 'ignore_ament_install']
[0.168s] Level 1:colcon.colcon_core.package_identification:_identify(src/unitree-go2-ros2/champ/champ_navigation) by extension 'ignore'
[0.168s] Level 1:colcon.colcon_core.package_identification:_identify(src/unitree-go2-ros2/champ/champ_navigation) by extension 'ignore_ament_install'
[0.168s] Level 1:colcon.colcon_core.package_identification:_identify(src/unitree-go2-ros2/champ/champ_navigation) by extensions ['colcon_pkg']
[0.168s] Level 1:colcon.colcon_core.package_identification:_identify(src/unitree-go2-ros2/champ/champ_navigation) by extension 'colcon_pkg'
[0.168s] Level 1:colcon.colcon_core.package_identification:_identify(src/unitree-go2-ros2/champ/champ_navigation) by extensions ['colcon_meta']
[0.168s] Level 1:colcon.colcon_core.package_identification:_identify(src/unitree-go2-ros2/champ/champ_navigation) by extension 'colcon_meta'
[0.168s] Level 1:colcon.colcon_core.package_identification:_identify(src/unitree-go2-ros2/champ/champ_navigation) by extensions ['ros']
[0.168s] Level 1:colcon.colcon_core.package_identification:_identify(src/unitree-go2-ros2/champ/champ_navigation) by extension 'ros'
[0.168s] DEBUG:colcon.colcon_core.package_identification:Package 'src/unitree-go2-ros2/champ/champ_navigation' with type 'ros.ament_cmake' and name 'champ_navigation'
[0.168s] Level 1:colcon.colcon_core.package_identification:_identify(src/unitree-go2-ros2/champ/docs) by extensions ['ignore', 'ignore_ament_install']
[0.169s] Level 1:colcon.colcon_core.package_identification:_identify(src/unitree-go2-ros2/champ/docs) by extension 'ignore'
[0.169s] Level 1:colcon.colcon_core.package_identification:_identify(src/unitree-go2-ros2/champ/docs) by extension 'ignore_ament_install'
[0.169s] Level 1:colcon.colcon_core.package_identification:_identify(src/unitree-go2-ros2/champ/docs) by extensions ['colcon_pkg']
[0.169s] Level 1:colcon.colcon_core.package_identification:_identify(src/unitree-go2-ros2/champ/docs) by extension 'colcon_pkg'
[0.169s] Level 1:colcon.colcon_core.package_identification:_identify(src/unitree-go2-ros2/champ/docs) by extensions ['colcon_meta']
[0.169s] Level 1:colcon.colcon_core.package_identification:_identify(src/unitree-go2-ros2/champ/docs) by extension 'colcon_meta'
[0.169s] Level 1:colcon.colcon_core.package_identification:_identify(src/unitree-go2-ros2/champ/docs) by extensions ['ros']
[0.169s] Level 1:colcon.colcon_core.package_identification:_identify(src/unitree-go2-ros2/champ/docs) by extension 'ros'
[0.169s] Level 1:colcon.colcon_core.package_identification:_identify(src/unitree-go2-ros2/champ/docs) by extensions ['cmake', 'python']
[0.169s] Level 1:colcon.colcon_core.package_identification:_identify(src/unitree-go2-ros2/champ/docs) by extension 'cmake'
[0.169s] Level 1:colcon.colcon_core.package_identification:_identify(src/unitree-go2-ros2/champ/docs) by extension 'python'
[0.169s] Level 1:colcon.colcon_core.package_identification:_identify(src/unitree-go2-ros2/champ/docs) by extensions ['python_setup_py']
[0.169s] Level 1:colcon.colcon_core.package_identification:_identify(src/unitree-go2-ros2/champ/docs) by extension 'python_setup_py'
[0.169s] Level 1:colcon.colcon_core.package_identification:_identify(src/unitree-go2-ros2/champ/docs/images) by extensions ['ignore', 'ignore_ament_install']
[0.169s] Level 1:colcon.colcon_core.package_identification:_identify(src/unitree-go2-ros2/champ/docs/images) by extension 'ignore'
[0.169s] Level 1:colcon.colcon_core.package_identification:_identify(src/unitree-go2-ros2/champ/docs/images) by extension 'ignore_ament_install'
[0.169s] Level 1:colcon.colcon_core.package_identification:_identify(src/unitree-go2-ros2/champ/docs/images) by extensions ['colcon_pkg']
[0.169s] Level 1:colcon.colcon_core.package_identification:_identify(src/unitree-go2-ros2/champ/docs/images) by extension 'colcon_pkg'
[0.169s] Level 1:colcon.colcon_core.package_identification:_identify(src/unitree-go2-ros2/champ/docs/images) by extensions ['colcon_meta']
[0.169s] Level 1:colcon.colcon_core.package_identification:_identify(src/unitree-go2-ros2/champ/docs/images) by extension 'colcon_meta'
[0.169s] Level 1:colcon.colcon_core.package_identification:_identify(src/unitree-go2-ros2/champ/docs/images) by extensions ['ros']
[0.169s] Level 1:colcon.colcon_core.package_identification:_identify(src/unitree-go2-ros2/champ/docs/images) by extension 'ros'
[0.169s] Level 1:colcon.colcon_core.package_identification:_identify(src/unitree-go2-ros2/champ/docs/images) by extensions ['cmake', 'python']
[0.169s] Level 1:colcon.colcon_core.package_identification:_identify(src/unitree-go2-ros2/champ/docs/images) by extension 'cmake'
[0.169s] Level 1:colcon.colcon_core.package_identification:_identify(src/unitree-go2-ros2/champ/docs/images) by extension 'python'
[0.169s] Level 1:colcon.colcon_core.package_identification:_identify(src/unitree-go2-ros2/champ/docs/images) by extensions ['python_setup_py']
[0.169s] Level 1:colcon.colcon_core.package_identification:_identify(src/unitree-go2-ros2/champ/docs/images) by extension 'python_setup_py'
[0.169s] Level 1:colcon.colcon_core.package_identification:_identify(src/unitree-go2-ros2/champ_teleop) by extensions ['ignore', 'ignore_ament_install']
[0.169s] Level 1:colcon.colcon_core.package_identification:_identify(src/unitree-go2-ros2/champ_teleop) by extension 'ignore'
[0.169s] Level 1:colcon.colcon_core.package_identification:_identify(src/unitree-go2-ros2/champ_teleop) by extension 'ignore_ament_install'
[0.169s] Level 1:colcon.colcon_core.package_identification:_identify(src/unitree-go2-ros2/champ_teleop) by extensions ['colcon_pkg']
[0.169s] Level 1:colcon.colcon_core.package_identification:_identify(src/unitree-go2-ros2/champ_teleop) by extension 'colcon_pkg'
[0.169s] Level 1:colcon.colcon_core.package_identification:_identify(src/unitree-go2-ros2/champ_teleop) by extensions ['colcon_meta']
[0.169s] Level 1:colcon.colcon_core.package_identification:_identify(src/unitree-go2-ros2/champ_teleop) by extension 'colcon_meta'
[0.169s] Level 1:colcon.colcon_core.package_identification:_identify(src/unitree-go2-ros2/champ_teleop) by extensions ['ros']
[0.169s] Level 1:colcon.colcon_core.package_identification:_identify(src/unitree-go2-ros2/champ_teleop) by extension 'ros'
[0.170s] DEBUG:colcon.colcon_core.package_identification:Package 'src/unitree-go2-ros2/champ_teleop' with type 'ros.ament_cmake' and name 'champ_teleop'
[0.170s] Level 1:colcon.colcon_core.package_identification:_identify(src/unitree-go2-ros2/robots) by extensions ['ignore', 'ignore_ament_install']
[0.170s] Level 1:colcon.colcon_core.package_identification:_identify(src/unitree-go2-ros2/robots) by extension 'ignore'
[0.170s] Level 1:colcon.colcon_core.package_identification:_identify(src/unitree-go2-ros2/robots) by extension 'ignore_ament_install'
[0.170s] Level 1:colcon.colcon_core.package_identification:_identify(src/unitree-go2-ros2/robots) by extensions ['colcon_pkg']
[0.170s] Level 1:colcon.colcon_core.package_identification:_identify(src/unitree-go2-ros2/robots) by extension 'colcon_pkg'
[0.170s] Level 1:colcon.colcon_core.package_identification:_identify(src/unitree-go2-ros2/robots) by extensions ['colcon_meta']
[0.170s] Level 1:colcon.colcon_core.package_identification:_identify(src/unitree-go2-ros2/robots) by extension 'colcon_meta'
[0.170s] Level 1:colcon.colcon_core.package_identification:_identify(src/unitree-go2-ros2/robots) by extensions ['ros']
[0.170s] Level 1:colcon.colcon_core.package_identification:_identify(src/unitree-go2-ros2/robots) by extension 'ros'
[0.170s] Level 1:colcon.colcon_core.package_identification:_identify(src/unitree-go2-ros2/robots) by extensions ['cmake', 'python']
[0.170s] Level 1:colcon.colcon_core.package_identification:_identify(src/unitree-go2-ros2/robots) by extension 'cmake'
[0.170s] Level 1:colcon.colcon_core.package_identification:_identify(src/unitree-go2-ros2/robots) by extension 'python'
[0.170s] Level 1:colcon.colcon_core.package_identification:_identify(src/unitree-go2-ros2/robots) by extensions ['python_setup_py']
[0.170s] Level 1:colcon.colcon_core.package_identification:_identify(src/unitree-go2-ros2/robots) by extension 'python_setup_py'
[0.170s] Level 1:colcon.colcon_core.package_identification:_identify(src/unitree-go2-ros2/robots/configs) by extensions ['ignore', 'ignore_ament_install']
[0.170s] Level 1:colcon.colcon_core.package_identification:_identify(src/unitree-go2-ros2/robots/configs) by extension 'ignore'
[0.170s] Level 1:colcon.colcon_core.package_identification:_identify(src/unitree-go2-ros2/robots/configs) by extension 'ignore_ament_install'
[0.170s] Level 1:colcon.colcon_core.package_identification:_identify(src/unitree-go2-ros2/robots/configs) by extensions ['colcon_pkg']
[0.170s] Level 1:colcon.colcon_core.package_identification:_identify(src/unitree-go2-ros2/robots/configs) by extension 'colcon_pkg'
[0.170s] Level 1:colcon.colcon_core.package_identification:_identify(src/unitree-go2-ros2/robots/configs) by extensions ['colcon_meta']
[0.170s] Level 1:colcon.colcon_core.package_identification:_identify(src/unitree-go2-ros2/robots/configs) by extension 'colcon_meta'
[0.170s] Level 1:colcon.colcon_core.package_identification:_identify(src/unitree-go2-ros2/robots/configs) by extensions ['ros']
[0.170s] Level 1:colcon.colcon_core.package_identification:_identify(src/unitree-go2-ros2/robots/configs) by extension 'ros'
[0.170s] Level 1:colcon.colcon_core.package_identification:_identify(src/unitree-go2-ros2/robots/configs) by extensions ['cmake', 'python']
[0.170s] Level 1:colcon.colcon_core.package_identification:_identify(src/unitree-go2-ros2/robots/configs) by extension 'cmake'
[0.170s] Level 1:colcon.colcon_core.package_identification:_identify(src/unitree-go2-ros2/robots/configs) by extension 'python'
[0.170s] Level 1:colcon.colcon_core.package_identification:_identify(src/unitree-go2-ros2/robots/configs) by extensions ['python_setup_py']
[0.171s] Level 1:colcon.colcon_core.package_identification:_identify(src/unitree-go2-ros2/robots/configs) by extension 'python_setup_py'
[0.171s] Level 1:colcon.colcon_core.package_identification:_identify(src/unitree-go2-ros2/robots/configs/go2_config) by extensions ['ignore', 'ignore_ament_install']
[0.171s] Level 1:colcon.colcon_core.package_identification:_identify(src/unitree-go2-ros2/robots/configs/go2_config) by extension 'ignore'
[0.171s] Level 1:colcon.colcon_core.package_identification:_identify(src/unitree-go2-ros2/robots/configs/go2_config) by extension 'ignore_ament_install'
[0.171s] Level 1:colcon.colcon_core.package_identification:_identify(src/unitree-go2-ros2/robots/configs/go2_config) by extensions ['colcon_pkg']
[0.171s] Level 1:colcon.colcon_core.package_identification:_identify(src/unitree-go2-ros2/robots/configs/go2_config) by extension 'colcon_pkg'
[0.171s] Level 1:colcon.colcon_core.package_identification:_identify(src/unitree-go2-ros2/robots/configs/go2_config) by extensions ['colcon_meta']
[0.171s] Level 1:colcon.colcon_core.package_identification:_identify(src/unitree-go2-ros2/robots/configs/go2_config) by extension 'colcon_meta'
[0.171s] Level 1:colcon.colcon_core.package_identification:_identify(src/unitree-go2-ros2/robots/configs/go2_config) by extensions ['ros']
[0.171s] Level 1:colcon.colcon_core.package_identification:_identify(src/unitree-go2-ros2/robots/configs/go2_config) by extension 'ros'
[0.171s] DEBUG:colcon.colcon_core.package_identification:Package 'src/unitree-go2-ros2/robots/configs/go2_config' with type 'ros.ament_cmake' and name 'go2_config'
[0.171s] Level 1:colcon.colcon_core.package_identification:_identify(src/unitree-go2-ros2/robots/configs/m20_config) by extensions ['ignore', 'ignore_ament_install']
[0.171s] Level 1:colcon.colcon_core.package_identification:_identify(src/unitree-go2-ros2/robots/configs/m20_config) by extension 'ignore'
[0.171s] Level 1:colcon.colcon_core.package_identification:_identify(src/unitree-go2-ros2/robots/configs/m20_config) by extension 'ignore_ament_install'
[0.171s] Level 1:colcon.colcon_core.package_identification:_identify(src/unitree-go2-ros2/robots/configs/m20_config) by extensions ['colcon_pkg']
[0.171s] Level 1:colcon.colcon_core.package_identification:_identify(src/unitree-go2-ros2/robots/configs/m20_config) by extension 'colcon_pkg'
[0.171s] Level 1:colcon.colcon_core.package_identification:_identify(src/unitree-go2-ros2/robots/configs/m20_config) by extensions ['colcon_meta']
[0.171s] Level 1:colcon.colcon_core.package_identification:_identify(src/unitree-go2-ros2/robots/configs/m20_config) by extension 'colcon_meta'
[0.171s] Level 1:colcon.colcon_core.package_identification:_identify(src/unitree-go2-ros2/robots/configs/m20_config) by extensions ['ros']
[0.171s] Level 1:colcon.colcon_core.package_identification:_identify(src/unitree-go2-ros2/robots/configs/m20_config) by extension 'ros'
[0.172s] DEBUG:colcon.colcon_core.package_identification:Package 'src/unitree-go2-ros2/robots/configs/m20_config' with type 'ros.ament_cmake' and name 'm20_config'
[0.172s] Level 1:colcon.colcon_core.package_identification:_identify(src/unitree-go2-ros2/robots/descriptions) by extensions ['ignore', 'ignore_ament_install']
[0.172s] Level 1:colcon.colcon_core.package_identification:_identify(src/unitree-go2-ros2/robots/descriptions) by extension 'ignore'
[0.172s] Level 1:colcon.colcon_core.package_identification:_identify(src/unitree-go2-ros2/robots/descriptions) by extension 'ignore_ament_install'
[0.172s] Level 1:colcon.colcon_core.package_identification:_identify(src/unitree-go2-ros2/robots/descriptions) by extensions ['colcon_pkg']
[0.172s] Level 1:colcon.colcon_core.package_identification:_identify(src/unitree-go2-ros2/robots/descriptions) by extension 'colcon_pkg'
[0.172s] Level 1:colcon.colcon_core.package_identification:_identify(src/unitree-go2-ros2/robots/descriptions) by extensions ['colcon_meta']
[0.172s] Level 1:colcon.colcon_core.package_identification:_identify(src/unitree-go2-ros2/robots/descriptions) by extension 'colcon_meta'
[0.172s] Level 1:colcon.colcon_core.package_identification:_identify(src/unitree-go2-ros2/robots/descriptions) by extensions ['ros']
[0.172s] Level 1:colcon.colcon_core.package_identification:_identify(src/unitree-go2-ros2/robots/descriptions) by extension 'ros'
[0.172s] Level 1:colcon.colcon_core.package_identification:_identify(src/unitree-go2-ros2/robots/descriptions) by extensions ['cmake', 'python']
[0.172s] Level 1:colcon.colcon_core.package_identification:_identify(src/unitree-go2-ros2/robots/descriptions) by extension 'cmake'
[0.172s] Level 1:colcon.colcon_core.package_identification:_identify(src/unitree-go2-ros2/robots/descriptions) by extension 'python'
[0.172s] Level 1:colcon.colcon_core.package_identification:_identify(src/unitree-go2-ros2/robots/descriptions) by extensions ['python_setup_py']
[0.172s] Level 1:colcon.colcon_core.package_identification:_identify(src/unitree-go2-ros2/robots/descriptions) by extension 'python_setup_py'
[0.172s] Level 1:colcon.colcon_core.package_identification:_identify(src/unitree-go2-ros2/robots/descriptions/go2_description) by extensions ['ignore', 'ignore_ament_install']
[0.172s] Level 1:colcon.colcon_core.package_identification:_identify(src/unitree-go2-ros2/robots/descriptions/go2_description) by extension 'ignore'
[0.172s] Level 1:colcon.colcon_core.package_identification:_identify(src/unitree-go2-ros2/robots/descriptions/go2_description) by extension 'ignore_ament_install'
[0.172s] Level 1:colcon.colcon_core.package_identification:_identify(src/unitree-go2-ros2/robots/descriptions/go2_description) by extensions ['colcon_pkg']
[0.172s] Level 1:colcon.colcon_core.package_identification:_identify(src/unitree-go2-ros2/robots/descriptions/go2_description) by extension 'colcon_pkg'
[0.172s] Level 1:colcon.colcon_core.package_identification:_identify(src/unitree-go2-ros2/robots/descriptions/go2_description) by extensions ['colcon_meta']
[0.172s] Level 1:colcon.colcon_core.package_identification:_identify(src/unitree-go2-ros2/robots/descriptions/go2_description) by extension 'colcon_meta'
[0.172s] Level 1:colcon.colcon_core.package_identification:_identify(src/unitree-go2-ros2/robots/descriptions/go2_description) by extensions ['ros']
[0.172s] Level 1:colcon.colcon_core.package_identification:_identify(src/unitree-go2-ros2/robots/descriptions/go2_description) by extension 'ros'
[0.172s] DEBUG:colcon.colcon_core.package_identification:Package 'src/unitree-go2-ros2/robots/descriptions/go2_description' with type 'ros.ament_cmake' and name 'go2_description'
[0.173s] Level 1:colcon.colcon_core.package_identification:_identify(src/unitree-go2-ros2/robots/descriptions/m20_description) by extensions ['ignore', 'ignore_ament_install']
[0.173s] Level 1:colcon.colcon_core.package_identification:_identify(src/unitree-go2-ros2/robots/descriptions/m20_description) by extension 'ignore'
[0.173s] Level 1:colcon.colcon_core.package_identification:_identify(src/unitree-go2-ros2/robots/descriptions/m20_description) by extension 'ignore_ament_install'
[0.173s] Level 1:colcon.colcon_core.package_identification:_identify(src/unitree-go2-ros2/robots/descriptions/m20_description) by extensions ['colcon_pkg']
[0.173s] Level 1:colcon.colcon_core.package_identification:_identify(src/unitree-go2-ros2/robots/descriptions/m20_description) by extension 'colcon_pkg'
[0.173s] Level 1:colcon.colcon_core.package_identification:_identify(src/unitree-go2-ros2/robots/descriptions/m20_description) by extensions ['colcon_meta']
[0.173s] Level 1:colcon.colcon_core.package_identification:_identify(src/unitree-go2-ros2/robots/descriptions/m20_description) by extension 'colcon_meta'
[0.173s] Level 1:colcon.colcon_core.package_identification:_identify(src/unitree-go2-ros2/robots/descriptions/m20_description) by extensions ['ros']
[0.173s] Level 1:colcon.colcon_core.package_identification:_identify(src/unitree-go2-ros2/robots/descriptions/m20_description) by extension 'ros'
[0.173s] DEBUG:colcon.colcon_core.package_identification:Package 'src/unitree-go2-ros2/robots/descriptions/m20_description' with type 'ros.ament_cmake' and name 'm20_description'
[0.173s] Level 1:colcon.colcon_core.package_discovery:discover_packages(recursive) using defaults
[0.173s] Level 1:colcon.colcon_core.package_discovery:discover_packages(ignore) discover
[0.173s] Level 1:colcon.colcon_core.package_discovery:discover_packages(ignore) using defaults
[0.173s] Level 1:colcon.colcon_core.package_discovery:discover_packages(path) discover
[0.173s] Level 1:colcon.colcon_core.package_discovery:discover_packages(path) using defaults
[0.191s] Level 1:colcon.colcon_core.package_discovery:discover_packages(prefix_path) check parameters
[0.191s] Level 1:colcon.colcon_core.package_discovery:discover_packages(prefix_path) discover
[0.192s] DEBUG:colcon.colcon_installed_package_information.package_discovery:Found 14 installed packages in /home/cxz/go2_ws/install
[0.193s] DEBUG:colcon.colcon_installed_package_information.package_discovery:Found 8 installed packages in /home/cxz/champ_ws/install
[0.194s] DEBUG:colcon.colcon_installed_package_information.package_discovery:Found 395 installed packages in /opt/ros/humble
[0.195s] Level 1:colcon.colcon_core.package_discovery:discover_packages(prefix_path) using defaults
[0.221s] Level 5:colcon.colcon_core.verb:set package 'champ' build argument 'cmake_args' from command line to 'None'
[0.221s] Level 5:colcon.colcon_core.verb:set package 'champ' build argument 'cmake_target' from command line to 'None'
[0.221s] Level 5:colcon.colcon_core.verb:set package 'champ' build argument 'cmake_target_skip_unavailable' from command line to 'False'
[0.221s] Level 5:colcon.colcon_core.verb:set package 'champ' build argument 'cmake_clean_cache' from command line to 'False'
[0.221s] Level 5:colcon.colcon_core.verb:set package 'champ' build argument 'cmake_clean_first' from command line to 'False'
[0.221s] Level 5:colcon.colcon_core.verb:set package 'champ' build argument 'cmake_force_configure' from command line to 'False'
[0.221s] Level 5:colcon.colcon_core.verb:set package 'champ' build argument 'ament_cmake_args' from command line to 'None'
[0.221s] Level 5:colcon.colcon_core.verb:set package 'champ' build argument 'catkin_cmake_args' from command line to 'None'
[0.221s] Level 5:colcon.colcon_core.verb:set package 'champ' build argument 'catkin_skip_building_tests' from command line to 'False'
[0.221s] DEBUG:colcon.colcon_core.verb:Building package 'champ' with the following arguments: {'ament_cmake_args': None, 'build_base': '/home/cxz/go2_ws/build/champ', 'catkin_cmake_args': None, 'catkin_skip_building_tests': False, 'cmake_args': None, 'cmake_clean_cache': False, 'cmake_clean_first': False, 'cmake_force_configure': False, 'cmake_target': None, 'cmake_target_skip_unavailable': False, 'install_base': '/home/cxz/go2_ws/install/champ', 'merge_install': False, 'path': '/home/cxz/go2_ws/src/unitree-go2-ros2/champ/champ', 'symlink_install': False, 'test_result_base': None}
[0.221s] Level 5:colcon.colcon_core.verb:set package 'champ_config' build argument 'cmake_args' from command line to 'None'
[0.221s] Level 5:colcon.colcon_core.verb:set package 'champ_config' build argument 'cmake_target' from command line to 'None'
[0.221s] Level 5:colcon.colcon_core.verb:set package 'champ_config' build argument 'cmake_target_skip_unavailable' from command line to 'False'
[0.222s] Level 5:colcon.colcon_core.verb:set package 'champ_config' build argument 'cmake_clean_cache' from command line to 'False'
[0.222s] Level 5:colcon.colcon_core.verb:set package 'champ_config' build argument 'cmake_clean_first' from command line to 'False'
[0.222s] Level 5:colcon.colcon_core.verb:set package 'champ_config' build argument 'cmake_force_configure' from command line to 'False'
[0.222s] Level 5:colcon.colcon_core.verb:set package 'champ_config' build argument 'ament_cmake_args' from command line to 'None'
[0.222s] Level 5:colcon.colcon_core.verb:set package 'champ_config' build argument 'catkin_cmake_args' from command line to 'None'
[0.222s] Level 5:colcon.colcon_core.verb:set package 'champ_config' build argument 'catkin_skip_building_tests' from command line to 'False'
[0.222s] DEBUG:colcon.colcon_core.verb:Building package 'champ_config' with the following arguments: {'ament_cmake_args': None, 'build_base': '/home/cxz/go2_ws/build/champ_config', 'catkin_cmake_args': None, 'catkin_skip_building_tests': False, 'cmake_args': None, 'cmake_clean_cache': False, 'cmake_clean_first': False, 'cmake_force_configure': False, 'cmake_target': None, 'cmake_target_skip_unavailable': False, 'install_base': '/home/cxz/go2_ws/install/champ_config', 'merge_install': False, 'path': '/home/cxz/go2_ws/src/unitree-go2-ros2/champ/champ_config', 'symlink_install': False, 'test_result_base': None}
[0.222s] Level 5:colcon.colcon_core.verb:set package 'champ_description' build argument 'cmake_args' from command line to 'None'
[0.222s] Level 5:colcon.colcon_core.verb:set package 'champ_description' build argument 'cmake_target' from command line to 'None'
[0.222s] Level 5:colcon.colcon_core.verb:set package 'champ_description' build argument 'cmake_target_skip_unavailable' from command line to 'False'
[0.222s] Level 5:colcon.colcon_core.verb:set package 'champ_description' build argument 'cmake_clean_cache' from command line to 'False'
[0.222s] Level 5:colcon.colcon_core.verb:set package 'champ_description' build argument 'cmake_clean_first' from command line to 'False'
[0.222s] Level 5:colcon.colcon_core.verb:set package 'champ_description' build argument 'cmake_force_configure' from command line to 'False'
[0.222s] Level 5:colcon.colcon_core.verb:set package 'champ_description' build argument 'ament_cmake_args' from command line to 'None'
[0.222s] Level 5:colcon.colcon_core.verb:set package 'champ_description' build argument 'catkin_cmake_args' from command line to 'None'
[0.222s] Level 5:colcon.colcon_core.verb:set package 'champ_description' build argument 'catkin_skip_building_tests' from command line to 'False'
[0.222s] DEBUG:colcon.colcon_core.verb:Building package 'champ_description' with the following arguments: {'ament_cmake_args': None, 'build_base': '/home/cxz/go2_ws/build/champ_description', 'catkin_cmake_args': None, 'catkin_skip_building_tests': False, 'cmake_args': None, 'cmake_clean_cache': False, 'cmake_clean_first': False, 'cmake_force_configure': False, 'cmake_target': None, 'cmake_target_skip_unavailable': False, 'install_base': '/home/cxz/go2_ws/install/champ_description', 'merge_install': False, 'path': '/home/cxz/go2_ws/src/unitree-go2-ros2/champ/champ_description', 'symlink_install': False, 'test_result_base': None}
[0.222s] Level 5:colcon.colcon_core.verb:set package 'champ_msgs' build argument 'cmake_args' from command line to 'None'
[0.222s] Level 5:colcon.colcon_core.verb:set package 'champ_msgs' build argument 'cmake_target' from command line to 'None'
[0.222s] Level 5:colcon.colcon_core.verb:set package 'champ_msgs' build argument 'cmake_target_skip_unavailable' from command line to 'False'
[0.222s] Level 5:colcon.colcon_core.verb:set package 'champ_msgs' build argument 'cmake_clean_cache' from command line to 'False'
[0.222s] Level 5:colcon.colcon_core.verb:set package 'champ_msgs' build argument 'cmake_clean_first' from command line to 'False'
[0.222s] Level 5:colcon.colcon_core.verb:set package 'champ_msgs' build argument 'cmake_force_configure' from command line to 'False'
[0.222s] Level 5:colcon.colcon_core.verb:set package 'champ_msgs' build argument 'ament_cmake_args' from command line to 'None'
[0.222s] Level 5:colcon.colcon_core.verb:set package 'champ_msgs' build argument 'catkin_cmake_args' from command line to 'None'
[0.222s] Level 5:colcon.colcon_core.verb:set package 'champ_msgs' build argument 'catkin_skip_building_tests' from command line to 'False'
[0.222s] DEBUG:colcon.colcon_core.verb:Building package 'champ_msgs' with the following arguments: {'ament_cmake_args': None, 'build_base': '/home/cxz/go2_ws/build/champ_msgs', 'catkin_cmake_args': None, 'catkin_skip_building_tests': False, 'cmake_args': None, 'cmake_clean_cache': False, 'cmake_clean_first': False, 'cmake_force_configure': False, 'cmake_target': None, 'cmake_target_skip_unavailable': False, 'install_base': '/home/cxz/go2_ws/install/champ_msgs', 'merge_install': False, 'path': '/home/cxz/go2_ws/src/unitree-go2-ros2/champ/champ_msgs', 'symlink_install': False, 'test_result_base': None}
[0.222s] Level 5:colcon.colcon_core.verb:set package 'champ_navigation' build argument 'cmake_args' from command line to 'None'
[0.222s] Level 5:colcon.colcon_core.verb:set package 'champ_navigation' build argument 'cmake_target' from command line to 'None'
[0.222s] Level 5:colcon.colcon_core.verb:set package 'champ_navigation' build argument 'cmake_target_skip_unavailable' from command line to 'False'
[0.222s] Level 5:colcon.colcon_core.verb:set package 'champ_navigation' build argument 'cmake_clean_cache' from command line to 'False'
[0.222s] Level 5:colcon.colcon_core.verb:set package 'champ_navigation' build argument 'cmake_clean_first' from command line to 'False'
[0.222s] Level 5:colcon.colcon_core.verb:set package 'champ_navigation' build argument 'cmake_force_configure' from command line to 'False'
[0.222s] Level 5:colcon.colcon_core.verb:set package 'champ_navigation' build argument 'ament_cmake_args' from command line to 'None'
[0.222s] Level 5:colcon.colcon_core.verb:set package 'champ_navigation' build argument 'catkin_cmake_args' from command line to 'None'
[0.222s] Level 5:colcon.colcon_core.verb:set package 'champ_navigation' build argument 'catkin_skip_building_tests' from command line to 'False'
[0.222s] DEBUG:colcon.colcon_core.verb:Building package 'champ_navigation' with the following arguments: {'ament_cmake_args': None, 'build_base': '/home/cxz/go2_ws/build/champ_navigation', 'catkin_cmake_args': None, 'catkin_skip_building_tests': False, 'cmake_args': None, 'cmake_clean_cache': False, 'cmake_clean_first': False, 'cmake_force_configure': False, 'cmake_target': None, 'cmake_target_skip_unavailable': False, 'install_base': '/home/cxz/go2_ws/install/champ_navigation', 'merge_install': False, 'path': '/home/cxz/go2_ws/src/unitree-go2-ros2/champ/champ_navigation', 'symlink_install': False, 'test_result_base': None}
[0.223s] Level 5:colcon.colcon_core.verb:set package 'champ_teleop' build argument 'cmake_args' from command line to 'None'
[0.223s] Level 5:colcon.colcon_core.verb:set package 'champ_teleop' build argument 'cmake_target' from command line to 'None'
[0.223s] Level 5:colcon.colcon_core.verb:set package 'champ_teleop' build argument 'cmake_target_skip_unavailable' from command line to 'False'
[0.223s] Level 5:colcon.colcon_core.verb:set package 'champ_teleop' build argument 'cmake_clean_cache' from command line to 'False'
[0.223s] Level 5:colcon.colcon_core.verb:set package 'champ_teleop' build argument 'cmake_clean_first' from command line to 'False'
[0.223s] Level 5:colcon.colcon_core.verb:set package 'champ_teleop' build argument 'cmake_force_configure' from command line to 'False'
[0.223s] Level 5:colcon.colcon_core.verb:set package 'champ_teleop' build argument 'ament_cmake_args' from command line to 'None'
[0.223s] Level 5:colcon.colcon_core.verb:set package 'champ_teleop' build argument 'catkin_cmake_args' from command line to 'None'
[0.223s] Level 5:colcon.colcon_core.verb:set package 'champ_teleop' build argument 'catkin_skip_building_tests' from command line to 'False'
[0.223s] DEBUG:colcon.colcon_core.verb:Building package 'champ_teleop' with the following arguments: {'ament_cmake_args': None, 'build_base': '/home/cxz/go2_ws/build/champ_teleop', 'catkin_cmake_args': None, 'catkin_skip_building_tests': False, 'cmake_args': None, 'cmake_clean_cache': False, 'cmake_clean_first': False, 'cmake_force_configure': False, 'cmake_target': None, 'cmake_target_skip_unavailable': False, 'install_base': '/home/cxz/go2_ws/install/champ_teleop', 'merge_install': False, 'path': '/home/cxz/go2_ws/src/unitree-go2-ros2/champ_teleop', 'symlink_install': False, 'test_result_base': None}
[0.223s] Level 5:colcon.colcon_core.verb:set package 'go2_config' build argument 'cmake_args' from command line to 'None'
[0.223s] Level 5:colcon.colcon_core.verb:set package 'go2_config' build argument 'cmake_target' from command line to 'None'
[0.223s] Level 5:colcon.colcon_core.verb:set package 'go2_config' build argument 'cmake_target_skip_unavailable' from command line to 'False'
[0.223s] Level 5:colcon.colcon_core.verb:set package 'go2_config' build argument 'cmake_clean_cache' from command line to 'False'
[0.223s] Level 5:colcon.colcon_core.verb:set package 'go2_config' build argument 'cmake_clean_first' from command line to 'False'
[0.223s] Level 5:colcon.colcon_core.verb:set package 'go2_config' build argument 'cmake_force_configure' from command line to 'False'
[0.223s] Level 5:colcon.colcon_core.verb:set package 'go2_config' build argument 'ament_cmake_args' from command line to 'None'
[0.223s] Level 5:colcon.colcon_core.verb:set package 'go2_config' build argument 'catkin_cmake_args' from command line to 'None'
[0.223s] Level 5:colcon.colcon_core.verb:set package 'go2_config' build argument 'catkin_skip_building_tests' from command line to 'False'
[0.223s] DEBUG:colcon.colcon_core.verb:Building package 'go2_config' with the following arguments: {'ament_cmake_args': None, 'build_base': '/home/cxz/go2_ws/build/go2_config', 'catkin_cmake_args': None, 'catkin_skip_building_tests': False, 'cmake_args': None, 'cmake_clean_cache': False, 'cmake_clean_first': False, 'cmake_force_configure': False, 'cmake_target': None, 'cmake_target_skip_unavailable': False, 'install_base': '/home/cxz/go2_ws/install/go2_config', 'merge_install': False, 'path': '/home/cxz/go2_ws/src/unitree-go2-ros2/robots/configs/go2_config', 'symlink_install': False, 'test_result_base': None}
[0.223s] Level 5:colcon.colcon_core.verb:set package 'go2_description' build argument 'cmake_args' from command line to 'None'
[0.223s] Level 5:colcon.colcon_core.verb:set package 'go2_description' build argument 'cmake_target' from command line to 'None'
[0.223s] Level 5:colcon.colcon_core.verb:set package 'go2_description' build argument 'cmake_target_skip_unavailable' from command line to 'False'
[0.223s] Level 5:colcon.colcon_core.verb:set package 'go2_description' build argument 'cmake_clean_cache' from command line to 'False'
[0.223s] Level 5:colcon.colcon_core.verb:set package 'go2_description' build argument 'cmake_clean_first' from command line to 'False'
[0.223s] Level 5:colcon.colcon_core.verb:set package 'go2_description' build argument 'cmake_force_configure' from command line to 'False'
[0.223s] Level 5:colcon.colcon_core.verb:set package 'go2_description' build argument 'ament_cmake_args' from command line to 'None'
[0.223s] Level 5:colcon.colcon_core.verb:set package 'go2_description' build argument 'catkin_cmake_args' from command line to 'None'
[0.223s] Level 5:colcon.colcon_core.verb:set package 'go2_description' build argument 'catkin_skip_building_tests' from command line to 'False'
[0.223s] DEBUG:colcon.colcon_core.verb:Building package 'go2_description' with the following arguments: {'ament_cmake_args': None, 'build_base': '/home/cxz/go2_ws/build/go2_description', 'catkin_cmake_args': None, 'catkin_skip_building_tests': False, 'cmake_args': None, 'cmake_clean_cache': False, 'cmake_clean_first': False, 'cmake_force_configure': False, 'cmake_target': None, 'cmake_target_skip_unavailable': False, 'install_base': '/home/cxz/go2_ws/install/go2_description', 'merge_install': False, 'path': '/home/cxz/go2_ws/src/unitree-go2-ros2/robots/descriptions/go2_description', 'symlink_install': False, 'test_result_base': None}
[0.224s] Level 5:colcon.colcon_core.verb:set package 'm20_config' build argument 'cmake_args' from command line to 'None'
[0.224s] Level 5:colcon.colcon_core.verb:set package 'm20_config' build argument 'cmake_target' from command line to 'None'
[0.224s] Level 5:colcon.colcon_core.verb:set package 'm20_config' build argument 'cmake_target_skip_unavailable' from command line to 'False'
[0.224s] Level 5:colcon.colcon_core.verb:set package 'm20_config' build argument 'cmake_clean_cache' from command line to 'False'
[0.224s] Level 5:colcon.colcon_core.verb:set package 'm20_config' build argument 'cmake_clean_first' from command line to 'False'
[0.224s] Level 5:colcon.colcon_core.verb:set package 'm20_config' build argument 'cmake_force_configure' from command line to 'False'
[0.224s] Level 5:colcon.colcon_core.verb:set package 'm20_config' build argument 'ament_cmake_args' from command line to 'None'
[0.224s] Level 5:colcon.colcon_core.verb:set package 'm20_config' build argument 'catkin_cmake_args' from command line to 'None'
[0.224s] Level 5:colcon.colcon_core.verb:set package 'm20_config' build argument 'catkin_skip_building_tests' from command line to 'False'
[0.224s] DEBUG:colcon.colcon_core.verb:Building package 'm20_config' with the following arguments: {'ament_cmake_args': None, 'build_base': '/home/cxz/go2_ws/build/m20_config', 'catkin_cmake_args': None, 'catkin_skip_building_tests': False, 'cmake_args': None, 'cmake_clean_cache': False, 'cmake_clean_first': False, 'cmake_force_configure': False, 'cmake_target': None, 'cmake_target_skip_unavailable': False, 'install_base': '/home/cxz/go2_ws/install/m20_config', 'merge_install': False, 'path': '/home/cxz/go2_ws/src/unitree-go2-ros2/robots/configs/m20_config', 'symlink_install': False, 'test_result_base': None}
[0.224s] Level 5:colcon.colcon_core.verb:set package 'm20_description' build argument 'cmake_args' from command line to 'None'
[0.224s] Level 5:colcon.colcon_core.verb:set package 'm20_description' build argument 'cmake_target' from command line to 'None'
[0.224s] Level 5:colcon.colcon_core.verb:set package 'm20_description' build argument 'cmake_target_skip_unavailable' from command line to 'False'
[0.224s] Level 5:colcon.colcon_core.verb:set package 'm20_description' build argument 'cmake_clean_cache' from command line to 'False'
[0.224s] Level 5:colcon.colcon_core.verb:set package 'm20_description' build argument 'cmake_clean_first' from command line to 'False'
[0.224s] Level 5:colcon.colcon_core.verb:set package 'm20_description' build argument 'cmake_force_configure' from command line to 'False'
[0.224s] Level 5:colcon.colcon_core.verb:set package 'm20_description' build argument 'ament_cmake_args' from command line to 'None'
[0.224s] Level 5:colcon.colcon_core.verb:set package 'm20_description' build argument 'catkin_cmake_args' from command line to 'None'
[0.224s] Level 5:colcon.colcon_core.verb:set package 'm20_description' build argument 'catkin_skip_building_tests' from command line to 'False'
[0.224s] DEBUG:colcon.colcon_core.verb:Building package 'm20_description' with the following arguments: {'ament_cmake_args': None, 'build_base': '/home/cxz/go2_ws/build/m20_description', 'catkin_cmake_args': None, 'catkin_skip_building_tests': False, 'cmake_args': None, 'cmake_clean_cache': False, 'cmake_clean_first': False, 'cmake_force_configure': False, 'cmake_target': None, 'cmake_target_skip_unavailable': False, 'install_base': '/home/cxz/go2_ws/install/m20_description', 'merge_install': False, 'path': '/home/cxz/go2_ws/src/unitree-go2-ros2/robots/descriptions/m20_description', 'symlink_install': False, 'test_result_base': None}
[0.224s] Level 5:colcon.colcon_core.verb:set package 'teleop_twist_keyboard' build argument 'cmake_args' from command line to 'None'
[0.224s] Level 5:colcon.colcon_core.verb:set package 'teleop_twist_keyboard' build argument 'cmake_target' from command line to 'None'
[0.224s] Level 5:colcon.colcon_core.verb:set package 'teleop_twist_keyboard' build argument 'cmake_target_skip_unavailable' from command line to 'False'
[0.224s] Level 5:colcon.colcon_core.verb:set package 'teleop_twist_keyboard' build argument 'cmake_clean_cache' from command line to 'False'
[0.224s] Level 5:colcon.colcon_core.verb:set package 'teleop_twist_keyboard' build argument 'cmake_clean_first' from command line to 'False'
[0.224s] Level 5:colcon.colcon_core.verb:set package 'teleop_twist_keyboard' build argument 'cmake_force_configure' from command line to 'False'
[0.224s] Level 5:colcon.colcon_core.verb:set package 'teleop_twist_keyboard' build argument 'ament_cmake_args' from command line to 'None'
[0.224s] Level 5:colcon.colcon_core.verb:set package 'teleop_twist_keyboard' build argument 'catkin_cmake_args' from command line to 'None'
[0.224s] Level 5:colcon.colcon_core.verb:set package 'teleop_twist_keyboard' build argument 'catkin_skip_building_tests' from command line to 'False'
[0.224s] DEBUG:colcon.colcon_core.verb:Building package 'teleop_twist_keyboard' with the following arguments: {'ament_cmake_args': None, 'build_base': '/home/cxz/go2_ws/build/teleop_twist_keyboard', 'catkin_cmake_args': None, 'catkin_skip_building_tests': False, 'cmake_args': None, 'cmake_clean_cache': False, 'cmake_clean_first': False, 'cmake_force_configure': False, 'cmake_target': None, 'cmake_target_skip_unavailable': False, 'install_base': '/home/cxz/go2_ws/install/teleop_twist_keyboard', 'merge_install': False, 'path': '/home/cxz/go2_ws/src/teleop_twist_keyboard', 'symlink_install': False, 'test_result_base': None}
[0.224s] Level 5:colcon.colcon_core.verb:set package 'champ_base' build argument 'cmake_args' from command line to 'None'
[0.224s] Level 5:colcon.colcon_core.verb:set package 'champ_base' build argument 'cmake_target' from command line to 'None'
[0.224s] Level 5:colcon.colcon_core.verb:set package 'champ_base' build argument 'cmake_target_skip_unavailable' from command line to 'False'
[0.224s] Level 5:colcon.colcon_core.verb:set package 'champ_base' build argument 'cmake_clean_cache' from command line to 'False'
[0.224s] Level 5:colcon.colcon_core.verb:set package 'champ_base' build argument 'cmake_clean_first' from command line to 'False'
[0.224s] Level 5:colcon.colcon_core.verb:set package 'champ_base' build argument 'cmake_force_configure' from command line to 'False'
[0.224s] Level 5:colcon.colcon_core.verb:set package 'champ_base' build argument 'ament_cmake_args' from command line to 'None'
[0.224s] Level 5:colcon.colcon_core.verb:set package 'champ_base' build argument 'catkin_cmake_args' from command line to 'None'
[0.225s] Level 5:colcon.colcon_core.verb:set package 'champ_base' build argument 'catkin_skip_building_tests' from command line to 'False'
[0.225s] DEBUG:colcon.colcon_core.verb:Building package 'champ_base' with the following arguments: {'ament_cmake_args': None, 'build_base': '/home/cxz/go2_ws/build/champ_base', 'catkin_cmake_args': None, 'catkin_skip_building_tests': False, 'cmake_args': None, 'cmake_clean_cache': False, 'cmake_clean_first': False, 'cmake_force_configure': False, 'cmake_target': None, 'cmake_target_skip_unavailable': False, 'install_base': '/home/cxz/go2_ws/install/champ_base', 'merge_install': False, 'path': '/home/cxz/go2_ws/src/unitree-go2-ros2/champ/champ_base', 'symlink_install': False, 'test_result_base': None}
[0.225s] Level 5:colcon.colcon_core.verb:set package 'champ_gazebo' build argument 'cmake_args' from command line to 'None'
[0.225s] Level 5:colcon.colcon_core.verb:set package 'champ_gazebo' build argument 'cmake_target' from command line to 'None'
[0.225s] Level 5:colcon.colcon_core.verb:set package 'champ_gazebo' build argument 'cmake_target_skip_unavailable' from command line to 'False'
[0.225s] Level 5:colcon.colcon_core.verb:set package 'champ_gazebo' build argument 'cmake_clean_cache' from command line to 'False'
[0.225s] Level 5:colcon.colcon_core.verb:set package 'champ_gazebo' build argument 'cmake_clean_first' from command line to 'False'
[0.225s] Level 5:colcon.colcon_core.verb:set package 'champ_gazebo' build argument 'cmake_force_configure' from command line to 'False'
[0.225s] Level 5:colcon.colcon_core.verb:set package 'champ_gazebo' build argument 'ament_cmake_args' from command line to 'None'
[0.225s] Level 5:colcon.colcon_core.verb:set package 'champ_gazebo' build argument 'catkin_cmake_args' from command line to 'None'
[0.225s] Level 5:colcon.colcon_core.verb:set package 'champ_gazebo' build argument 'catkin_skip_building_tests' from command line to 'False'
[0.225s] DEBUG:colcon.colcon_core.verb:Building package 'champ_gazebo' with the following arguments: {'ament_cmake_args': None, 'build_base': '/home/cxz/go2_ws/build/champ_gazebo', 'catkin_cmake_args': None, 'catkin_skip_building_tests': False, 'cmake_args': None, 'cmake_clean_cache': False, 'cmake_clean_first': False, 'cmake_force_configure': False, 'cmake_target': None, 'cmake_target_skip_unavailable': False, 'install_base': '/home/cxz/go2_ws/install/champ_gazebo', 'merge_install': False, 'path': '/home/cxz/go2_ws/src/unitree-go2-ros2/champ/champ_gazebo', 'symlink_install': False, 'test_result_base': None}
[0.225s] Level 5:colcon.colcon_core.verb:set package 'champ_bringup' build argument 'cmake_args' from command line to 'None'
[0.225s] Level 5:colcon.colcon_core.verb:set package 'champ_bringup' build argument 'cmake_target' from command line to 'None'
[0.225s] Level 5:colcon.colcon_core.verb:set package 'champ_bringup' build argument 'cmake_target_skip_unavailable' from command line to 'False'
[0.225s] Level 5:colcon.colcon_core.verb:set package 'champ_bringup' build argument 'cmake_clean_cache' from command line to 'False'
[0.225s] Level 5:colcon.colcon_core.verb:set package 'champ_bringup' build argument 'cmake_clean_first' from command line to 'False'
[0.225s] Level 5:colcon.colcon_core.verb:set package 'champ_bringup' build argument 'cmake_force_configure' from command line to 'False'
[0.225s] Level 5:colcon.colcon_core.verb:set package 'champ_bringup' build argument 'ament_cmake_args' from command line to 'None'
[0.225s] Level 5:colcon.colcon_core.verb:set package 'champ_bringup' build argument 'catkin_cmake_args' from command line to 'None'
[0.225s] Level 5:colcon.colcon_core.verb:set package 'champ_bringup' build argument 'catkin_skip_building_tests' from command line to 'False'
[0.225s] DEBUG:colcon.colcon_core.verb:Building package 'champ_bringup' with the following arguments: {'ament_cmake_args': None, 'build_base': '/home/cxz/go2_ws/build/champ_bringup', 'catkin_cmake_args': None, 'catkin_skip_building_tests': False, 'cmake_args': None, 'cmake_clean_cache': False, 'cmake_clean_first': False, 'cmake_force_configure': False, 'cmake_target': None, 'cmake_target_skip_unavailable': False, 'install_base': '/home/cxz/go2_ws/install/champ_bringup', 'merge_install': False, 'path': '/home/cxz/go2_ws/src/unitree-go2-ros2/champ/champ_bringup', 'symlink_install': False, 'test_result_base': None}
[0.225s] INFO:colcon.colcon_core.executor:Executing jobs using 'parallel' executor
[0.226s] DEBUG:colcon.colcon_parallel_executor.executor.parallel:run_until_complete
[0.226s] INFO:colcon.colcon_ros.task.ament_cmake.build:Building ROS package in '/home/cxz/go2_ws/src/unitree-go2-ros2/champ/champ' with build type 'ament_cmake'
[0.226s] INFO:colcon.colcon_cmake.task.cmake.build:Building CMake package in '/home/cxz/go2_ws/src/unitree-go2-ros2/champ/champ'
[0.227s] INFO:colcon.colcon_core.plugin_system:Skipping extension 'colcon_core.shell.bat': Not used on non-Windows systems
[0.228s] INFO:colcon.colcon_core.shell:Skip shell extension 'powershell' for command environment: Not usable outside of PowerShell
[0.228s] DEBUG:colcon.colcon_core.shell:Skip shell extension 'dsv' for command environment
[0.231s] INFO:colcon.colcon_ros.task.ament_cmake.build:Building ROS package in '/home/cxz/go2_ws/src/unitree-go2-ros2/champ/champ_msgs' with build type 'ament_cmake'
[0.231s] INFO:colcon.colcon_cmake.task.cmake.build:Building CMake package in '/home/cxz/go2_ws/src/unitree-go2-ros2/champ/champ_msgs'
[0.231s] INFO:colcon.colcon_core.shell:Skip shell extension 'powershell' for command environment: Not usable outside of PowerShell
[0.231s] DEBUG:colcon.colcon_core.shell:Skip shell extension 'dsv' for command environment
[0.233s] INFO:colcon.colcon_ros.task.ament_cmake.build:Building ROS package in '/home/cxz/go2_ws/src/unitree-go2-ros2/champ/champ_description' with build type 'ament_cmake'
[0.233s] INFO:colcon.colcon_cmake.task.cmake.build:Building CMake package in '/home/cxz/go2_ws/src/unitree-go2-ros2/champ/champ_description'
[0.234s] INFO:colcon.colcon_core.shell:Skip shell extension 'powershell' for command environment: Not usable outside of PowerShell
[0.234s] DEBUG:colcon.colcon_core.shell:Skip shell extension 'dsv' for command environment
[0.236s] INFO:colcon.colcon_ros.task.ament_cmake.build:Building ROS package in '/home/cxz/go2_ws/src/unitree-go2-ros2/champ/champ_config' with build type 'ament_cmake'
[0.236s] INFO:colcon.colcon_cmake.task.cmake.build:Building CMake package in '/home/cxz/go2_ws/src/unitree-go2-ros2/champ/champ_config'
[0.237s] INFO:colcon.colcon_core.shell:Skip shell extension 'powershell' for command environment: Not usable outside of PowerShell
[0.237s] DEBUG:colcon.colcon_core.shell:Skip shell extension 'dsv' for command environment
[0.239s] INFO:colcon.colcon_ros.task.ament_cmake.build:Building ROS package in '/home/cxz/go2_ws/src/unitree-go2-ros2/champ/champ_navigation' with build type 'ament_cmake'
[0.239s] INFO:colcon.colcon_cmake.task.cmake.build:Building CMake package in '/home/cxz/go2_ws/src/unitree-go2-ros2/champ/champ_navigation'
[0.239s] INFO:colcon.colcon_core.shell:Skip shell extension 'powershell' for command environment: Not usable outside of PowerShell
[0.239s] DEBUG:colcon.colcon_core.shell:Skip shell extension 'dsv' for command environment
[0.242s] INFO:colcon.colcon_ros.task.ament_cmake.build:Building ROS package in '/home/cxz/go2_ws/src/unitree-go2-ros2/champ_teleop' with build type 'ament_cmake'
[0.242s] INFO:colcon.colcon_cmake.task.cmake.build:Building CMake package in '/home/cxz/go2_ws/src/unitree-go2-ros2/champ_teleop'
[0.242s] INFO:colcon.colcon_core.shell:Skip shell extension 'powershell' for command environment: Not usable outside of PowerShell
[0.242s] DEBUG:colcon.colcon_core.shell:Skip shell extension 'dsv' for command environment
[0.245s] INFO:colcon.colcon_ros.task.ament_cmake.build:Building ROS package in '/home/cxz/go2_ws/src/unitree-go2-ros2/robots/configs/go2_config' with build type 'ament_cmake'
[0.245s] INFO:colcon.colcon_cmake.task.cmake.build:Building CMake package in '/home/cxz/go2_ws/src/unitree-go2-ros2/robots/configs/go2_config'
[0.245s] INFO:colcon.colcon_core.shell:Skip shell extension 'powershell' for command environment: Not usable outside of PowerShell
[0.245s] DEBUG:colcon.colcon_core.shell:Skip shell extension 'dsv' for command environment
[0.247s] INFO:colcon.colcon_ros.task.ament_cmake.build:Building ROS package in '/home/cxz/go2_ws/src/unitree-go2-ros2/robots/descriptions/go2_description' with build type 'ament_cmake'
[0.247s] INFO:colcon.colcon_cmake.task.cmake.build:Building CMake package in '/home/cxz/go2_ws/src/unitree-go2-ros2/robots/descriptions/go2_description'
[0.247s] INFO:colcon.colcon_core.shell:Skip shell extension 'powershell' for command environment: Not usable outside of PowerShell
[0.247s] DEBUG:colcon.colcon_core.shell:Skip shell extension 'dsv' for command environment
[0.250s] INFO:colcon.colcon_ros.task.ament_cmake.build:Building ROS package in '/home/cxz/go2_ws/src/unitree-go2-ros2/robots/configs/m20_config' with build type 'ament_cmake'
[0.250s] INFO:colcon.colcon_cmake.task.cmake.build:Building CMake package in '/home/cxz/go2_ws/src/unitree-go2-ros2/robots/configs/m20_config'
[0.250s] INFO:colcon.colcon_core.shell:Skip shell extension 'powershell' for command environment: Not usable outside of PowerShell
[0.250s] DEBUG:colcon.colcon_core.shell:Skip shell extension 'dsv' for command environment
[0.253s] INFO:colcon.colcon_ros.task.ament_cmake.build:Building ROS package in '/home/cxz/go2_ws/src/unitree-go2-ros2/robots/descriptions/m20_description' with build type 'ament_cmake'
[0.253s] INFO:colcon.colcon_cmake.task.cmake.build:Building CMake package in '/home/cxz/go2_ws/src/unitree-go2-ros2/robots/descriptions/m20_description'
[0.253s] INFO:colcon.colcon_core.shell:Skip shell extension 'powershell' for command environment: Not usable outside of PowerShell
[0.253s] DEBUG:colcon.colcon_core.shell:Skip shell extension 'dsv' for command environment
[0.255s] INFO:colcon.colcon_ros.task.ament_cmake.build:Building ROS package in '/home/cxz/go2_ws/src/teleop_twist_keyboard' with build type 'ament_cmake'
[0.255s] INFO:colcon.colcon_cmake.task.cmake.build:Building CMake package in '/home/cxz/go2_ws/src/teleop_twist_keyboard'
[0.256s] INFO:colcon.colcon_core.shell:Skip shell extension 'powershell' for command environment: Not usable outside of PowerShell
[0.256s] DEBUG:colcon.colcon_core.shell:Skip shell extension 'dsv' for command environment
[0.262s] DEBUG:colcon.colcon_core.event_handler.log_command:Invoking command in '/home/cxz/go2_ws/build/champ': CMAKE_PREFIX_PATH=${CMAKE_PREFIX_PATH}:/opt/ros/humble /usr/bin/cmake --build /home/cxz/go2_ws/build/champ -- -j32 -l32
[0.263s] DEBUG:colcon.colcon_core.event_handler.log_command:Invoking command in '/home/cxz/go2_ws/build/champ_msgs': CMAKE_PREFIX_PATH=${CMAKE_PREFIX_PATH}:/opt/ros/humble /usr/bin/cmake --build /home/cxz/go2_ws/build/champ_msgs -- -j32 -l32
[0.264s] DEBUG:colcon.colcon_core.event_handler.log_command:Invoking command in '/home/cxz/go2_ws/build/champ_description': CMAKE_PREFIX_PATH=${CMAKE_PREFIX_PATH}:/opt/ros/humble /usr/bin/cmake --build /home/cxz/go2_ws/build/champ_description -- -j32 -l32
[0.266s] DEBUG:colcon.colcon_core.event_handler.log_command:Invoking command in '/home/cxz/go2_ws/build/champ_config': CMAKE_PREFIX_PATH=${CMAKE_PREFIX_PATH}:/opt/ros/humble /usr/bin/cmake --build /home/cxz/go2_ws/build/champ_config -- -j32 -l32
[0.267s] DEBUG:colcon.colcon_core.event_handler.log_command:Invoking command in '/home/cxz/go2_ws/build/champ_navigation': CMAKE_PREFIX_PATH=${CMAKE_PREFIX_PATH}:/opt/ros/humble /usr/bin/cmake --build /home/cxz/go2_ws/build/champ_navigation -- -j32 -l32
[0.268s] DEBUG:colcon.colcon_core.event_handler.log_command:Invoking command in '/home/cxz/go2_ws/build/champ_teleop': CMAKE_PREFIX_PATH=${CMAKE_PREFIX_PATH}:/opt/ros/humble /usr/bin/cmake --build /home/cxz/go2_ws/build/champ_teleop -- -j32 -l32
[0.269s] DEBUG:colcon.colcon_core.event_handler.log_command:Invoking command in '/home/cxz/go2_ws/build/go2_config': CMAKE_PREFIX_PATH=${CMAKE_PREFIX_PATH}:/opt/ros/humble /usr/bin/cmake --build /home/cxz/go2_ws/build/go2_config -- -j32 -l32
[0.271s] DEBUG:colcon.colcon_core.event_handler.log_command:Invoking command in '/home/cxz/go2_ws/build/go2_description': CMAKE_PREFIX_PATH=${CMAKE_PREFIX_PATH}:/opt/ros/humble /usr/bin/cmake --build /home/cxz/go2_ws/build/go2_description -- -j32 -l32
[0.272s] DEBUG:colcon.colcon_core.event_handler.log_command:Invoking command in '/home/cxz/go2_ws/build/m20_config': CMAKE_PREFIX_PATH=${CMAKE_PREFIX_PATH}:/opt/ros/humble /usr/bin/cmake --build /home/cxz/go2_ws/build/m20_config -- -j32 -l32
[0.274s] DEBUG:colcon.colcon_core.event_handler.log_command:Invoking command in '/home/cxz/go2_ws/build/m20_description': CMAKE_PREFIX_PATH=${CMAKE_PREFIX_PATH}:/opt/ros/humble /usr/bin/cmake --build /home/cxz/go2_ws/build/m20_description -- -j32 -l32
[0.276s] DEBUG:colcon.colcon_core.event_handler.log_command:Invoking command in '/home/cxz/go2_ws/build/teleop_twist_keyboard': CMAKE_PREFIX_PATH=${CMAKE_PREFIX_PATH}:/opt/ros/humble /usr/bin/cmake --build /home/cxz/go2_ws/build/teleop_twist_keyboard -- -j32 -l32
[0.291s] DEBUG:colcon.colcon_core.event_handler.log_command:Invoked command in '/home/cxz/go2_ws/build/champ_navigation' returned '0': CMAKE_PREFIX_PATH=${CMAKE_PREFIX_PATH}:/opt/ros/humble /usr/bin/cmake --build /home/cxz/go2_ws/build/champ_navigation -- -j32 -l32
[0.298s] DEBUG:colcon.colcon_core.event_handler.log_command:Invoking command in '/home/cxz/go2_ws/build/champ_navigation': CMAKE_PREFIX_PATH=${CMAKE_PREFIX_PATH}:/opt/ros/humble /usr/bin/cmake --install /home/cxz/go2_ws/build/champ_navigation
[0.300s] DEBUG:colcon.colcon_core.event_handler.log_command:Invoked command in '/home/cxz/go2_ws/build/champ_description' returned '0': CMAKE_PREFIX_PATH=${CMAKE_PREFIX_PATH}:/opt/ros/humble /usr/bin/cmake --build /home/cxz/go2_ws/build/champ_description -- -j32 -l32
[0.301s] DEBUG:colcon.colcon_core.event_handler.log_command:Invoking command in '/home/cxz/go2_ws/build/champ_description': CMAKE_PREFIX_PATH=${CMAKE_PREFIX_PATH}:/opt/ros/humble /usr/bin/cmake --install /home/cxz/go2_ws/build/champ_description
[0.301s] DEBUG:colcon.colcon_core.event_handler.log_command:Invoked command in '/home/cxz/go2_ws/build/champ' returned '0': CMAKE_PREFIX_PATH=${CMAKE_PREFIX_PATH}:/opt/ros/humble /usr/bin/cmake --build /home/cxz/go2_ws/build/champ -- -j32 -l32
[0.302s] DEBUG:colcon.colcon_core.event_handler.log_command:Invoking command in '/home/cxz/go2_ws/build/champ': CMAKE_PREFIX_PATH=${CMAKE_PREFIX_PATH}:/opt/ros/humble /usr/bin/cmake --install /home/cxz/go2_ws/build/champ
[0.303s] DEBUG:colcon.colcon_core.event_handler.log_command:Invoked command in '/home/cxz/go2_ws/build/champ_teleop' returned '0': CMAKE_PREFIX_PATH=${CMAKE_PREFIX_PATH}:/opt/ros/humble /usr/bin/cmake --build /home/cxz/go2_ws/build/champ_teleop -- -j32 -l32
[0.304s] DEBUG:colcon.colcon_core.event_handler.log_command:Invoking command in '/home/cxz/go2_ws/build/champ_teleop': CMAKE_PREFIX_PATH=${CMAKE_PREFIX_PATH}:/opt/ros/humble /usr/bin/cmake --install /home/cxz/go2_ws/build/champ_teleop
[0.306s] DEBUG:colcon.colcon_core.event_handler.log_command:Invoked command in '/home/cxz/go2_ws/build/go2_config' returned '0': CMAKE_PREFIX_PATH=${CMAKE_PREFIX_PATH}:/opt/ros/humble /usr/bin/cmake --build /home/cxz/go2_ws/build/go2_config -- -j32 -l32
[0.309s] DEBUG:colcon.colcon_core.event_handler.log_command:Invoking command in '/home/cxz/go2_ws/build/go2_config': CMAKE_PREFIX_PATH=${CMAKE_PREFIX_PATH}:/opt/ros/humble /usr/bin/cmake --install /home/cxz/go2_ws/build/go2_config
[0.310s] DEBUG:colcon.colcon_core.event_handler.log_command:Invoked command in '/home/cxz/go2_ws/build/champ_config' returned '0': CMAKE_PREFIX_PATH=${CMAKE_PREFIX_PATH}:/opt/ros/humble /usr/bin/cmake --build /home/cxz/go2_ws/build/champ_config -- -j32 -l32
[0.311s] DEBUG:colcon.colcon_core.event_handler.log_command:Invoking command in '/home/cxz/go2_ws/build/champ_config': CMAKE_PREFIX_PATH=${CMAKE_PREFIX_PATH}:/opt/ros/humble /usr/bin/cmake --install /home/cxz/go2_ws/build/champ_config
[0.312s] DEBUG:colcon.colcon_core.event_handler.log_command:Invoked command in '/home/cxz/go2_ws/build/m20_config' returned '0': CMAKE_PREFIX_PATH=${CMAKE_PREFIX_PATH}:/opt/ros/humble /usr/bin/cmake --build /home/cxz/go2_ws/build/m20_config -- -j32 -l32
[0.314s] DEBUG:colcon.colcon_core.event_handler.log_command:Invoking command in '/home/cxz/go2_ws/build/m20_config': CMAKE_PREFIX_PATH=${CMAKE_PREFIX_PATH}:/opt/ros/humble /usr/bin/cmake --install /home/cxz/go2_ws/build/m20_config
[0.324s] Level 1:colcon.colcon_core.environment:create_environment_scripts_only(champ_navigation)
[0.335s] DEBUG:colcon.colcon_core.event_handler.log_command:Invoked command in '/home/cxz/go2_ws/build/go2_description' returned '0': CMAKE_PREFIX_PATH=${CMAKE_PREFIX_PATH}:/opt/ros/humble /usr/bin/cmake --build /home/cxz/go2_ws/build/go2_description -- -j32 -l32
[0.336s] Level 1:colcon.colcon_core.environment:checking '/home/cxz/go2_ws/install/champ_navigation' for CMake module files
[0.338s] Level 1:colcon.colcon_core.environment:checking '/home/cxz/go2_ws/install/champ_navigation' for CMake config files
[0.342s] DEBUG:colcon.colcon_core.event_handler.log_command:Invoking command in '/home/cxz/go2_ws/build/go2_description': CMAKE_PREFIX_PATH=${CMAKE_PREFIX_PATH}:/opt/ros/humble /usr/bin/cmake --install /home/cxz/go2_ws/build/go2_description
[0.342s] Level 1:colcon.colcon_core.shell:create_environment_hook('champ_navigation', 'cmake_prefix_path')
[0.342s] INFO:colcon.colcon_core.shell:Creating environment hook '/home/cxz/go2_ws/install/champ_navigation/share/champ_navigation/hook/cmake_prefix_path.ps1'
[0.344s] INFO:colcon.colcon_core.shell:Creating environment descriptor '/home/cxz/go2_ws/install/champ_navigation/share/champ_navigation/hook/cmake_prefix_path.dsv'
[0.345s] DEBUG:colcon.colcon_core.event_handler.log_command:Invoked command in '/home/cxz/go2_ws/build/m20_description' returned '0': CMAKE_PREFIX_PATH=${CMAKE_PREFIX_PATH}:/opt/ros/humble /usr/bin/cmake --build /home/cxz/go2_ws/build/m20_description -- -j32 -l32
[0.346s] INFO:colcon.colcon_core.shell:Creating environment hook '/home/cxz/go2_ws/install/champ_navigation/share/champ_navigation/hook/cmake_prefix_path.sh'
[0.346s] DEBUG:colcon.colcon_core.event_handler.log_command:Invoking command in '/home/cxz/go2_ws/build/m20_description': CMAKE_PREFIX_PATH=${CMAKE_PREFIX_PATH}:/opt/ros/humble /usr/bin/cmake --install /home/cxz/go2_ws/build/m20_description
[0.346s] DEBUG:colcon.colcon_core.event_handler.log_command:Invoked command in '/home/cxz/go2_ws/build/champ_navigation' returned '0': CMAKE_PREFIX_PATH=${CMAKE_PREFIX_PATH}:/opt/ros/humble /usr/bin/cmake --install /home/cxz/go2_ws/build/champ_navigation
[0.347s] Level 1:colcon.colcon_core.environment:checking '/home/cxz/go2_ws/install/champ_navigation/bin'
[0.347s] Level 1:colcon.colcon_core.environment:checking '/home/cxz/go2_ws/install/champ_navigation/lib/pkgconfig/champ_navigation.pc'
[0.347s] Level 1:colcon.colcon_core.environment:checking '/home/cxz/go2_ws/install/champ_navigation/lib/python3.10/site-packages'
[0.348s] Level 1:colcon.colcon_core.environment:checking '/home/cxz/go2_ws/install/champ_navigation/bin'
[0.348s] INFO:colcon.colcon_core.shell:Creating package script '/home/cxz/go2_ws/install/champ_navigation/share/champ_navigation/package.ps1'
[0.352s] INFO:colcon.colcon_core.shell:Creating package descriptor '/home/cxz/go2_ws/install/champ_navigation/share/champ_navigation/package.dsv'
[0.353s] INFO:colcon.colcon_core.shell:Creating package script '/home/cxz/go2_ws/install/champ_navigation/share/champ_navigation/package.sh'
[0.354s] INFO:colcon.colcon_core.shell:Creating package script '/home/cxz/go2_ws/install/champ_navigation/share/champ_navigation/package.bash'
[0.355s] INFO:colcon.colcon_core.shell:Creating package script '/home/cxz/go2_ws/install/champ_navigation/share/champ_navigation/package.zsh'
[0.355s] Level 1:colcon.colcon_core.environment:create_file_with_runtime_dependencies(/home/cxz/go2_ws/install/champ_navigation/share/colcon-core/packages/champ_navigation)
[0.355s] Level 1:colcon.colcon_core.environment:create_environment_scripts_only(champ_navigation)
[0.355s] Level 1:colcon.colcon_core.environment:checking '/home/cxz/go2_ws/install/champ_navigation' for CMake module files
[0.356s] Level 1:colcon.colcon_core.environment:checking '/home/cxz/go2_ws/install/champ_navigation' for CMake config files
[0.356s] Level 1:colcon.colcon_core.shell:create_environment_hook('champ_navigation', 'cmake_prefix_path')
[0.356s] INFO:colcon.colcon_core.shell:Creating environment hook '/home/cxz/go2_ws/install/champ_navigation/share/champ_navigation/hook/cmake_prefix_path.ps1'
[0.356s] INFO:colcon.colcon_core.shell:Creating environment descriptor '/home/cxz/go2_ws/install/champ_navigation/share/champ_navigation/hook/cmake_prefix_path.dsv'
[0.356s] INFO:colcon.colcon_core.shell:Creating environment hook '/home/cxz/go2_ws/install/champ_navigation/share/champ_navigation/hook/cmake_prefix_path.sh'
[0.357s] Level 1:colcon.colcon_core.environment:checking '/home/cxz/go2_ws/install/champ_navigation/bin'
[0.357s] Level 1:colcon.colcon_core.environment:checking '/home/cxz/go2_ws/install/champ_navigation/lib/pkgconfig/champ_navigation.pc'
[0.357s] Level 1:colcon.colcon_core.environment:checking '/home/cxz/go2_ws/install/champ_navigation/lib/python3.10/site-packages'
[0.357s] Level 1:colcon.colcon_core.environment:checking '/home/cxz/go2_ws/install/champ_navigation/bin'
[0.357s] INFO:colcon.colcon_core.shell:Creating package script '/home/cxz/go2_ws/install/champ_navigation/share/champ_navigation/package.ps1'
[0.358s] INFO:colcon.colcon_core.shell:Creating package descriptor '/home/cxz/go2_ws/install/champ_navigation/share/champ_navigation/package.dsv'
[0.358s] INFO:colcon.colcon_core.shell:Creating package script '/home/cxz/go2_ws/install/champ_navigation/share/champ_navigation/package.sh'
[0.358s] INFO:colcon.colcon_core.shell:Creating package script '/home/cxz/go2_ws/install/champ_navigation/share/champ_navigation/package.bash'
[0.358s] INFO:colcon.colcon_core.shell:Creating package script '/home/cxz/go2_ws/install/champ_navigation/share/champ_navigation/package.zsh'
[0.358s] Level 1:colcon.colcon_core.environment:create_file_with_runtime_dependencies(/home/cxz/go2_ws/install/champ_navigation/share/colcon-core/packages/champ_navigation)
[0.359s] Level 1:colcon.colcon_core.environment:create_environment_scripts_only(champ)
[0.359s] Level 1:colcon.colcon_core.environment:checking '/home/cxz/go2_ws/install/champ' for CMake module files
[0.360s] DEBUG:colcon.colcon_core.event_handler.log_command:Invoked command in '/home/cxz/go2_ws/build/champ' returned '0': CMAKE_PREFIX_PATH=${CMAKE_PREFIX_PATH}:/opt/ros/humble /usr/bin/cmake --install /home/cxz/go2_ws/build/champ
[0.360s] Level 1:colcon.colcon_core.environment:checking '/home/cxz/go2_ws/install/champ' for CMake config files
[0.360s] Level 1:colcon.colcon_core.shell:create_environment_hook('champ', 'cmake_prefix_path')
[0.360s] INFO:colcon.colcon_core.shell:Creating environment hook '/home/cxz/go2_ws/install/champ/share/champ/hook/cmake_prefix_path.ps1'
[0.361s] INFO:colcon.colcon_core.shell:Creating environment descriptor '/home/cxz/go2_ws/install/champ/share/champ/hook/cmake_prefix_path.dsv'
[0.361s] INFO:colcon.colcon_core.shell:Creating environment hook '/home/cxz/go2_ws/install/champ/share/champ/hook/cmake_prefix_path.sh'
[0.361s] Level 1:colcon.colcon_core.environment:checking '/home/cxz/go2_ws/install/champ/bin'
[0.361s] Level 1:colcon.colcon_core.environment:checking '/home/cxz/go2_ws/install/champ/lib/pkgconfig/champ.pc'
[0.362s] Level 1:colcon.colcon_core.environment:checking '/home/cxz/go2_ws/install/champ/lib/python3.10/site-packages'
[0.362s] Level 1:colcon.colcon_core.environment:checking '/home/cxz/go2_ws/install/champ/bin'
[0.362s] INFO:colcon.colcon_core.shell:Creating package script '/home/cxz/go2_ws/install/champ/share/champ/package.ps1'
[0.362s] INFO:colcon.colcon_core.shell:Creating package descriptor '/home/cxz/go2_ws/install/champ/share/champ/package.dsv'
[0.363s] INFO:colcon.colcon_core.shell:Creating package script '/home/cxz/go2_ws/install/champ/share/champ/package.sh'
[0.363s] INFO:colcon.colcon_core.shell:Creating package script '/home/cxz/go2_ws/install/champ/share/champ/package.bash'
[0.363s] INFO:colcon.colcon_core.shell:Creating package script '/home/cxz/go2_ws/install/champ/share/champ/package.zsh'
[0.363s] Level 1:colcon.colcon_core.environment:create_file_with_runtime_dependencies(/home/cxz/go2_ws/install/champ/share/colcon-core/packages/champ)
[0.363s] Level 1:colcon.colcon_core.environment:create_environment_scripts_only(champ)
[0.364s] Level 1:colcon.colcon_core.environment:checking '/home/cxz/go2_ws/install/champ' for CMake module files
[0.364s] Level 1:colcon.colcon_core.environment:checking '/home/cxz/go2_ws/install/champ' for CMake config files
[0.364s] Level 1:colcon.colcon_core.shell:create_environment_hook('champ', 'cmake_prefix_path')
[0.364s] INFO:colcon.colcon_core.shell:Creating environment hook '/home/cxz/go2_ws/install/champ/share/champ/hook/cmake_prefix_path.ps1'
[0.364s] INFO:colcon.colcon_core.shell:Creating environment descriptor '/home/cxz/go2_ws/install/champ/share/champ/hook/cmake_prefix_path.dsv'
[0.365s] INFO:colcon.colcon_core.shell:Creating environment hook '/home/cxz/go2_ws/install/champ/share/champ/hook/cmake_prefix_path.sh'
[0.365s] Level 1:colcon.colcon_core.environment:checking '/home/cxz/go2_ws/install/champ/bin'
[0.365s] Level 1:colcon.colcon_core.environment:checking '/home/cxz/go2_ws/install/champ/lib/pkgconfig/champ.pc'
[0.365s] Level 1:colcon.colcon_core.environment:checking '/home/cxz/go2_ws/install/champ/lib/python3.10/site-packages'
[0.365s] Level 1:colcon.colcon_core.environment:checking '/home/cxz/go2_ws/install/champ/bin'
[0.365s] INFO:colcon.colcon_core.shell:Creating package script '/home/cxz/go2_ws/install/champ/share/champ/package.ps1'
[0.366s] INFO:colcon.colcon_core.shell:Creating package descriptor '/home/cxz/go2_ws/install/champ/share/champ/package.dsv'
[0.366s] INFO:colcon.colcon_core.shell:Creating package script '/home/cxz/go2_ws/install/champ/share/champ/package.sh'
[0.366s] INFO:colcon.colcon_core.shell:Creating package script '/home/cxz/go2_ws/install/champ/share/champ/package.bash'
[0.367s] INFO:colcon.colcon_core.shell:Creating package script '/home/cxz/go2_ws/install/champ/share/champ/package.zsh'
[0.367s] Level 1:colcon.colcon_core.environment:create_file_with_runtime_dependencies(/home/cxz/go2_ws/install/champ/share/colcon-core/packages/champ)
[0.367s] Level 1:colcon.colcon_core.environment:create_environment_scripts_only(champ_description)
[0.367s] Level 1:colcon.colcon_core.environment:checking '/home/cxz/go2_ws/install/champ_description' for CMake module files
[0.367s] Level 1:colcon.colcon_core.environment:checking '/home/cxz/go2_ws/install/champ_description' for CMake config files
[0.368s] DEBUG:colcon.colcon_core.event_handler.log_command:Invoked command in '/home/cxz/go2_ws/build/champ_description' returned '0': CMAKE_PREFIX_PATH=${CMAKE_PREFIX_PATH}:/opt/ros/humble /usr/bin/cmake --install /home/cxz/go2_ws/build/champ_description
[0.368s] Level 1:colcon.colcon_core.shell:create_environment_hook('champ_description', 'cmake_prefix_path')
[0.368s] INFO:colcon.colcon_core.shell:Creating environment hook '/home/cxz/go2_ws/install/champ_description/share/champ_description/hook/cmake_prefix_path.ps1'
[0.368s] INFO:colcon.colcon_core.shell:Creating environment descriptor '/home/cxz/go2_ws/install/champ_description/share/champ_description/hook/cmake_prefix_path.dsv'
[0.368s] INFO:colcon.colcon_core.shell:Creating environment hook '/home/cxz/go2_ws/install/champ_description/share/champ_description/hook/cmake_prefix_path.sh'
[0.369s] Level 1:colcon.colcon_core.environment:checking '/home/cxz/go2_ws/install/champ_description/bin'
[0.369s] Level 1:colcon.colcon_core.environment:checking '/home/cxz/go2_ws/install/champ_description/lib/pkgconfig/champ_description.pc'
[0.369s] Level 1:colcon.colcon_core.environment:checking '/home/cxz/go2_ws/install/champ_description/lib/python3.10/site-packages'
[0.369s] Level 1:colcon.colcon_core.environment:checking '/home/cxz/go2_ws/install/champ_description/bin'
[0.369s] INFO:colcon.colcon_core.shell:Creating package script '/home/cxz/go2_ws/install/champ_description/share/champ_description/package.ps1'
[0.369s] INFO:colcon.colcon_core.shell:Creating package descriptor '/home/cxz/go2_ws/install/champ_description/share/champ_description/package.dsv'
[0.370s] INFO:colcon.colcon_core.shell:Creating package script '/home/cxz/go2_ws/install/champ_description/share/champ_description/package.sh'
[0.370s] INFO:colcon.colcon_core.shell:Creating package script '/home/cxz/go2_ws/install/champ_description/share/champ_description/package.bash'
[0.370s] INFO:colcon.colcon_core.shell:Creating package script '/home/cxz/go2_ws/install/champ_description/share/champ_description/package.zsh'
[0.370s] Level 1:colcon.colcon_core.environment:create_file_with_runtime_dependencies(/home/cxz/go2_ws/install/champ_description/share/colcon-core/packages/champ_description)
[0.371s] Level 1:colcon.colcon_core.environment:create_environment_scripts_only(champ_description)
[0.371s] Level 1:colcon.colcon_core.environment:checking '/home/cxz/go2_ws/install/champ_description' for CMake module files
[0.371s] Level 1:colcon.colcon_core.environment:checking '/home/cxz/go2_ws/install/champ_description' for CMake config files
[0.371s] Level 1:colcon.colcon_core.shell:create_environment_hook('champ_description', 'cmake_prefix_path')
[0.371s] INFO:colcon.colcon_core.shell:Creating environment hook '/home/cxz/go2_ws/install/champ_description/share/champ_description/hook/cmake_prefix_path.ps1'
[0.372s] INFO:colcon.colcon_core.shell:Creating environment descriptor '/home/cxz/go2_ws/install/champ_description/share/champ_description/hook/cmake_prefix_path.dsv'
[0.372s] INFO:colcon.colcon_core.shell:Creating environment hook '/home/cxz/go2_ws/install/champ_description/share/champ_description/hook/cmake_prefix_path.sh'
[0.372s] Level 1:colcon.colcon_core.environment:checking '/home/cxz/go2_ws/install/champ_description/bin'
[0.372s] Level 1:colcon.colcon_core.environment:checking '/home/cxz/go2_ws/install/champ_description/lib/pkgconfig/champ_description.pc'
[0.372s] Level 1:colcon.colcon_core.environment:checking '/home/cxz/go2_ws/install/champ_description/lib/python3.10/site-packages'
[0.372s] Level 1:colcon.colcon_core.environment:checking '/home/cxz/go2_ws/install/champ_description/bin'
[0.373s] INFO:colcon.colcon_core.shell:Creating package script '/home/cxz/go2_ws/install/champ_description/share/champ_description/package.ps1'
[0.373s] INFO:colcon.colcon_core.shell:Creating package descriptor '/home/cxz/go2_ws/install/champ_description/share/champ_description/package.dsv'
[0.373s] INFO:colcon.colcon_core.shell:Creating package script '/home/cxz/go2_ws/install/champ_description/share/champ_description/package.sh'
[0.373s] INFO:colcon.colcon_core.shell:Creating package script '/home/cxz/go2_ws/install/champ_description/share/champ_description/package.bash'
[0.374s] INFO:colcon.colcon_core.shell:Creating package script '/home/cxz/go2_ws/install/champ_description/share/champ_description/package.zsh'
[0.374s] Level 1:colcon.colcon_core.environment:create_file_with_runtime_dependencies(/home/cxz/go2_ws/install/champ_description/share/colcon-core/packages/champ_description)
[0.374s] Level 1:colcon.colcon_core.environment:create_environment_scripts_only(champ_teleop)
[0.374s] Level 1:colcon.colcon_core.environment:checking '/home/cxz/go2_ws/install/champ_teleop' for CMake module files
[0.375s] DEBUG:colcon.colcon_core.event_handler.log_command:Invoked command in '/home/cxz/go2_ws/build/champ_teleop' returned '0': CMAKE_PREFIX_PATH=${CMAKE_PREFIX_PATH}:/opt/ros/humble /usr/bin/cmake --install /home/cxz/go2_ws/build/champ_teleop
[0.375s] Level 1:colcon.colcon_core.environment:checking '/home/cxz/go2_ws/install/champ_teleop' for CMake config files
[0.375s] Level 1:colcon.colcon_core.shell:create_environment_hook('champ_teleop', 'cmake_prefix_path')
[0.375s] INFO:colcon.colcon_core.shell:Creating environment hook '/home/cxz/go2_ws/install/champ_teleop/share/champ_teleop/hook/cmake_prefix_path.ps1'
[0.375s] INFO:colcon.colcon_core.shell:Creating environment descriptor '/home/cxz/go2_ws/install/champ_teleop/share/champ_teleop/hook/cmake_prefix_path.dsv'
[0.375s] INFO:colcon.colcon_core.shell:Creating environment hook '/home/cxz/go2_ws/install/champ_teleop/share/champ_teleop/hook/cmake_prefix_path.sh'
[0.376s] Level 1:colcon.colcon_core.environment:checking '/home/cxz/go2_ws/install/champ_teleop/lib'
[0.376s] Level 1:colcon.colcon_core.environment:checking '/home/cxz/go2_ws/install/champ_teleop/bin'
[0.376s] Level 1:colcon.colcon_core.environment:checking '/home/cxz/go2_ws/install/champ_teleop/lib/pkgconfig/champ_teleop.pc'
[0.376s] Level 1:colcon.colcon_core.environment:checking '/home/cxz/go2_ws/install/champ_teleop/lib/python3.10/site-packages'
[0.376s] Level 1:colcon.colcon_core.environment:checking '/home/cxz/go2_ws/install/champ_teleop/bin'
[0.376s] INFO:colcon.colcon_core.shell:Creating package script '/home/cxz/go2_ws/install/champ_teleop/share/champ_teleop/package.ps1'
[0.377s] INFO:colcon.colcon_core.shell:Creating package descriptor '/home/cxz/go2_ws/install/champ_teleop/share/champ_teleop/package.dsv'
[0.377s] INFO:colcon.colcon_core.shell:Creating package script '/home/cxz/go2_ws/install/champ_teleop/share/champ_teleop/package.sh'
[0.377s] INFO:colcon.colcon_core.shell:Creating package script '/home/cxz/go2_ws/install/champ_teleop/share/champ_teleop/package.bash'
[0.377s] INFO:colcon.colcon_core.shell:Creating package script '/home/cxz/go2_ws/install/champ_teleop/share/champ_teleop/package.zsh'
[0.377s] Level 1:colcon.colcon_core.environment:create_file_with_runtime_dependencies(/home/cxz/go2_ws/install/champ_teleop/share/colcon-core/packages/champ_teleop)
[0.378s] Level 1:colcon.colcon_core.environment:create_environment_scripts_only(champ_teleop)
[0.378s] Level 1:colcon.colcon_core.environment:checking '/home/cxz/go2_ws/install/champ_teleop' for CMake module files
[0.378s] Level 1:colcon.colcon_core.environment:checking '/home/cxz/go2_ws/install/champ_teleop' for CMake config files
[0.378s] Level 1:colcon.colcon_core.shell:create_environment_hook('champ_teleop', 'cmake_prefix_path')
[0.378s] INFO:colcon.colcon_core.shell:Creating environment hook '/home/cxz/go2_ws/install/champ_teleop/share/champ_teleop/hook/cmake_prefix_path.ps1'
[0.378s] INFO:colcon.colcon_core.shell:Creating environment descriptor '/home/cxz/go2_ws/install/champ_teleop/share/champ_teleop/hook/cmake_prefix_path.dsv'
[0.379s] INFO:colcon.colcon_core.shell:Creating environment hook '/home/cxz/go2_ws/install/champ_teleop/share/champ_teleop/hook/cmake_prefix_path.sh'
[0.379s] Level 1:colcon.colcon_core.environment:checking '/home/cxz/go2_ws/install/champ_teleop/lib'
[0.379s] Level 1:colcon.colcon_core.environment:checking '/home/cxz/go2_ws/install/champ_teleop/bin'
[0.379s] Level 1:colcon.colcon_core.environment:checking '/home/cxz/go2_ws/install/champ_teleop/lib/pkgconfig/champ_teleop.pc'
[0.379s] Level 1:colcon.colcon_core.environment:checking '/home/cxz/go2_ws/install/champ_teleop/lib/python3.10/site-packages'
[0.379s] Level 1:colcon.colcon_core.environment:checking '/home/cxz/go2_ws/install/champ_teleop/bin'
[0.380s] INFO:colcon.colcon_core.shell:Creating package script '/home/cxz/go2_ws/install/champ_teleop/share/champ_teleop/package.ps1'
[0.380s] INFO:colcon.colcon_core.shell:Creating package descriptor '/home/cxz/go2_ws/install/champ_teleop/share/champ_teleop/package.dsv'
[0.380s] INFO:colcon.colcon_core.shell:Creating package script '/home/cxz/go2_ws/install/champ_teleop/share/champ_teleop/package.sh'
[0.380s] INFO:colcon.colcon_core.shell:Creating package script '/home/cxz/go2_ws/install/champ_teleop/share/champ_teleop/package.bash'
[0.381s] INFO:colcon.colcon_core.shell:Creating package script '/home/cxz/go2_ws/install/champ_teleop/share/champ_teleop/package.zsh'
[0.381s] Level 1:colcon.colcon_core.environment:create_file_with_runtime_dependencies(/home/cxz/go2_ws/install/champ_teleop/share/colcon-core/packages/champ_teleop)
[0.381s] Level 1:colcon.colcon_core.environment:create_environment_scripts_only(go2_config)
[0.381s] Level 1:colcon.colcon_core.environment:checking '/home/cxz/go2_ws/install/go2_config' for CMake module files
[0.382s] DEBUG:colcon.colcon_core.event_handler.log_command:Invoked command in '/home/cxz/go2_ws/build/go2_config' returned '0': CMAKE_PREFIX_PATH=${CMAKE_PREFIX_PATH}:/opt/ros/humble /usr/bin/cmake --install /home/cxz/go2_ws/build/go2_config
[0.382s] Level 1:colcon.colcon_core.environment:checking '/home/cxz/go2_ws/install/go2_config' for CMake config files
[0.384s] Level 1:colcon.colcon_core.shell:create_environment_hook('go2_config', 'cmake_prefix_path')
[0.384s] INFO:colcon.colcon_core.shell:Creating environment hook '/home/cxz/go2_ws/install/go2_config/share/go2_config/hook/cmake_prefix_path.ps1'
[0.385s] INFO:colcon.colcon_core.shell:Creating environment descriptor '/home/cxz/go2_ws/install/go2_config/share/go2_config/hook/cmake_prefix_path.dsv'
[0.385s] INFO:colcon.colcon_core.shell:Creating environment hook '/home/cxz/go2_ws/install/go2_config/share/go2_config/hook/cmake_prefix_path.sh'
[0.386s] Level 1:colcon.colcon_core.environment:checking '/home/cxz/go2_ws/install/go2_config/bin'
[0.386s] Level 1:colcon.colcon_core.environment:checking '/home/cxz/go2_ws/install/go2_config/lib/pkgconfig/go2_config.pc'
[0.386s] Level 1:colcon.colcon_core.environment:checking '/home/cxz/go2_ws/install/go2_config/lib/python3.10/site-packages'
[0.386s] Level 1:colcon.colcon_core.environment:checking '/home/cxz/go2_ws/install/go2_config/bin'
[0.387s] INFO:colcon.colcon_core.shell:Creating package script '/home/cxz/go2_ws/install/go2_config/share/go2_config/package.ps1'
[0.387s] INFO:colcon.colcon_core.shell:Creating package descriptor '/home/cxz/go2_ws/install/go2_config/share/go2_config/package.dsv'
[0.388s] INFO:colcon.colcon_core.shell:Creating package script '/home/cxz/go2_ws/install/go2_config/share/go2_config/package.sh'
[0.388s] INFO:colcon.colcon_core.shell:Creating package script '/home/cxz/go2_ws/install/go2_config/share/go2_config/package.bash'
[0.388s] INFO:colcon.colcon_core.shell:Creating package script '/home/cxz/go2_ws/install/go2_config/share/go2_config/package.zsh'
[0.388s] Level 1:colcon.colcon_core.environment:create_file_with_runtime_dependencies(/home/cxz/go2_ws/install/go2_config/share/colcon-core/packages/go2_config)
[0.388s] Level 1:colcon.colcon_core.environment:create_environment_scripts_only(go2_config)
[0.389s] Level 1:colcon.colcon_core.environment:checking '/home/cxz/go2_ws/install/go2_config' for CMake module files
[0.389s] Level 1:colcon.colcon_core.environment:checking '/home/cxz/go2_ws/install/go2_config' for CMake config files
[0.389s] Level 1:colcon.colcon_core.shell:create_environment_hook('go2_config', 'cmake_prefix_path')
[0.389s] INFO:colcon.colcon_core.shell:Creating environment hook '/home/cxz/go2_ws/install/go2_config/share/go2_config/hook/cmake_prefix_path.ps1'
[0.389s] INFO:colcon.colcon_core.shell:Creating environment descriptor '/home/cxz/go2_ws/install/go2_config/share/go2_config/hook/cmake_prefix_path.dsv'
[0.390s] INFO:colcon.colcon_core.shell:Creating environment hook '/home/cxz/go2_ws/install/go2_config/share/go2_config/hook/cmake_prefix_path.sh'
[0.390s] Level 1:colcon.colcon_core.environment:checking '/home/cxz/go2_ws/install/go2_config/bin'
[0.390s] Level 1:colcon.colcon_core.environment:checking '/home/cxz/go2_ws/install/go2_config/lib/pkgconfig/go2_config.pc'
[0.390s] Level 1:colcon.colcon_core.environment:checking '/home/cxz/go2_ws/install/go2_config/lib/python3.10/site-packages'
[0.390s] Level 1:colcon.colcon_core.environment:checking '/home/cxz/go2_ws/install/go2_config/bin'
[0.391s] INFO:colcon.colcon_core.shell:Creating package script '/home/cxz/go2_ws/install/go2_config/share/go2_config/package.ps1'
[0.391s] INFO:colcon.colcon_core.shell:Creating package descriptor '/home/cxz/go2_ws/install/go2_config/share/go2_config/package.dsv'
[0.391s] INFO:colcon.colcon_core.shell:Creating package script '/home/cxz/go2_ws/install/go2_config/share/go2_config/package.sh'
[0.391s] INFO:colcon.colcon_core.shell:Creating package script '/home/cxz/go2_ws/install/go2_config/share/go2_config/package.bash'
[0.392s] INFO:colcon.colcon_core.shell:Creating package script '/home/cxz/go2_ws/install/go2_config/share/go2_config/package.zsh'
[0.392s] Level 1:colcon.colcon_core.environment:create_file_with_runtime_dependencies(/home/cxz/go2_ws/install/go2_config/share/colcon-core/packages/go2_config)
[0.393s] Level 1:colcon.colcon_core.environment:create_environment_scripts_only(champ_config)
[0.393s] Level 1:colcon.colcon_core.environment:checking '/home/cxz/go2_ws/install/champ_config' for CMake module files
[0.393s] DEBUG:colcon.colcon_core.event_handler.log_command:Invoked command in '/home/cxz/go2_ws/build/champ_config' returned '0': CMAKE_PREFIX_PATH=${CMAKE_PREFIX_PATH}:/opt/ros/humble /usr/bin/cmake --install /home/cxz/go2_ws/build/champ_config
[0.394s] Level 1:colcon.colcon_core.environment:checking '/home/cxz/go2_ws/install/champ_config' for CMake config files
[0.394s] Level 1:colcon.colcon_core.shell:create_environment_hook('champ_config', 'cmake_prefix_path')
[0.394s] INFO:colcon.colcon_core.shell:Creating environment hook '/home/cxz/go2_ws/install/champ_config/share/champ_config/hook/cmake_prefix_path.ps1'
[0.394s] INFO:colcon.colcon_core.shell:Creating environment descriptor '/home/cxz/go2_ws/install/champ_config/share/champ_config/hook/cmake_prefix_path.dsv'
[0.394s] INFO:colcon.colcon_core.shell:Creating environment hook '/home/cxz/go2_ws/install/champ_config/share/champ_config/hook/cmake_prefix_path.sh'
[0.395s] Level 1:colcon.colcon_core.environment:checking '/home/cxz/go2_ws/install/champ_config/bin'
[0.395s] Level 1:colcon.colcon_core.environment:checking '/home/cxz/go2_ws/install/champ_config/lib/pkgconfig/champ_config.pc'
[0.395s] Level 1:colcon.colcon_core.environment:checking '/home/cxz/go2_ws/install/champ_config/lib/python3.10/site-packages'
[0.395s] Level 1:colcon.colcon_core.environment:checking '/home/cxz/go2_ws/install/champ_config/bin'
[0.395s] INFO:colcon.colcon_core.shell:Creating package script '/home/cxz/go2_ws/install/champ_config/share/champ_config/package.ps1'
[0.396s] INFO:colcon.colcon_core.shell:Creating package descriptor '/home/cxz/go2_ws/install/champ_config/share/champ_config/package.dsv'
[0.396s] INFO:colcon.colcon_core.shell:Creating package script '/home/cxz/go2_ws/install/champ_config/share/champ_config/package.sh'
[0.396s] INFO:colcon.colcon_core.shell:Creating package script '/home/cxz/go2_ws/install/champ_config/share/champ_config/package.bash'
[0.396s] INFO:colcon.colcon_core.shell:Creating package script '/home/cxz/go2_ws/install/champ_config/share/champ_config/package.zsh'
[0.397s] Level 1:colcon.colcon_core.environment:create_file_with_runtime_dependencies(/home/cxz/go2_ws/install/champ_config/share/colcon-core/packages/champ_config)
[0.397s] Level 1:colcon.colcon_core.environment:create_environment_scripts_only(champ_config)
[0.397s] Level 1:colcon.colcon_core.environment:checking '/home/cxz/go2_ws/install/champ_config' for CMake module files
[0.397s] Level 1:colcon.colcon_core.environment:checking '/home/cxz/go2_ws/install/champ_config' for CMake config files
[0.397s] Level 1:colcon.colcon_core.shell:create_environment_hook('champ_config', 'cmake_prefix_path')
[0.398s] INFO:colcon.colcon_core.shell:Creating environment hook '/home/cxz/go2_ws/install/champ_config/share/champ_config/hook/cmake_prefix_path.ps1'
[0.398s] INFO:colcon.colcon_core.shell:Creating environment descriptor '/home/cxz/go2_ws/install/champ_config/share/champ_config/hook/cmake_prefix_path.dsv'
[0.398s] INFO:colcon.colcon_core.shell:Creating environment hook '/home/cxz/go2_ws/install/champ_config/share/champ_config/hook/cmake_prefix_path.sh'
[0.398s] Level 1:colcon.colcon_core.environment:checking '/home/cxz/go2_ws/install/champ_config/bin'
[0.398s] Level 1:colcon.colcon_core.environment:checking '/home/cxz/go2_ws/install/champ_config/lib/pkgconfig/champ_config.pc'
[0.399s] Level 1:colcon.colcon_core.environment:checking '/home/cxz/go2_ws/install/champ_config/lib/python3.10/site-packages'
[0.399s] Level 1:colcon.colcon_core.environment:checking '/home/cxz/go2_ws/install/champ_config/bin'
[0.399s] INFO:colcon.colcon_core.shell:Creating package script '/home/cxz/go2_ws/install/champ_config/share/champ_config/package.ps1'
[0.399s] INFO:colcon.colcon_core.shell:Creating package descriptor '/home/cxz/go2_ws/install/champ_config/share/champ_config/package.dsv'
[0.400s] INFO:colcon.colcon_core.shell:Creating package script '/home/cxz/go2_ws/install/champ_config/share/champ_config/package.sh'
[0.400s] INFO:colcon.colcon_core.shell:Creating package script '/home/cxz/go2_ws/install/champ_config/share/champ_config/package.bash'
[0.400s] INFO:colcon.colcon_core.shell:Creating package script '/home/cxz/go2_ws/install/champ_config/share/champ_config/package.zsh'
[0.400s] Level 1:colcon.colcon_core.environment:create_file_with_runtime_dependencies(/home/cxz/go2_ws/install/champ_config/share/colcon-core/packages/champ_config)
[0.400s] Level 1:colcon.colcon_core.environment:create_environment_scripts_only(go2_description)
[0.400s] Level 1:colcon.colcon_core.environment:checking '/home/cxz/go2_ws/install/go2_description' for CMake module files
[0.401s] Level 1:colcon.colcon_core.environment:checking '/home/cxz/go2_ws/install/go2_description' for CMake config files
[0.401s] DEBUG:colcon.colcon_core.event_handler.log_command:Invoked command in '/home/cxz/go2_ws/build/go2_description' returned '0': CMAKE_PREFIX_PATH=${CMAKE_PREFIX_PATH}:/opt/ros/humble /usr/bin/cmake --install /home/cxz/go2_ws/build/go2_description
[0.401s] Level 1:colcon.colcon_core.shell:create_environment_hook('go2_description', 'cmake_prefix_path')
[0.402s] INFO:colcon.colcon_core.shell:Creating environment hook '/home/cxz/go2_ws/install/go2_description/share/go2_description/hook/cmake_prefix_path.ps1'
[0.402s] INFO:colcon.colcon_core.shell:Creating environment descriptor '/home/cxz/go2_ws/install/go2_description/share/go2_description/hook/cmake_prefix_path.dsv'
[0.402s] INFO:colcon.colcon_core.shell:Creating environment hook '/home/cxz/go2_ws/install/go2_description/share/go2_description/hook/cmake_prefix_path.sh'
[0.402s] Level 1:colcon.colcon_core.environment:checking '/home/cxz/go2_ws/install/go2_description/bin'
[0.402s] Level 1:colcon.colcon_core.environment:checking '/home/cxz/go2_ws/install/go2_description/lib/pkgconfig/go2_description.pc'
[0.402s] Level 1:colcon.colcon_core.environment:checking '/home/cxz/go2_ws/install/go2_description/lib/python3.10/site-packages'
[0.403s] Level 1:colcon.colcon_core.environment:checking '/home/cxz/go2_ws/install/go2_description/bin'
[0.403s] INFO:colcon.colcon_core.shell:Creating package script '/home/cxz/go2_ws/install/go2_description/share/go2_description/package.ps1'
[0.403s] INFO:colcon.colcon_core.shell:Creating package descriptor '/home/cxz/go2_ws/install/go2_description/share/go2_description/package.dsv'
[0.403s] INFO:colcon.colcon_core.shell:Creating package script '/home/cxz/go2_ws/install/go2_description/share/go2_description/package.sh'
[0.404s] INFO:colcon.colcon_core.shell:Creating package script '/home/cxz/go2_ws/install/go2_description/share/go2_description/package.bash'
[0.404s] INFO:colcon.colcon_core.shell:Creating package script '/home/cxz/go2_ws/install/go2_description/share/go2_description/package.zsh'
[0.404s] Level 1:colcon.colcon_core.environment:create_file_with_runtime_dependencies(/home/cxz/go2_ws/install/go2_description/share/colcon-core/packages/go2_description)
[0.404s] Level 1:colcon.colcon_core.environment:create_environment_scripts_only(go2_description)
[0.404s] Level 1:colcon.colcon_core.environment:checking '/home/cxz/go2_ws/install/go2_description' for CMake module files
[0.404s] Level 1:colcon.colcon_core.environment:checking '/home/cxz/go2_ws/install/go2_description' for CMake config files
[0.405s] Level 1:colcon.colcon_core.shell:create_environment_hook('go2_description', 'cmake_prefix_path')
[0.405s] INFO:colcon.colcon_core.shell:Creating environment hook '/home/cxz/go2_ws/install/go2_description/share/go2_description/hook/cmake_prefix_path.ps1'
[0.405s] INFO:colcon.colcon_core.shell:Creating environment descriptor '/home/cxz/go2_ws/install/go2_description/share/go2_description/hook/cmake_prefix_path.dsv'
[0.405s] INFO:colcon.colcon_core.shell:Creating environment hook '/home/cxz/go2_ws/install/go2_description/share/go2_description/hook/cmake_prefix_path.sh'
[0.405s] Level 1:colcon.colcon_core.environment:checking '/home/cxz/go2_ws/install/go2_description/bin'
[0.406s] Level 1:colcon.colcon_core.environment:checking '/home/cxz/go2_ws/install/go2_description/lib/pkgconfig/go2_description.pc'
[0.406s] Level 1:colcon.colcon_core.environment:checking '/home/cxz/go2_ws/install/go2_description/lib/python3.10/site-packages'
[0.406s] Level 1:colcon.colcon_core.environment:checking '/home/cxz/go2_ws/install/go2_description/bin'
[0.406s] INFO:colcon.colcon_core.shell:Creating package script '/home/cxz/go2_ws/install/go2_description/share/go2_description/package.ps1'
[0.406s] INFO:colcon.colcon_core.shell:Creating package descriptor '/home/cxz/go2_ws/install/go2_description/share/go2_description/package.dsv'
[0.407s] INFO:colcon.colcon_core.shell:Creating package script '/home/cxz/go2_ws/install/go2_description/share/go2_description/package.sh'
[0.407s] INFO:colcon.colcon_core.shell:Creating package script '/home/cxz/go2_ws/install/go2_description/share/go2_description/package.bash'
[0.407s] INFO:colcon.colcon_core.shell:Creating package script '/home/cxz/go2_ws/install/go2_description/share/go2_description/package.zsh'
[0.407s] Level 1:colcon.colcon_core.environment:create_file_with_runtime_dependencies(/home/cxz/go2_ws/install/go2_description/share/colcon-core/packages/go2_description)
[0.407s] Level 1:colcon.colcon_core.environment:create_environment_scripts_only(m20_config)
[0.408s] Level 1:colcon.colcon_core.environment:checking '/home/cxz/go2_ws/install/m20_config' for CMake module files
[0.408s] DEBUG:colcon.colcon_core.event_handler.log_command:Invoked command in '/home/cxz/go2_ws/build/m20_config' returned '0': CMAKE_PREFIX_PATH=${CMAKE_PREFIX_PATH}:/opt/ros/humble /usr/bin/cmake --install /home/cxz/go2_ws/build/m20_config
[0.408s] Level 1:colcon.colcon_core.environment:checking '/home/cxz/go2_ws/install/m20_config' for CMake config files
[0.408s] Level 1:colcon.colcon_core.shell:create_environment_hook('m20_config', 'cmake_prefix_path')
[0.408s] INFO:colcon.colcon_core.shell:Creating environment hook '/home/cxz/go2_ws/install/m20_config/share/m20_config/hook/cmake_prefix_path.ps1'
[0.409s] INFO:colcon.colcon_core.shell:Creating environment descriptor '/home/cxz/go2_ws/install/m20_config/share/m20_config/hook/cmake_prefix_path.dsv'
[0.409s] INFO:colcon.colcon_core.shell:Creating environment hook '/home/cxz/go2_ws/install/m20_config/share/m20_config/hook/cmake_prefix_path.sh'
[0.409s] Level 1:colcon.colcon_core.environment:checking '/home/cxz/go2_ws/install/m20_config/bin'
[0.409s] Level 1:colcon.colcon_core.environment:checking '/home/cxz/go2_ws/install/m20_config/lib/pkgconfig/m20_config.pc'
[0.409s] Level 1:colcon.colcon_core.environment:checking '/home/cxz/go2_ws/install/m20_config/lib/python3.10/site-packages'
[0.410s] Level 1:colcon.colcon_core.environment:checking '/home/cxz/go2_ws/install/m20_config/bin'
[0.410s] INFO:colcon.colcon_core.shell:Creating package script '/home/cxz/go2_ws/install/m20_config/share/m20_config/package.ps1'
[0.410s] INFO:colcon.colcon_core.shell:Creating package descriptor '/home/cxz/go2_ws/install/m20_config/share/m20_config/package.dsv'
[0.410s] INFO:colcon.colcon_core.shell:Creating package script '/home/cxz/go2_ws/install/m20_config/share/m20_config/package.sh'
[0.411s] INFO:colcon.colcon_core.shell:Creating package script '/home/cxz/go2_ws/install/m20_config/share/m20_config/package.bash'
[0.411s] INFO:colcon.colcon_core.shell:Creating package script '/home/cxz/go2_ws/install/m20_config/share/m20_config/package.zsh'
[0.411s] Level 1:colcon.colcon_core.environment:create_file_with_runtime_dependencies(/home/cxz/go2_ws/install/m20_config/share/colcon-core/packages/m20_config)
[0.411s] Level 1:colcon.colcon_core.environment:create_environment_scripts_only(m20_config)
[0.411s] Level 1:colcon.colcon_core.environment:checking '/home/cxz/go2_ws/install/m20_config' for CMake module files
[0.412s] Level 1:colcon.colcon_core.environment:checking '/home/cxz/go2_ws/install/m20_config' for CMake config files
[0.412s] Level 1:colcon.colcon_core.shell:create_environment_hook('m20_config', 'cmake_prefix_path')
[0.412s] INFO:colcon.colcon_core.shell:Creating environment hook '/home/cxz/go2_ws/install/m20_config/share/m20_config/hook/cmake_prefix_path.ps1'
[0.412s] INFO:colcon.colcon_core.shell:Creating environment descriptor '/home/cxz/go2_ws/install/m20_config/share/m20_config/hook/cmake_prefix_path.dsv'
[0.412s] INFO:colcon.colcon_core.shell:Creating environment hook '/home/cxz/go2_ws/install/m20_config/share/m20_config/hook/cmake_prefix_path.sh'
[0.413s] Level 1:colcon.colcon_core.environment:checking '/home/cxz/go2_ws/install/m20_config/bin'
[0.413s] Level 1:colcon.colcon_core.environment:checking '/home/cxz/go2_ws/install/m20_config/lib/pkgconfig/m20_config.pc'
[0.413s] Level 1:colcon.colcon_core.environment:checking '/home/cxz/go2_ws/install/m20_config/lib/python3.10/site-packages'
[0.413s] Level 1:colcon.colcon_core.environment:checking '/home/cxz/go2_ws/install/m20_config/bin'
[0.413s] INFO:colcon.colcon_core.shell:Creating package script '/home/cxz/go2_ws/install/m20_config/share/m20_config/package.ps1'
[0.414s] INFO:colcon.colcon_core.shell:Creating package descriptor '/home/cxz/go2_ws/install/m20_config/share/m20_config/package.dsv'
[0.414s] INFO:colcon.colcon_core.shell:Creating package script '/home/cxz/go2_ws/install/m20_config/share/m20_config/package.sh'
[0.414s] INFO:colcon.colcon_core.shell:Creating package script '/home/cxz/go2_ws/install/m20_config/share/m20_config/package.bash'
[0.414s] INFO:colcon.colcon_core.shell:Creating package script '/home/cxz/go2_ws/install/m20_config/share/m20_config/package.zsh'
[0.414s] Level 1:colcon.colcon_core.environment:create_file_with_runtime_dependencies(/home/cxz/go2_ws/install/m20_config/share/colcon-core/packages/m20_config)
[0.415s] Level 1:colcon.colcon_core.environment:create_environment_scripts_only(m20_description)
[0.415s] Level 1:colcon.colcon_core.environment:checking '/home/cxz/go2_ws/install/m20_description' for CMake module files
[0.415s] DEBUG:colcon.colcon_core.event_handler.log_command:Invoked command in '/home/cxz/go2_ws/build/m20_description' returned '0': CMAKE_PREFIX_PATH=${CMAKE_PREFIX_PATH}:/opt/ros/humble /usr/bin/cmake --install /home/cxz/go2_ws/build/m20_description
[0.415s] Level 1:colcon.colcon_core.environment:checking '/home/cxz/go2_ws/install/m20_description' for CMake config files
[0.416s] Level 1:colcon.colcon_core.shell:create_environment_hook('m20_description', 'cmake_prefix_path')
[0.416s] INFO:colcon.colcon_core.shell:Creating environment hook '/home/cxz/go2_ws/install/m20_description/share/m20_description/hook/cmake_prefix_path.ps1'
[0.416s] INFO:colcon.colcon_core.shell:Creating environment descriptor '/home/cxz/go2_ws/install/m20_description/share/m20_description/hook/cmake_prefix_path.dsv'
[0.416s] INFO:colcon.colcon_core.shell:Creating environment hook '/home/cxz/go2_ws/install/m20_description/share/m20_description/hook/cmake_prefix_path.sh'
[0.416s] Level 1:colcon.colcon_core.environment:checking '/home/cxz/go2_ws/install/m20_description/bin'
[0.416s] Level 1:colcon.colcon_core.environment:checking '/home/cxz/go2_ws/install/m20_description/lib/pkgconfig/m20_description.pc'
[0.416s] Level 1:colcon.colcon_core.environment:checking '/home/cxz/go2_ws/install/m20_description/lib/python3.10/site-packages'
[0.417s] Level 1:colcon.colcon_core.environment:checking '/home/cxz/go2_ws/install/m20_description/bin'
[0.417s] INFO:colcon.colcon_core.shell:Creating package script '/home/cxz/go2_ws/install/m20_description/share/m20_description/package.ps1'
[0.417s] INFO:colcon.colcon_core.shell:Creating package descriptor '/home/cxz/go2_ws/install/m20_description/share/m20_description/package.dsv'
[0.417s] INFO:colcon.colcon_core.shell:Creating package script '/home/cxz/go2_ws/install/m20_description/share/m20_description/package.sh'
[0.418s] INFO:colcon.colcon_core.shell:Creating package script '/home/cxz/go2_ws/install/m20_description/share/m20_description/package.bash'
[0.418s] INFO:colcon.colcon_core.shell:Creating package script '/home/cxz/go2_ws/install/m20_description/share/m20_description/package.zsh'
[0.418s] Level 1:colcon.colcon_core.environment:create_file_with_runtime_dependencies(/home/cxz/go2_ws/install/m20_description/share/colcon-core/packages/m20_description)
[0.418s] Level 1:colcon.colcon_core.environment:create_environment_scripts_only(m20_description)
[0.418s] Level 1:colcon.colcon_core.environment:checking '/home/cxz/go2_ws/install/m20_description' for CMake module files
[0.419s] Level 1:colcon.colcon_core.environment:checking '/home/cxz/go2_ws/install/m20_description' for CMake config files
[0.419s] Level 1:colcon.colcon_core.shell:create_environment_hook('m20_description', 'cmake_prefix_path')
[0.419s] INFO:colcon.colcon_core.shell:Creating environment hook '/home/cxz/go2_ws/install/m20_description/share/m20_description/hook/cmake_prefix_path.ps1'
[0.419s] INFO:colcon.colcon_core.shell:Creating environment descriptor '/home/cxz/go2_ws/install/m20_description/share/m20_description/hook/cmake_prefix_path.dsv'
[0.419s] INFO:colcon.colcon_core.shell:Creating environment hook '/home/cxz/go2_ws/install/m20_description/share/m20_description/hook/cmake_prefix_path.sh'
[0.419s] Level 1:colcon.colcon_core.environment:checking '/home/cxz/go2_ws/install/m20_description/bin'
[0.420s] Level 1:colcon.colcon_core.environment:checking '/home/cxz/go2_ws/install/m20_description/lib/pkgconfig/m20_description.pc'
[0.420s] Level 1:colcon.colcon_core.environment:checking '/home/cxz/go2_ws/install/m20_description/lib/python3.10/site-packages'
[0.420s] Level 1:colcon.colcon_core.environment:checking '/home/cxz/go2_ws/install/m20_description/bin'
[0.420s] INFO:colcon.colcon_core.shell:Creating package script '/home/cxz/go2_ws/install/m20_description/share/m20_description/package.ps1'
[0.420s] INFO:colcon.colcon_core.shell:Creating package descriptor '/home/cxz/go2_ws/install/m20_description/share/m20_description/package.dsv'
[0.421s] INFO:colcon.colcon_core.shell:Creating package script '/home/cxz/go2_ws/install/m20_description/share/m20_description/package.sh'
[0.421s] INFO:colcon.colcon_core.shell:Creating package script '/home/cxz/go2_ws/install/m20_description/share/m20_description/package.bash'
[0.421s] INFO:colcon.colcon_core.shell:Creating package script '/home/cxz/go2_ws/install/m20_description/share/m20_description/package.zsh'
[0.421s] Level 1:colcon.colcon_core.environment:create_file_with_runtime_dependencies(/home/cxz/go2_ws/install/m20_description/share/colcon-core/packages/m20_description)
[0.484s] DEBUG:colcon.colcon_core.event_handler.log_command:Invoked command in '/home/cxz/go2_ws/build/champ_msgs' returned '0': CMAKE_PREFIX_PATH=${CMAKE_PREFIX_PATH}:/opt/ros/humble /usr/bin/cmake --build /home/cxz/go2_ws/build/champ_msgs -- -j32 -l32
[0.485s] DEBUG:colcon.colcon_core.event_handler.log_command:Invoking command in '/home/cxz/go2_ws/build/champ_msgs': CMAKE_PREFIX_PATH=${CMAKE_PREFIX_PATH}:/opt/ros/humble /usr/bin/cmake --install /home/cxz/go2_ws/build/champ_msgs
[0.498s] DEBUG:colcon.colcon_core.event_handler.log_command:Invoked command in '/home/cxz/go2_ws/build/teleop_twist_keyboard' returned '0': CMAKE_PREFIX_PATH=${CMAKE_PREFIX_PATH}:/opt/ros/humble /usr/bin/cmake --build /home/cxz/go2_ws/build/teleop_twist_keyboard -- -j32 -l32
[0.498s] DEBUG:colcon.colcon_core.event_handler.log_command:Invoking command in '/home/cxz/go2_ws/build/teleop_twist_keyboard': CMAKE_PREFIX_PATH=${CMAKE_PREFIX_PATH}:/opt/ros/humble /usr/bin/cmake --install /home/cxz/go2_ws/build/teleop_twist_keyboard
[0.525s] Level 1:colcon.colcon_core.environment:create_environment_scripts_only(champ_msgs)
[0.525s] DEBUG:colcon.colcon_core.event_handler.log_command:Invoked command in '/home/cxz/go2_ws/build/champ_msgs' returned '0': CMAKE_PREFIX_PATH=${CMAKE_PREFIX_PATH}:/opt/ros/humble /usr/bin/cmake --install /home/cxz/go2_ws/build/champ_msgs
[0.525s] Level 1:colcon.colcon_core.environment:checking '/home/cxz/go2_ws/install/champ_msgs' for CMake module files
[0.526s] Level 1:colcon.colcon_core.environment:checking '/home/cxz/go2_ws/install/champ_msgs' for CMake config files
[0.527s] Level 1:colcon.colcon_core.shell:create_environment_hook('champ_msgs', 'cmake_prefix_path')
[0.527s] INFO:colcon.colcon_core.shell:Creating environment hook '/home/cxz/go2_ws/install/champ_msgs/share/champ_msgs/hook/cmake_prefix_path.ps1'
[0.527s] INFO:colcon.colcon_core.shell:Creating environment descriptor '/home/cxz/go2_ws/install/champ_msgs/share/champ_msgs/hook/cmake_prefix_path.dsv'
[0.527s] INFO:colcon.colcon_core.shell:Creating environment hook '/home/cxz/go2_ws/install/champ_msgs/share/champ_msgs/hook/cmake_prefix_path.sh'
[0.528s] Level 1:colcon.colcon_core.environment:checking '/home/cxz/go2_ws/install/champ_msgs/lib'
[0.528s] Level 1:colcon.colcon_core.shell:create_environment_hook('champ_msgs', 'ld_library_path_lib')
[0.528s] INFO:colcon.colcon_core.shell:Creating environment hook '/home/cxz/go2_ws/install/champ_msgs/share/champ_msgs/hook/ld_library_path_lib.ps1'
[0.528s] INFO:colcon.colcon_core.shell:Creating environment descriptor '/home/cxz/go2_ws/install/champ_msgs/share/champ_msgs/hook/ld_library_path_lib.dsv'
[0.529s] INFO:colcon.colcon_core.shell:Creating environment hook '/home/cxz/go2_ws/install/champ_msgs/share/champ_msgs/hook/ld_library_path_lib.sh'
[0.529s] Level 1:colcon.colcon_core.environment:checking '/home/cxz/go2_ws/install/champ_msgs/bin'
[0.529s] Level 1:colcon.colcon_core.environment:checking '/home/cxz/go2_ws/install/champ_msgs/lib/pkgconfig/champ_msgs.pc'
[0.529s] Level 1:colcon.colcon_core.environment:checking '/home/cxz/go2_ws/install/champ_msgs/lib/python3.10/site-packages'
[0.529s] Level 1:colcon.colcon_core.environment:checking '/home/cxz/go2_ws/install/champ_msgs/bin'
[0.530s] INFO:colcon.colcon_core.shell:Creating package script '/home/cxz/go2_ws/install/champ_msgs/share/champ_msgs/package.ps1'
[0.531s] INFO:colcon.colcon_core.shell:Creating package descriptor '/home/cxz/go2_ws/install/champ_msgs/share/champ_msgs/package.dsv'
[0.531s] INFO:colcon.colcon_core.shell:Creating package script '/home/cxz/go2_ws/install/champ_msgs/share/champ_msgs/package.sh'
[0.531s] INFO:colcon.colcon_core.shell:Creating package script '/home/cxz/go2_ws/install/champ_msgs/share/champ_msgs/package.bash'
[0.532s] INFO:colcon.colcon_core.shell:Creating package script '/home/cxz/go2_ws/install/champ_msgs/share/champ_msgs/package.zsh'
[0.532s] Level 1:colcon.colcon_core.environment:create_file_with_runtime_dependencies(/home/cxz/go2_ws/install/champ_msgs/share/colcon-core/packages/champ_msgs)
[0.532s] Level 1:colcon.colcon_core.environment:create_environment_scripts_only(champ_msgs)
[0.533s] Level 1:colcon.colcon_core.environment:checking '/home/cxz/go2_ws/install/champ_msgs' for CMake module files
[0.533s] Level 1:colcon.colcon_core.environment:checking '/home/cxz/go2_ws/install/champ_msgs' for CMake config files
[0.533s] Level 1:colcon.colcon_core.shell:create_environment_hook('champ_msgs', 'cmake_prefix_path')
[0.533s] INFO:colcon.colcon_core.shell:Creating environment hook '/home/cxz/go2_ws/install/champ_msgs/share/champ_msgs/hook/cmake_prefix_path.ps1'
[0.534s] INFO:colcon.colcon_core.shell:Creating environment descriptor '/home/cxz/go2_ws/install/champ_msgs/share/champ_msgs/hook/cmake_prefix_path.dsv'
[0.534s] INFO:colcon.colcon_core.shell:Creating environment hook '/home/cxz/go2_ws/install/champ_msgs/share/champ_msgs/hook/cmake_prefix_path.sh'
[0.534s] Level 1:colcon.colcon_core.environment:checking '/home/cxz/go2_ws/install/champ_msgs/lib'
[0.534s] Level 1:colcon.colcon_core.shell:create_environment_hook('champ_msgs', 'ld_library_path_lib')
[0.534s] INFO:colcon.colcon_core.shell:Creating environment hook '/home/cxz/go2_ws/install/champ_msgs/share/champ_msgs/hook/ld_library_path_lib.ps1'
[0.535s] INFO:colcon.colcon_core.shell:Creating environment descriptor '/home/cxz/go2_ws/install/champ_msgs/share/champ_msgs/hook/ld_library_path_lib.dsv'
[0.535s] INFO:colcon.colcon_core.shell:Creating environment hook '/home/cxz/go2_ws/install/champ_msgs/share/champ_msgs/hook/ld_library_path_lib.sh'
[0.535s] Level 1:colcon.colcon_core.environment:checking '/home/cxz/go2_ws/install/champ_msgs/bin'
[0.535s] Level 1:colcon.colcon_core.environment:checking '/home/cxz/go2_ws/install/champ_msgs/lib/pkgconfig/champ_msgs.pc'
[0.535s] Level 1:colcon.colcon_core.environment:checking '/home/cxz/go2_ws/install/champ_msgs/lib/python3.10/site-packages'
[0.535s] Level 1:colcon.colcon_core.environment:checking '/home/cxz/go2_ws/install/champ_msgs/bin'
[0.536s] INFO:colcon.colcon_core.shell:Creating package script '/home/cxz/go2_ws/install/champ_msgs/share/champ_msgs/package.ps1'
[0.536s] INFO:colcon.colcon_core.shell:Creating package descriptor '/home/cxz/go2_ws/install/champ_msgs/share/champ_msgs/package.dsv'
[0.536s] INFO:colcon.colcon_core.shell:Creating package script '/home/cxz/go2_ws/install/champ_msgs/share/champ_msgs/package.sh'
[0.536s] INFO:colcon.colcon_core.shell:Creating package script '/home/cxz/go2_ws/install/champ_msgs/share/champ_msgs/package.bash'
[0.537s] INFO:colcon.colcon_core.shell:Creating package script '/home/cxz/go2_ws/install/champ_msgs/share/champ_msgs/package.zsh'
[0.537s] Level 1:colcon.colcon_core.environment:create_file_with_runtime_dependencies(/home/cxz/go2_ws/install/champ_msgs/share/colcon-core/packages/champ_msgs)
[0.537s] INFO:colcon.colcon_ros.task.ament_cmake.build:Building ROS package in '/home/cxz/go2_ws/src/unitree-go2-ros2/champ/champ_base' with build type 'ament_cmake'
[0.537s] INFO:colcon.colcon_cmake.task.cmake.build:Building CMake package in '/home/cxz/go2_ws/src/unitree-go2-ros2/champ/champ_base'
[0.537s] INFO:colcon.colcon_core.shell:Skip shell extension 'powershell' for command environment: Not usable outside of PowerShell
[0.537s] DEBUG:colcon.colcon_core.shell:Skip shell extension 'dsv' for command environment
[0.540s] INFO:colcon.colcon_ros.task.ament_cmake.build:Building ROS package in '/home/cxz/go2_ws/src/unitree-go2-ros2/champ/champ_gazebo' with build type 'ament_cmake'
[0.541s] INFO:colcon.colcon_cmake.task.cmake.build:Building CMake package in '/home/cxz/go2_ws/src/unitree-go2-ros2/champ/champ_gazebo'
[0.541s] INFO:colcon.colcon_core.shell:Skip shell extension 'powershell' for command environment: Not usable outside of PowerShell
[0.541s] DEBUG:colcon.colcon_core.shell:Skip shell extension 'dsv' for command environment
[0.544s] Level 1:colcon.colcon_core.environment:create_environment_scripts_only(teleop_twist_keyboard)
[0.544s] DEBUG:colcon.colcon_core.event_handler.log_command:Invoked command in '/home/cxz/go2_ws/build/teleop_twist_keyboard' returned '0': CMAKE_PREFIX_PATH=${CMAKE_PREFIX_PATH}:/opt/ros/humble /usr/bin/cmake --install /home/cxz/go2_ws/build/teleop_twist_keyboard
[0.544s] Level 1:colcon.colcon_core.environment:checking '/home/cxz/go2_ws/install/teleop_twist_keyboard' for CMake module files
[0.545s] Level 1:colcon.colcon_core.environment:checking '/home/cxz/go2_ws/install/teleop_twist_keyboard' for CMake config files
[0.545s] Level 1:colcon.colcon_core.shell:create_environment_hook('teleop_twist_keyboard', 'cmake_prefix_path')
[0.546s] INFO:colcon.colcon_core.shell:Creating environment hook '/home/cxz/go2_ws/install/teleop_twist_keyboard/share/teleop_twist_keyboard/hook/cmake_prefix_path.ps1'
[0.546s] INFO:colcon.colcon_core.shell:Creating environment descriptor '/home/cxz/go2_ws/install/teleop_twist_keyboard/share/teleop_twist_keyboard/hook/cmake_prefix_path.dsv'
[0.546s] INFO:colcon.colcon_core.shell:Creating environment hook '/home/cxz/go2_ws/install/teleop_twist_keyboard/share/teleop_twist_keyboard/hook/cmake_prefix_path.sh'
[0.547s] Level 1:colcon.colcon_core.environment:checking '/home/cxz/go2_ws/install/teleop_twist_keyboard/lib'
[0.547s] Level 1:colcon.colcon_core.environment:checking '/home/cxz/go2_ws/install/teleop_twist_keyboard/bin'
[0.547s] Level 1:colcon.colcon_core.environment:checking '/home/cxz/go2_ws/install/teleop_twist_keyboard/lib/pkgconfig/teleop_twist_keyboard.pc'
[0.547s] Level 1:colcon.colcon_core.environment:checking '/home/cxz/go2_ws/install/teleop_twist_keyboard/lib/python3.10/site-packages'
[0.547s] Level 1:colcon.colcon_core.environment:checking '/home/cxz/go2_ws/install/teleop_twist_keyboard/bin'
[0.547s] INFO:colcon.colcon_core.shell:Creating package script '/home/cxz/go2_ws/install/teleop_twist_keyboard/share/teleop_twist_keyboard/package.ps1'
[0.548s] INFO:colcon.colcon_core.shell:Creating package descriptor '/home/cxz/go2_ws/install/teleop_twist_keyboard/share/teleop_twist_keyboard/package.dsv'
[0.548s] INFO:colcon.colcon_core.shell:Creating package script '/home/cxz/go2_ws/install/teleop_twist_keyboard/share/teleop_twist_keyboard/package.sh'
[0.548s] INFO:colcon.colcon_core.shell:Creating package script '/home/cxz/go2_ws/install/teleop_twist_keyboard/share/teleop_twist_keyboard/package.bash'
[0.548s] INFO:colcon.colcon_core.shell:Creating package script '/home/cxz/go2_ws/install/teleop_twist_keyboard/share/teleop_twist_keyboard/package.zsh'
[0.548s] Level 1:colcon.colcon_core.environment:create_file_with_runtime_dependencies(/home/cxz/go2_ws/install/teleop_twist_keyboard/share/colcon-core/packages/teleop_twist_keyboard)
[0.549s] Level 1:colcon.colcon_core.environment:create_environment_scripts_only(teleop_twist_keyboard)
[0.549s] Level 1:colcon.colcon_core.environment:checking '/home/cxz/go2_ws/install/teleop_twist_keyboard' for CMake module files
[0.549s] Level 1:colcon.colcon_core.environment:checking '/home/cxz/go2_ws/install/teleop_twist_keyboard' for CMake config files
[0.549s] Level 1:colcon.colcon_core.shell:create_environment_hook('teleop_twist_keyboard', 'cmake_prefix_path')
[0.549s] INFO:colcon.colcon_core.shell:Creating environment hook '/home/cxz/go2_ws/install/teleop_twist_keyboard/share/teleop_twist_keyboard/hook/cmake_prefix_path.ps1'
[0.549s] INFO:colcon.colcon_core.shell:Creating environment descriptor '/home/cxz/go2_ws/install/teleop_twist_keyboard/share/teleop_twist_keyboard/hook/cmake_prefix_path.dsv'
[0.550s] INFO:colcon.colcon_core.shell:Creating environment hook '/home/cxz/go2_ws/install/teleop_twist_keyboard/share/teleop_twist_keyboard/hook/cmake_prefix_path.sh'
[0.550s] Level 1:colcon.colcon_core.environment:checking '/home/cxz/go2_ws/install/teleop_twist_keyboard/lib'
[0.550s] Level 1:colcon.colcon_core.environment:checking '/home/cxz/go2_ws/install/teleop_twist_keyboard/bin'
[0.550s] Level 1:colcon.colcon_core.environment:checking '/home/cxz/go2_ws/install/teleop_twist_keyboard/lib/pkgconfig/teleop_twist_keyboard.pc'
[0.550s] Level 1:colcon.colcon_core.environment:checking '/home/cxz/go2_ws/install/teleop_twist_keyboard/lib/python3.10/site-packages'
[0.550s] Level 1:colcon.colcon_core.environment:checking '/home/cxz/go2_ws/install/teleop_twist_keyboard/bin'
[0.550s] INFO:colcon.colcon_core.shell:Creating package script '/home/cxz/go2_ws/install/teleop_twist_keyboard/share/teleop_twist_keyboard/package.ps1'
[0.551s] INFO:colcon.colcon_core.shell:Creating package descriptor '/home/cxz/go2_ws/install/teleop_twist_keyboard/share/teleop_twist_keyboard/package.dsv'
[0.551s] INFO:colcon.colcon_core.shell:Creating package script '/home/cxz/go2_ws/install/teleop_twist_keyboard/share/teleop_twist_keyboard/package.sh'
[0.551s] INFO:colcon.colcon_core.shell:Creating package script '/home/cxz/go2_ws/install/teleop_twist_keyboard/share/teleop_twist_keyboard/package.bash'
[0.551s] INFO:colcon.colcon_core.shell:Creating package script '/home/cxz/go2_ws/install/teleop_twist_keyboard/share/teleop_twist_keyboard/package.zsh'
[0.551s] Level 1:colcon.colcon_core.environment:create_file_with_runtime_dependencies(/home/cxz/go2_ws/install/teleop_twist_keyboard/share/colcon-core/packages/teleop_twist_keyboard)
[0.554s] DEBUG:colcon.colcon_core.event_handler.log_command:Invoking command in '/home/cxz/go2_ws/build/champ_base': CMAKE_PREFIX_PATH=/home/cxz/go2_ws/install/champ_msgs:/home/cxz/go2_ws/install/champ:/home/cxz/go2_ws/install/teleop_twist_keyboard:/home/cxz/go2_ws/install/go2_description:/home/cxz/go2_ws/install/go2_config:/home/cxz/go2_ws/install/champ_teleop:/home/cxz/go2_ws/install/champ_navigation:/home/cxz/go2_ws/install/champ_bringup:/home/cxz/go2_ws/install/champ_base:/home/cxz/go2_ws/install/champ_description:/home/cxz/go2_ws/install/champ_config:/home/cxz/go2_ws/install/champ_gazebo:/home/cxz/go2_ws/install/m20_description:/home/cxz/go2_ws/install/m20_config:/home/cxz/champ_ws/install/champ_navigation:/home/cxz/champ_ws/install/champ_gazebo:/home/cxz/champ_ws/install/champ_bringup:/home/cxz/champ_ws/install/champ_base:/home/cxz/champ_ws/install/champ_msgs:/home/cxz/champ_ws/install/champ_description:/home/cxz/champ_ws/install/champ_config:/home/cxz/champ_ws/install/champ:/opt/ros/humble LD_LIBRARY_PATH=/home/cxz/go2_ws/install/champ_msgs/lib:/home/cxz/go2_ws/install/champ_base/lib:/home/cxz/champ_ws/install/champ_base/lib:/home/cxz/champ_ws/install/champ_msgs/lib:/usr/lib/x86_64-linux-gnu/gazebo-11/plugins:/opt/ros/humble/opt/rviz_ogre_vendor/lib:/opt/ros/humble/lib/x86_64-linux-gnu:/opt/ros/humble/lib /usr/bin/cmake --build /home/cxz/go2_ws/build/champ_base -- -j32 -l32
[0.555s] DEBUG:colcon.colcon_core.event_handler.log_command:Invoking command in '/home/cxz/go2_ws/build/champ_gazebo': CMAKE_PREFIX_PATH=/home/cxz/go2_ws/install/champ_msgs:/home/cxz/go2_ws/install/champ:/home/cxz/go2_ws/install/teleop_twist_keyboard:/home/cxz/go2_ws/install/go2_description:/home/cxz/go2_ws/install/go2_config:/home/cxz/go2_ws/install/champ_teleop:/home/cxz/go2_ws/install/champ_navigation:/home/cxz/go2_ws/install/champ_bringup:/home/cxz/go2_ws/install/champ_base:/home/cxz/go2_ws/install/champ_description:/home/cxz/go2_ws/install/champ_config:/home/cxz/go2_ws/install/champ_gazebo:/home/cxz/go2_ws/install/m20_description:/home/cxz/go2_ws/install/m20_config:/home/cxz/champ_ws/install/champ_navigation:/home/cxz/champ_ws/install/champ_gazebo:/home/cxz/champ_ws/install/champ_bringup:/home/cxz/champ_ws/install/champ_base:/home/cxz/champ_ws/install/champ_msgs:/home/cxz/champ_ws/install/champ_description:/home/cxz/champ_ws/install/champ_config:/home/cxz/champ_ws/install/champ:/opt/ros/humble LD_LIBRARY_PATH=/home/cxz/go2_ws/install/champ_msgs/lib:/home/cxz/go2_ws/install/champ_base/lib:/home/cxz/champ_ws/install/champ_base/lib:/home/cxz/champ_ws/install/champ_msgs/lib:/usr/lib/x86_64-linux-gnu/gazebo-11/plugins:/opt/ros/humble/opt/rviz_ogre_vendor/lib:/opt/ros/humble/lib/x86_64-linux-gnu:/opt/ros/humble/lib /usr/bin/cmake --build /home/cxz/go2_ws/build/champ_gazebo -- -j32 -l32
[0.625s] DEBUG:colcon.colcon_core.event_handler.log_command:Invoked command in '/home/cxz/go2_ws/build/champ_gazebo' returned '0': CMAKE_PREFIX_PATH=/home/cxz/go2_ws/install/champ_msgs:/home/cxz/go2_ws/install/champ:/home/cxz/go2_ws/install/teleop_twist_keyboard:/home/cxz/go2_ws/install/go2_description:/home/cxz/go2_ws/install/go2_config:/home/cxz/go2_ws/install/champ_teleop:/home/cxz/go2_ws/install/champ_navigation:/home/cxz/go2_ws/install/champ_bringup:/home/cxz/go2_ws/install/champ_base:/home/cxz/go2_ws/install/champ_description:/home/cxz/go2_ws/install/champ_config:/home/cxz/go2_ws/install/champ_gazebo:/home/cxz/go2_ws/install/m20_description:/home/cxz/go2_ws/install/m20_config:/home/cxz/champ_ws/install/champ_navigation:/home/cxz/champ_ws/install/champ_gazebo:/home/cxz/champ_ws/install/champ_bringup:/home/cxz/champ_ws/install/champ_base:/home/cxz/champ_ws/install/champ_msgs:/home/cxz/champ_ws/install/champ_description:/home/cxz/champ_ws/install/champ_config:/home/cxz/champ_ws/install/champ:/opt/ros/humble LD_LIBRARY_PATH=/home/cxz/go2_ws/install/champ_msgs/lib:/home/cxz/go2_ws/install/champ_base/lib:/home/cxz/champ_ws/install/champ_base/lib:/home/cxz/champ_ws/install/champ_msgs/lib:/usr/lib/x86_64-linux-gnu/gazebo-11/plugins:/opt/ros/humble/opt/rviz_ogre_vendor/lib:/opt/ros/humble/lib/x86_64-linux-gnu:/opt/ros/humble/lib /usr/bin/cmake --build /home/cxz/go2_ws/build/champ_gazebo -- -j32 -l32
[0.626s] DEBUG:colcon.colcon_core.event_handler.log_command:Invoking command in '/home/cxz/go2_ws/build/champ_gazebo': CMAKE_PREFIX_PATH=/home/cxz/go2_ws/install/champ_msgs:/home/cxz/go2_ws/install/champ:/home/cxz/go2_ws/install/teleop_twist_keyboard:/home/cxz/go2_ws/install/go2_description:/home/cxz/go2_ws/install/go2_config:/home/cxz/go2_ws/install/champ_teleop:/home/cxz/go2_ws/install/champ_navigation:/home/cxz/go2_ws/install/champ_bringup:/home/cxz/go2_ws/install/champ_base:/home/cxz/go2_ws/install/champ_description:/home/cxz/go2_ws/install/champ_config:/home/cxz/go2_ws/install/champ_gazebo:/home/cxz/go2_ws/install/m20_description:/home/cxz/go2_ws/install/m20_config:/home/cxz/champ_ws/install/champ_navigation:/home/cxz/champ_ws/install/champ_gazebo:/home/cxz/champ_ws/install/champ_bringup:/home/cxz/champ_ws/install/champ_base:/home/cxz/champ_ws/install/champ_msgs:/home/cxz/champ_ws/install/champ_description:/home/cxz/champ_ws/install/champ_config:/home/cxz/champ_ws/install/champ:/opt/ros/humble LD_LIBRARY_PATH=/home/cxz/go2_ws/install/champ_msgs/lib:/home/cxz/go2_ws/install/champ_base/lib:/home/cxz/champ_ws/install/champ_base/lib:/home/cxz/champ_ws/install/champ_msgs/lib:/usr/lib/x86_64-linux-gnu/gazebo-11/plugins:/opt/ros/humble/opt/rviz_ogre_vendor/lib:/opt/ros/humble/lib/x86_64-linux-gnu:/opt/ros/humble/lib /usr/bin/cmake --install /home/cxz/go2_ws/build/champ_gazebo
[0.632s] DEBUG:colcon.colcon_core.event_handler.log_command:Invoked command in '/home/cxz/go2_ws/build/champ_base' returned '0': CMAKE_PREFIX_PATH=/home/cxz/go2_ws/install/champ_msgs:/home/cxz/go2_ws/install/champ:/home/cxz/go2_ws/install/teleop_twist_keyboard:/home/cxz/go2_ws/install/go2_description:/home/cxz/go2_ws/install/go2_config:/home/cxz/go2_ws/install/champ_teleop:/home/cxz/go2_ws/install/champ_navigation:/home/cxz/go2_ws/install/champ_bringup:/home/cxz/go2_ws/install/champ_base:/home/cxz/go2_ws/install/champ_description:/home/cxz/go2_ws/install/champ_config:/home/cxz/go2_ws/install/champ_gazebo:/home/cxz/go2_ws/install/m20_description:/home/cxz/go2_ws/install/m20_config:/home/cxz/champ_ws/install/champ_navigation:/home/cxz/champ_ws/install/champ_gazebo:/home/cxz/champ_ws/install/champ_bringup:/home/cxz/champ_ws/install/champ_base:/home/cxz/champ_ws/install/champ_msgs:/home/cxz/champ_ws/install/champ_description:/home/cxz/champ_ws/install/champ_config:/home/cxz/champ_ws/install/champ:/opt/ros/humble LD_LIBRARY_PATH=/home/cxz/go2_ws/install/champ_msgs/lib:/home/cxz/go2_ws/install/champ_base/lib:/home/cxz/champ_ws/install/champ_base/lib:/home/cxz/champ_ws/install/champ_msgs/lib:/usr/lib/x86_64-linux-gnu/gazebo-11/plugins:/opt/ros/humble/opt/rviz_ogre_vendor/lib:/opt/ros/humble/lib/x86_64-linux-gnu:/opt/ros/humble/lib /usr/bin/cmake --build /home/cxz/go2_ws/build/champ_base -- -j32 -l32
[0.634s] DEBUG:colcon.colcon_core.event_handler.log_command:Invoking command in '/home/cxz/go2_ws/build/champ_base': CMAKE_PREFIX_PATH=/home/cxz/go2_ws/install/champ_msgs:/home/cxz/go2_ws/install/champ:/home/cxz/go2_ws/install/teleop_twist_keyboard:/home/cxz/go2_ws/install/go2_description:/home/cxz/go2_ws/install/go2_config:/home/cxz/go2_ws/install/champ_teleop:/home/cxz/go2_ws/install/champ_navigation:/home/cxz/go2_ws/install/champ_bringup:/home/cxz/go2_ws/install/champ_base:/home/cxz/go2_ws/install/champ_description:/home/cxz/go2_ws/install/champ_config:/home/cxz/go2_ws/install/champ_gazebo:/home/cxz/go2_ws/install/m20_description:/home/cxz/go2_ws/install/m20_config:/home/cxz/champ_ws/install/champ_navigation:/home/cxz/champ_ws/install/champ_gazebo:/home/cxz/champ_ws/install/champ_bringup:/home/cxz/champ_ws/install/champ_base:/home/cxz/champ_ws/install/champ_msgs:/home/cxz/champ_ws/install/champ_description:/home/cxz/champ_ws/install/champ_config:/home/cxz/champ_ws/install/champ:/opt/ros/humble LD_LIBRARY_PATH=/home/cxz/go2_ws/install/champ_msgs/lib:/home/cxz/go2_ws/install/champ_base/lib:/home/cxz/champ_ws/install/champ_base/lib:/home/cxz/champ_ws/install/champ_msgs/lib:/usr/lib/x86_64-linux-gnu/gazebo-11/plugins:/opt/ros/humble/opt/rviz_ogre_vendor/lib:/opt/ros/humble/lib/x86_64-linux-gnu:/opt/ros/humble/lib /usr/bin/cmake --install /home/cxz/go2_ws/build/champ_base
[0.635s] Level 1:colcon.colcon_core.environment:create_environment_scripts_only(champ_gazebo)
[0.636s] Level 1:colcon.colcon_core.environment:checking '/home/cxz/go2_ws/install/champ_gazebo' for CMake module files
[0.636s] DEBUG:colcon.colcon_core.event_handler.log_command:Invoked command in '/home/cxz/go2_ws/build/champ_gazebo' returned '0': CMAKE_PREFIX_PATH=/home/cxz/go2_ws/install/champ_msgs:/home/cxz/go2_ws/install/champ:/home/cxz/go2_ws/install/teleop_twist_keyboard:/home/cxz/go2_ws/install/go2_description:/home/cxz/go2_ws/install/go2_config:/home/cxz/go2_ws/install/champ_teleop:/home/cxz/go2_ws/install/champ_navigation:/home/cxz/go2_ws/install/champ_bringup:/home/cxz/go2_ws/install/champ_base:/home/cxz/go2_ws/install/champ_description:/home/cxz/go2_ws/install/champ_config:/home/cxz/go2_ws/install/champ_gazebo:/home/cxz/go2_ws/install/m20_description:/home/cxz/go2_ws/install/m20_config:/home/cxz/champ_ws/install/champ_navigation:/home/cxz/champ_ws/install/champ_gazebo:/home/cxz/champ_ws/install/champ_bringup:/home/cxz/champ_ws/install/champ_base:/home/cxz/champ_ws/install/champ_msgs:/home/cxz/champ_ws/install/champ_description:/home/cxz/champ_ws/install/champ_config:/home/cxz/champ_ws/install/champ:/opt/ros/humble LD_LIBRARY_PATH=/home/cxz/go2_ws/install/champ_msgs/lib:/home/cxz/go2_ws/install/champ_base/lib:/home/cxz/champ_ws/install/champ_base/lib:/home/cxz/champ_ws/install/champ_msgs/lib:/usr/lib/x86_64-linux-gnu/gazebo-11/plugins:/opt/ros/humble/opt/rviz_ogre_vendor/lib:/opt/ros/humble/lib/x86_64-linux-gnu:/opt/ros/humble/lib /usr/bin/cmake --install /home/cxz/go2_ws/build/champ_gazebo
[0.637s] Level 1:colcon.colcon_core.environment:checking '/home/cxz/go2_ws/install/champ_gazebo' for CMake config files
[0.638s] Level 1:colcon.colcon_core.shell:create_environment_hook('champ_gazebo', 'cmake_prefix_path')
[0.639s] INFO:colcon.colcon_core.shell:Creating environment hook '/home/cxz/go2_ws/install/champ_gazebo/share/champ_gazebo/hook/cmake_prefix_path.ps1'
[0.640s] INFO:colcon.colcon_core.shell:Creating environment descriptor '/home/cxz/go2_ws/install/champ_gazebo/share/champ_gazebo/hook/cmake_prefix_path.dsv'
[0.640s] INFO:colcon.colcon_core.shell:Creating environment hook '/home/cxz/go2_ws/install/champ_gazebo/share/champ_gazebo/hook/cmake_prefix_path.sh'
[0.641s] Level 1:colcon.colcon_core.environment:checking '/home/cxz/go2_ws/install/champ_gazebo/lib'
[0.641s] Level 1:colcon.colcon_core.environment:checking '/home/cxz/go2_ws/install/champ_gazebo/bin'
[0.642s] Level 1:colcon.colcon_core.shell:create_environment_hook('champ_gazebo', 'path')
[0.642s] INFO:colcon.colcon_core.shell:Creating environment hook '/home/cxz/go2_ws/install/champ_gazebo/share/champ_gazebo/hook/path.ps1'
[0.644s] INFO:colcon.colcon_core.shell:Creating environment descriptor '/home/cxz/go2_ws/install/champ_gazebo/share/champ_gazebo/hook/path.dsv'
[0.645s] INFO:colcon.colcon_core.shell:Creating environment hook '/home/cxz/go2_ws/install/champ_gazebo/share/champ_gazebo/hook/path.sh'
[0.646s] Level 1:colcon.colcon_core.environment:checking '/home/cxz/go2_ws/install/champ_gazebo/lib/pkgconfig/champ_gazebo.pc'
[0.647s] Level 1:colcon.colcon_core.environment:checking '/home/cxz/go2_ws/install/champ_gazebo/lib/python3.10/site-packages'
[0.647s] Level 1:colcon.colcon_core.environment:checking '/home/cxz/go2_ws/install/champ_gazebo/bin'
[0.647s] Level 1:colcon.colcon_core.shell:create_environment_hook('champ_gazebo', 'pythonscriptspath')
[0.647s] INFO:colcon.colcon_core.shell:Creating environment hook '/home/cxz/go2_ws/install/champ_gazebo/share/champ_gazebo/hook/pythonscriptspath.ps1'
[0.647s] INFO:colcon.colcon_core.shell:Creating environment descriptor '/home/cxz/go2_ws/install/champ_gazebo/share/champ_gazebo/hook/pythonscriptspath.dsv'
[0.648s] INFO:colcon.colcon_core.shell:Creating environment hook '/home/cxz/go2_ws/install/champ_gazebo/share/champ_gazebo/hook/pythonscriptspath.sh'
[0.648s] INFO:colcon.colcon_core.shell:Creating package script '/home/cxz/go2_ws/install/champ_gazebo/share/champ_gazebo/package.ps1'
[0.649s] INFO:colcon.colcon_core.shell:Creating package descriptor '/home/cxz/go2_ws/install/champ_gazebo/share/champ_gazebo/package.dsv'
[0.649s] INFO:colcon.colcon_core.shell:Creating package script '/home/cxz/go2_ws/install/champ_gazebo/share/champ_gazebo/package.sh'
[0.649s] INFO:colcon.colcon_core.shell:Creating package script '/home/cxz/go2_ws/install/champ_gazebo/share/champ_gazebo/package.bash'
[0.649s] INFO:colcon.colcon_core.shell:Creating package script '/home/cxz/go2_ws/install/champ_gazebo/share/champ_gazebo/package.zsh'
[0.650s] Level 1:colcon.colcon_core.environment:create_file_with_runtime_dependencies(/home/cxz/go2_ws/install/champ_gazebo/share/colcon-core/packages/champ_gazebo)
[0.650s] Level 1:colcon.colcon_core.environment:create_environment_scripts_only(champ_gazebo)
[0.650s] Level 1:colcon.colcon_core.environment:checking '/home/cxz/go2_ws/install/champ_gazebo' for CMake module files
[0.650s] Level 1:colcon.colcon_core.environment:checking '/home/cxz/go2_ws/install/champ_gazebo' for CMake config files
[0.651s] Level 1:colcon.colcon_core.shell:create_environment_hook('champ_gazebo', 'cmake_prefix_path')
[0.651s] INFO:colcon.colcon_core.shell:Creating environment hook '/home/cxz/go2_ws/install/champ_gazebo/share/champ_gazebo/hook/cmake_prefix_path.ps1'
[0.651s] INFO:colcon.colcon_core.shell:Creating environment descriptor '/home/cxz/go2_ws/install/champ_gazebo/share/champ_gazebo/hook/cmake_prefix_path.dsv'
[0.651s] INFO:colcon.colcon_core.shell:Creating environment hook '/home/cxz/go2_ws/install/champ_gazebo/share/champ_gazebo/hook/cmake_prefix_path.sh'
[0.651s] Level 1:colcon.colcon_core.environment:checking '/home/cxz/go2_ws/install/champ_gazebo/lib'
[0.651s] Level 1:colcon.colcon_core.environment:checking '/home/cxz/go2_ws/install/champ_gazebo/bin'
[0.651s] Level 1:colcon.colcon_core.shell:create_environment_hook('champ_gazebo', 'path')
[0.652s] INFO:colcon.colcon_core.shell:Creating environment hook '/home/cxz/go2_ws/install/champ_gazebo/share/champ_gazebo/hook/path.ps1'
[0.652s] INFO:colcon.colcon_core.shell:Creating environment descriptor '/home/cxz/go2_ws/install/champ_gazebo/share/champ_gazebo/hook/path.dsv'
[0.652s] INFO:colcon.colcon_core.shell:Creating environment hook '/home/cxz/go2_ws/install/champ_gazebo/share/champ_gazebo/hook/path.sh'
[0.652s] Level 1:colcon.colcon_core.environment:checking '/home/cxz/go2_ws/install/champ_gazebo/lib/pkgconfig/champ_gazebo.pc'
[0.652s] Level 1:colcon.colcon_core.environment:checking '/home/cxz/go2_ws/install/champ_gazebo/lib/python3.10/site-packages'
[0.652s] Level 1:colcon.colcon_core.environment:checking '/home/cxz/go2_ws/install/champ_gazebo/bin'
[0.652s] Level 1:colcon.colcon_core.shell:create_environment_hook('champ_gazebo', 'pythonscriptspath')
[0.653s] INFO:colcon.colcon_core.shell:Creating environment hook '/home/cxz/go2_ws/install/champ_gazebo/share/champ_gazebo/hook/pythonscriptspath.ps1'
[0.653s] INFO:colcon.colcon_core.shell:Creating environment descriptor '/home/cxz/go2_ws/install/champ_gazebo/share/champ_gazebo/hook/pythonscriptspath.dsv'
[0.653s] INFO:colcon.colcon_core.shell:Creating environment hook '/home/cxz/go2_ws/install/champ_gazebo/share/champ_gazebo/hook/pythonscriptspath.sh'
[0.653s] INFO:colcon.colcon_core.shell:Creating package script '/home/cxz/go2_ws/install/champ_gazebo/share/champ_gazebo/package.ps1'
[0.654s] INFO:colcon.colcon_core.shell:Creating package descriptor '/home/cxz/go2_ws/install/champ_gazebo/share/champ_gazebo/package.dsv'
[0.654s] INFO:colcon.colcon_core.shell:Creating package script '/home/cxz/go2_ws/install/champ_gazebo/share/champ_gazebo/package.sh'
[0.654s] INFO:colcon.colcon_core.shell:Creating package script '/home/cxz/go2_ws/install/champ_gazebo/share/champ_gazebo/package.bash'
[0.654s] INFO:colcon.colcon_core.shell:Creating package script '/home/cxz/go2_ws/install/champ_gazebo/share/champ_gazebo/package.zsh'
[0.655s] Level 1:colcon.colcon_core.environment:create_file_with_runtime_dependencies(/home/cxz/go2_ws/install/champ_gazebo/share/colcon-core/packages/champ_gazebo)
[0.655s] Level 1:colcon.colcon_core.environment:create_environment_scripts_only(champ_base)
[0.655s] Level 1:colcon.colcon_core.environment:checking '/home/cxz/go2_ws/install/champ_base' for CMake module files
[0.656s] DEBUG:colcon.colcon_core.event_handler.log_command:Invoked command in '/home/cxz/go2_ws/build/champ_base' returned '0': CMAKE_PREFIX_PATH=/home/cxz/go2_ws/install/champ_msgs:/home/cxz/go2_ws/install/champ:/home/cxz/go2_ws/install/teleop_twist_keyboard:/home/cxz/go2_ws/install/go2_description:/home/cxz/go2_ws/install/go2_config:/home/cxz/go2_ws/install/champ_teleop:/home/cxz/go2_ws/install/champ_navigation:/home/cxz/go2_ws/install/champ_bringup:/home/cxz/go2_ws/install/champ_base:/home/cxz/go2_ws/install/champ_description:/home/cxz/go2_ws/install/champ_config:/home/cxz/go2_ws/install/champ_gazebo:/home/cxz/go2_ws/install/m20_description:/home/cxz/go2_ws/install/m20_config:/home/cxz/champ_ws/install/champ_navigation:/home/cxz/champ_ws/install/champ_gazebo:/home/cxz/champ_ws/install/champ_bringup:/home/cxz/champ_ws/install/champ_base:/home/cxz/champ_ws/install/champ_msgs:/home/cxz/champ_ws/install/champ_description:/home/cxz/champ_ws/install/champ_config:/home/cxz/champ_ws/install/champ:/opt/ros/humble LD_LIBRARY_PATH=/home/cxz/go2_ws/install/champ_msgs/lib:/home/cxz/go2_ws/install/champ_base/lib:/home/cxz/champ_ws/install/champ_base/lib:/home/cxz/champ_ws/install/champ_msgs/lib:/usr/lib/x86_64-linux-gnu/gazebo-11/plugins:/opt/ros/humble/opt/rviz_ogre_vendor/lib:/opt/ros/humble/lib/x86_64-linux-gnu:/opt/ros/humble/lib /usr/bin/cmake --install /home/cxz/go2_ws/build/champ_base
[0.656s] Level 1:colcon.colcon_core.environment:checking '/home/cxz/go2_ws/install/champ_base' for CMake config files
[0.656s] Level 1:colcon.colcon_core.shell:create_environment_hook('champ_base', 'cmake_prefix_path')
[0.656s] INFO:colcon.colcon_core.shell:Creating environment hook '/home/cxz/go2_ws/install/champ_base/share/champ_base/hook/cmake_prefix_path.ps1'
[0.657s] INFO:colcon.colcon_core.shell:Creating environment descriptor '/home/cxz/go2_ws/install/champ_base/share/champ_base/hook/cmake_prefix_path.dsv'
[0.657s] INFO:colcon.colcon_core.shell:Creating environment hook '/home/cxz/go2_ws/install/champ_base/share/champ_base/hook/cmake_prefix_path.sh'
[0.657s] Level 1:colcon.colcon_core.environment:checking '/home/cxz/go2_ws/install/champ_base/lib'
[0.657s] Level 1:colcon.colcon_core.shell:create_environment_hook('champ_base', 'ld_library_path_lib')
[0.657s] INFO:colcon.colcon_core.shell:Creating environment hook '/home/cxz/go2_ws/install/champ_base/share/champ_base/hook/ld_library_path_lib.ps1'
[0.658s] INFO:colcon.colcon_core.shell:Creating environment descriptor '/home/cxz/go2_ws/install/champ_base/share/champ_base/hook/ld_library_path_lib.dsv'
[0.658s] INFO:colcon.colcon_core.shell:Creating environment hook '/home/cxz/go2_ws/install/champ_base/share/champ_base/hook/ld_library_path_lib.sh'
[0.658s] Level 1:colcon.colcon_core.environment:checking '/home/cxz/go2_ws/install/champ_base/bin'
[0.658s] Level 1:colcon.colcon_core.shell:create_environment_hook('champ_base', 'path')
[0.658s] INFO:colcon.colcon_core.shell:Creating environment hook '/home/cxz/go2_ws/install/champ_base/share/champ_base/hook/path.ps1'
[0.658s] INFO:colcon.colcon_core.shell:Creating environment descriptor '/home/cxz/go2_ws/install/champ_base/share/champ_base/hook/path.dsv'
[0.658s] INFO:colcon.colcon_core.shell:Creating environment hook '/home/cxz/go2_ws/install/champ_base/share/champ_base/hook/path.sh'
[0.659s] Level 1:colcon.colcon_core.environment:checking '/home/cxz/go2_ws/install/champ_base/lib/pkgconfig/champ_base.pc'
[0.659s] Level 1:colcon.colcon_core.environment:checking '/home/cxz/go2_ws/install/champ_base/lib/python3.10/site-packages'
[0.660s] Level 1:colcon.colcon_core.environment:checking '/home/cxz/go2_ws/install/champ_base/bin'
[0.660s] Level 1:colcon.colcon_core.shell:create_environment_hook('champ_base', 'pythonscriptspath')
[0.660s] INFO:colcon.colcon_core.shell:Creating environment hook '/home/cxz/go2_ws/install/champ_base/share/champ_base/hook/pythonscriptspath.ps1'
[0.660s] INFO:colcon.colcon_core.shell:Creating environment descriptor '/home/cxz/go2_ws/install/champ_base/share/champ_base/hook/pythonscriptspath.dsv'
[0.660s] INFO:colcon.colcon_core.shell:Creating environment hook '/home/cxz/go2_ws/install/champ_base/share/champ_base/hook/pythonscriptspath.sh'
[0.661s] INFO:colcon.colcon_core.shell:Creating package script '/home/cxz/go2_ws/install/champ_base/share/champ_base/package.ps1'
[0.661s] INFO:colcon.colcon_core.shell:Creating package descriptor '/home/cxz/go2_ws/install/champ_base/share/champ_base/package.dsv'
[0.662s] INFO:colcon.colcon_core.shell:Creating package script '/home/cxz/go2_ws/install/champ_base/share/champ_base/package.sh'
[0.662s] INFO:colcon.colcon_core.shell:Creating package script '/home/cxz/go2_ws/install/champ_base/share/champ_base/package.bash'
[0.662s] INFO:colcon.colcon_core.shell:Creating package script '/home/cxz/go2_ws/install/champ_base/share/champ_base/package.zsh'
[0.662s] Level 1:colcon.colcon_core.environment:create_file_with_runtime_dependencies(/home/cxz/go2_ws/install/champ_base/share/colcon-core/packages/champ_base)
[0.663s] Level 1:colcon.colcon_core.environment:create_environment_scripts_only(champ_base)
[0.663s] Level 1:colcon.colcon_core.environment:checking '/home/cxz/go2_ws/install/champ_base' for CMake module files
[0.664s] Level 1:colcon.colcon_core.environment:checking '/home/cxz/go2_ws/install/champ_base' for CMake config files
[0.664s] Level 1:colcon.colcon_core.shell:create_environment_hook('champ_base', 'cmake_prefix_path')
[0.664s] INFO:colcon.colcon_core.shell:Creating environment hook '/home/cxz/go2_ws/install/champ_base/share/champ_base/hook/cmake_prefix_path.ps1'
[0.664s] INFO:colcon.colcon_core.shell:Creating environment descriptor '/home/cxz/go2_ws/install/champ_base/share/champ_base/hook/cmake_prefix_path.dsv'
[0.665s] INFO:colcon.colcon_core.shell:Creating environment hook '/home/cxz/go2_ws/install/champ_base/share/champ_base/hook/cmake_prefix_path.sh'
[0.665s] Level 1:colcon.colcon_core.environment:checking '/home/cxz/go2_ws/install/champ_base/lib'
[0.665s] Level 1:colcon.colcon_core.shell:create_environment_hook('champ_base', 'ld_library_path_lib')
[0.665s] INFO:colcon.colcon_core.shell:Creating environment hook '/home/cxz/go2_ws/install/champ_base/share/champ_base/hook/ld_library_path_lib.ps1'
[0.666s] INFO:colcon.colcon_core.shell:Creating environment descriptor '/home/cxz/go2_ws/install/champ_base/share/champ_base/hook/ld_library_path_lib.dsv'
[0.666s] INFO:colcon.colcon_core.shell:Creating environment hook '/home/cxz/go2_ws/install/champ_base/share/champ_base/hook/ld_library_path_lib.sh'
[0.666s] Level 1:colcon.colcon_core.environment:checking '/home/cxz/go2_ws/install/champ_base/bin'
[0.666s] Level 1:colcon.colcon_core.shell:create_environment_hook('champ_base', 'path')
[0.666s] INFO:colcon.colcon_core.shell:Creating environment hook '/home/cxz/go2_ws/install/champ_base/share/champ_base/hook/path.ps1'
[0.667s] INFO:colcon.colcon_core.shell:Creating environment descriptor '/home/cxz/go2_ws/install/champ_base/share/champ_base/hook/path.dsv'
[0.667s] INFO:colcon.colcon_core.shell:Creating environment hook '/home/cxz/go2_ws/install/champ_base/share/champ_base/hook/path.sh'
[0.667s] Level 1:colcon.colcon_core.environment:checking '/home/cxz/go2_ws/install/champ_base/lib/pkgconfig/champ_base.pc'
[0.668s] Level 1:colcon.colcon_core.environment:checking '/home/cxz/go2_ws/install/champ_base/lib/python3.10/site-packages'
[0.668s] Level 1:colcon.colcon_core.environment:checking '/home/cxz/go2_ws/install/champ_base/bin'
[0.668s] Level 1:colcon.colcon_core.shell:create_environment_hook('champ_base', 'pythonscriptspath')
[0.668s] INFO:colcon.colcon_core.shell:Creating environment hook '/home/cxz/go2_ws/install/champ_base/share/champ_base/hook/pythonscriptspath.ps1'
[0.668s] INFO:colcon.colcon_core.shell:Creating environment descriptor '/home/cxz/go2_ws/install/champ_base/share/champ_base/hook/pythonscriptspath.dsv'
[0.669s] INFO:colcon.colcon_core.shell:Creating environment hook '/home/cxz/go2_ws/install/champ_base/share/champ_base/hook/pythonscriptspath.sh'
[0.669s] INFO:colcon.colcon_core.shell:Creating package script '/home/cxz/go2_ws/install/champ_base/share/champ_base/package.ps1'
[0.670s] INFO:colcon.colcon_core.shell:Creating package descriptor '/home/cxz/go2_ws/install/champ_base/share/champ_base/package.dsv'
[0.670s] INFO:colcon.colcon_core.shell:Creating package script '/home/cxz/go2_ws/install/champ_base/share/champ_base/package.sh'
[0.671s] INFO:colcon.colcon_core.shell:Creating package script '/home/cxz/go2_ws/install/champ_base/share/champ_base/package.bash'
[0.671s] INFO:colcon.colcon_core.shell:Creating package script '/home/cxz/go2_ws/install/champ_base/share/champ_base/package.zsh'
[0.671s] Level 1:colcon.colcon_core.environment:create_file_with_runtime_dependencies(/home/cxz/go2_ws/install/champ_base/share/colcon-core/packages/champ_base)
[0.672s] INFO:colcon.colcon_ros.task.ament_cmake.build:Building ROS package in '/home/cxz/go2_ws/src/unitree-go2-ros2/champ/champ_bringup' with build type 'ament_cmake'
[0.672s] INFO:colcon.colcon_cmake.task.cmake.build:Building CMake package in '/home/cxz/go2_ws/src/unitree-go2-ros2/champ/champ_bringup'
[0.672s] INFO:colcon.colcon_core.shell:Skip shell extension 'powershell' for command environment: Not usable outside of PowerShell
[0.672s] DEBUG:colcon.colcon_core.shell:Skip shell extension 'dsv' for command environment
[0.684s] DEBUG:colcon.colcon_core.event_handler.log_command:Invoking command in '/home/cxz/go2_ws/build/champ_bringup': CMAKE_PREFIX_PATH=/home/cxz/go2_ws/install/champ_base:/home/cxz/go2_ws/install/champ_msgs:/home/cxz/go2_ws/install/champ_description:/home/cxz/go2_ws/install/champ:/home/cxz/go2_ws/install/teleop_twist_keyboard:/home/cxz/go2_ws/install/go2_description:/home/cxz/go2_ws/install/go2_config:/home/cxz/go2_ws/install/champ_teleop:/home/cxz/go2_ws/install/champ_navigation:/home/cxz/go2_ws/install/champ_bringup:/home/cxz/go2_ws/install/champ_config:/home/cxz/go2_ws/install/champ_gazebo:/home/cxz/go2_ws/install/m20_description:/home/cxz/go2_ws/install/m20_config:/home/cxz/champ_ws/install/champ_navigation:/home/cxz/champ_ws/install/champ_gazebo:/home/cxz/champ_ws/install/champ_bringup:/home/cxz/champ_ws/install/champ_base:/home/cxz/champ_ws/install/champ_msgs:/home/cxz/champ_ws/install/champ_description:/home/cxz/champ_ws/install/champ_config:/home/cxz/champ_ws/install/champ:/opt/ros/humble PATH=/home/cxz/go2_ws/install/champ_base/bin:/home/cxz/go2_ws/install/champ_gazebo/bin:/home/cxz/.nvm/versions/node/v20.20.2/bin:/home/cxz/champ_ws/install/champ_gazebo/bin:/home/cxz/champ_ws/install/champ_base/bin:/opt/ros/humble/bin:/home/cxz/miniconda3/condabin:/usr/local/sbin:/usr/local/bin:/usr/sbin:/usr/bin:/sbin:/bin:/usr/games:/usr/local/games:/snap/bin:/snap/bin /usr/bin/cmake --build /home/cxz/go2_ws/build/champ_bringup -- -j32 -l32
[0.924s] DEBUG:colcon.colcon_core.event_handler.log_command:Invoked command in '/home/cxz/go2_ws/build/champ_bringup' returned '0': CMAKE_PREFIX_PATH=/home/cxz/go2_ws/install/champ_base:/home/cxz/go2_ws/install/champ_msgs:/home/cxz/go2_ws/install/champ_description:/home/cxz/go2_ws/install/champ:/home/cxz/go2_ws/install/teleop_twist_keyboard:/home/cxz/go2_ws/install/go2_description:/home/cxz/go2_ws/install/go2_config:/home/cxz/go2_ws/install/champ_teleop:/home/cxz/go2_ws/install/champ_navigation:/home/cxz/go2_ws/install/champ_bringup:/home/cxz/go2_ws/install/champ_config:/home/cxz/go2_ws/install/champ_gazebo:/home/cxz/go2_ws/install/m20_description:/home/cxz/go2_ws/install/m20_config:/home/cxz/champ_ws/install/champ_navigation:/home/cxz/champ_ws/install/champ_gazebo:/home/cxz/champ_ws/install/champ_bringup:/home/cxz/champ_ws/install/champ_base:/home/cxz/champ_ws/install/champ_msgs:/home/cxz/champ_ws/install/champ_description:/home/cxz/champ_ws/install/champ_config:/home/cxz/champ_ws/install/champ:/opt/ros/humble PATH=/home/cxz/go2_ws/install/champ_base/bin:/home/cxz/go2_ws/install/champ_gazebo/bin:/home/cxz/.nvm/versions/node/v20.20.2/bin:/home/cxz/champ_ws/install/champ_gazebo/bin:/home/cxz/champ_ws/install/champ_base/bin:/opt/ros/humble/bin:/home/cxz/miniconda3/condabin:/usr/local/sbin:/usr/local/bin:/usr/sbin:/usr/bin:/sbin:/bin:/usr/games:/usr/local/games:/snap/bin:/snap/bin /usr/bin/cmake --build /home/cxz/go2_ws/build/champ_bringup -- -j32 -l32
[0.925s] DEBUG:colcon.colcon_core.event_handler.log_command:Invoking command in '/home/cxz/go2_ws/build/champ_bringup': CMAKE_PREFIX_PATH=/home/cxz/go2_ws/install/champ_base:/home/cxz/go2_ws/install/champ_msgs:/home/cxz/go2_ws/install/champ_description:/home/cxz/go2_ws/install/champ:/home/cxz/go2_ws/install/teleop_twist_keyboard:/home/cxz/go2_ws/install/go2_description:/home/cxz/go2_ws/install/go2_config:/home/cxz/go2_ws/install/champ_teleop:/home/cxz/go2_ws/install/champ_navigation:/home/cxz/go2_ws/install/champ_bringup:/home/cxz/go2_ws/install/champ_config:/home/cxz/go2_ws/install/champ_gazebo:/home/cxz/go2_ws/install/m20_description:/home/cxz/go2_ws/install/m20_config:/home/cxz/champ_ws/install/champ_navigation:/home/cxz/champ_ws/install/champ_gazebo:/home/cxz/champ_ws/install/champ_bringup:/home/cxz/champ_ws/install/champ_base:/home/cxz/champ_ws/install/champ_msgs:/home/cxz/champ_ws/install/champ_description:/home/cxz/champ_ws/install/champ_config:/home/cxz/champ_ws/install/champ:/opt/ros/humble PATH=/home/cxz/go2_ws/install/champ_base/bin:/home/cxz/go2_ws/install/champ_gazebo/bin:/home/cxz/.nvm/versions/node/v20.20.2/bin:/home/cxz/champ_ws/install/champ_gazebo/bin:/home/cxz/champ_ws/install/champ_base/bin:/opt/ros/humble/bin:/home/cxz/miniconda3/condabin:/usr/local/sbin:/usr/local/bin:/usr/sbin:/usr/bin:/sbin:/bin:/usr/games:/usr/local/games:/snap/bin:/snap/bin /usr/bin/cmake --install /home/cxz/go2_ws/build/champ_bringup
[0.963s] Level 1:colcon.colcon_core.environment:create_environment_scripts_only(champ_bringup)
[0.963s] Level 1:colcon.colcon_core.environment:checking '/home/cxz/go2_ws/install/champ_bringup' for CMake module files
[0.964s] DEBUG:colcon.colcon_core.event_handler.log_command:Invoked command in '/home/cxz/go2_ws/build/champ_bringup' returned '0': CMAKE_PREFIX_PATH=/home/cxz/go2_ws/install/champ_base:/home/cxz/go2_ws/install/champ_msgs:/home/cxz/go2_ws/install/champ_description:/home/cxz/go2_ws/install/champ:/home/cxz/go2_ws/install/teleop_twist_keyboard:/home/cxz/go2_ws/install/go2_description:/home/cxz/go2_ws/install/go2_config:/home/cxz/go2_ws/install/champ_teleop:/home/cxz/go2_ws/install/champ_navigation:/home/cxz/go2_ws/install/champ_bringup:/home/cxz/go2_ws/install/champ_config:/home/cxz/go2_ws/install/champ_gazebo:/home/cxz/go2_ws/install/m20_description:/home/cxz/go2_ws/install/m20_config:/home/cxz/champ_ws/install/champ_navigation:/home/cxz/champ_ws/install/champ_gazebo:/home/cxz/champ_ws/install/champ_bringup:/home/cxz/champ_ws/install/champ_base:/home/cxz/champ_ws/install/champ_msgs:/home/cxz/champ_ws/install/champ_description:/home/cxz/champ_ws/install/champ_config:/home/cxz/champ_ws/install/champ:/opt/ros/humble PATH=/home/cxz/go2_ws/install/champ_base/bin:/home/cxz/go2_ws/install/champ_gazebo/bin:/home/cxz/.nvm/versions/node/v20.20.2/bin:/home/cxz/champ_ws/install/champ_gazebo/bin:/home/cxz/champ_ws/install/champ_base/bin:/opt/ros/humble/bin:/home/cxz/miniconda3/condabin:/usr/local/sbin:/usr/local/bin:/usr/sbin:/usr/bin:/sbin:/bin:/usr/games:/usr/local/games:/snap/bin:/snap/bin /usr/bin/cmake --install /home/cxz/go2_ws/build/champ_bringup
[0.964s] Level 1:colcon.colcon_core.environment:checking '/home/cxz/go2_ws/install/champ_bringup' for CMake config files
[0.964s] Level 1:colcon.colcon_core.shell:create_environment_hook('champ_bringup', 'cmake_prefix_path')
[0.964s] INFO:colcon.colcon_core.shell:Creating environment hook '/home/cxz/go2_ws/install/champ_bringup/share/champ_bringup/hook/cmake_prefix_path.ps1'
[0.964s] INFO:colcon.colcon_core.shell:Creating environment descriptor '/home/cxz/go2_ws/install/champ_bringup/share/champ_bringup/hook/cmake_prefix_path.dsv'
[0.965s] INFO:colcon.colcon_core.shell:Creating environment hook '/home/cxz/go2_ws/install/champ_bringup/share/champ_bringup/hook/cmake_prefix_path.sh'
[0.965s] Level 1:colcon.colcon_core.environment:checking '/home/cxz/go2_ws/install/champ_bringup/lib'
[0.965s] Level 1:colcon.colcon_core.environment:checking '/home/cxz/go2_ws/install/champ_bringup/bin'
[0.965s] Level 1:colcon.colcon_core.environment:checking '/home/cxz/go2_ws/install/champ_bringup/lib/pkgconfig/champ_bringup.pc'
[0.965s] Level 1:colcon.colcon_core.environment:checking '/home/cxz/go2_ws/install/champ_bringup/lib/python3.10/site-packages'
[0.965s] Level 1:colcon.colcon_core.environment:checking '/home/cxz/go2_ws/install/champ_bringup/bin'
[0.965s] INFO:colcon.colcon_core.shell:Creating package script '/home/cxz/go2_ws/install/champ_bringup/share/champ_bringup/package.ps1'
[0.966s] INFO:colcon.colcon_core.shell:Creating package descriptor '/home/cxz/go2_ws/install/champ_bringup/share/champ_bringup/package.dsv'
[0.966s] INFO:colcon.colcon_core.shell:Creating package script '/home/cxz/go2_ws/install/champ_bringup/share/champ_bringup/package.sh'
[0.966s] INFO:colcon.colcon_core.shell:Creating package script '/home/cxz/go2_ws/install/champ_bringup/share/champ_bringup/package.bash'
[0.966s] INFO:colcon.colcon_core.shell:Creating package script '/home/cxz/go2_ws/install/champ_bringup/share/champ_bringup/package.zsh'
[0.967s] Level 1:colcon.colcon_core.environment:create_file_with_runtime_dependencies(/home/cxz/go2_ws/install/champ_bringup/share/colcon-core/packages/champ_bringup)
[0.967s] Level 1:colcon.colcon_core.environment:create_environment_scripts_only(champ_bringup)
[0.967s] Level 1:colcon.colcon_core.environment:checking '/home/cxz/go2_ws/install/champ_bringup' for CMake module files
[0.967s] Level 1:colcon.colcon_core.environment:checking '/home/cxz/go2_ws/install/champ_bringup' for CMake config files
[0.967s] Level 1:colcon.colcon_core.shell:create_environment_hook('champ_bringup', 'cmake_prefix_path')
[0.967s] INFO:colcon.colcon_core.shell:Creating environment hook '/home/cxz/go2_ws/install/champ_bringup/share/champ_bringup/hook/cmake_prefix_path.ps1'
[0.968s] INFO:colcon.colcon_core.shell:Creating environment descriptor '/home/cxz/go2_ws/install/champ_bringup/share/champ_bringup/hook/cmake_prefix_path.dsv'
[0.968s] INFO:colcon.colcon_core.shell:Creating environment hook '/home/cxz/go2_ws/install/champ_bringup/share/champ_bringup/hook/cmake_prefix_path.sh'
[0.968s] Level 1:colcon.colcon_core.environment:checking '/home/cxz/go2_ws/install/champ_bringup/lib'
[0.968s] Level 1:colcon.colcon_core.environment:checking '/home/cxz/go2_ws/install/champ_bringup/bin'
[0.968s] Level 1:colcon.colcon_core.environment:checking '/home/cxz/go2_ws/install/champ_bringup/lib/pkgconfig/champ_bringup.pc'
[0.968s] Level 1:colcon.colcon_core.environment:checking '/home/cxz/go2_ws/install/champ_bringup/lib/python3.10/site-packages'
[0.969s] Level 1:colcon.colcon_core.environment:checking '/home/cxz/go2_ws/install/champ_bringup/bin'
[0.969s] INFO:colcon.colcon_core.shell:Creating package script '/home/cxz/go2_ws/install/champ_bringup/share/champ_bringup/package.ps1'
[0.969s] INFO:colcon.colcon_core.shell:Creating package descriptor '/home/cxz/go2_ws/install/champ_bringup/share/champ_bringup/package.dsv'
[0.969s] INFO:colcon.colcon_core.shell:Creating package script '/home/cxz/go2_ws/install/champ_bringup/share/champ_bringup/package.sh'
[0.970s] INFO:colcon.colcon_core.shell:Creating package script '/home/cxz/go2_ws/install/champ_bringup/share/champ_bringup/package.bash'
[0.970s] INFO:colcon.colcon_core.shell:Creating package script '/home/cxz/go2_ws/install/champ_bringup/share/champ_bringup/package.zsh'
[0.970s] Level 1:colcon.colcon_core.environment:create_file_with_runtime_dependencies(/home/cxz/go2_ws/install/champ_bringup/share/colcon-core/packages/champ_bringup)
[0.970s] DEBUG:colcon.colcon_parallel_executor.executor.parallel:closing loop
[0.970s] DEBUG:colcon.colcon_parallel_executor.executor.parallel:loop closed
[0.970s] DEBUG:colcon.colcon_parallel_executor.executor.parallel:run_until_complete finished with '0'
[0.970s] DEBUG:colcon.colcon_core.event_reactor:joining thread
[0.974s] INFO:colcon.colcon_core.plugin_system:Skipping extension 'colcon_notification.desktop_notification.terminal_notifier': Not used on non-Darwin systems
[0.975s] INFO:colcon.colcon_core.plugin_system:Skipping extension 'colcon_notification.desktop_notification.win32': Not used on non-Windows systems
[0.975s] INFO:colcon.colcon_notification.desktop_notification:Sending desktop notification using 'notify2'
[0.990s] DEBUG:colcon.colcon_core.event_reactor:joined thread
[0.990s] INFO:colcon.colcon_core.shell:Creating prefix script '/home/cxz/go2_ws/install/local_setup.ps1'
[0.991s] INFO:colcon.colcon_core.shell:Creating prefix util module '/home/cxz/go2_ws/install/_local_setup_util_ps1.py'
[0.993s] INFO:colcon.colcon_core.shell:Creating prefix chain script '/home/cxz/go2_ws/install/setup.ps1'
[0.996s] INFO:colcon.colcon_core.shell:Creating prefix script '/home/cxz/go2_ws/install/local_setup.sh'
[0.997s] INFO:colcon.colcon_core.shell:Creating prefix util module '/home/cxz/go2_ws/install/_local_setup_util_sh.py'
[0.998s] INFO:colcon.colcon_core.shell:Creating prefix chain script '/home/cxz/go2_ws/install/setup.sh'
[1.000s] INFO:colcon.colcon_core.shell:Creating prefix script '/home/cxz/go2_ws/install/local_setup.bash'
[1.000s] INFO:colcon.colcon_core.shell:Creating prefix chain script '/home/cxz/go2_ws/install/setup.bash'
[1.002s] INFO:colcon.colcon_core.shell:Creating prefix script '/home/cxz/go2_ws/install/local_setup.zsh'
[1.003s] INFO:colcon.colcon_core.shell:Creating prefix chain script '/home/cxz/go2_ws/install/setup.zsh'
