[0.062s] DEBUG:colcon:Command line arguments: ['/usr/bin/colcon', 'build']
[0.062s] DEBUG:colcon:Parsed command line arguments: Namespace(log_base=None, log_level=None, verb_name='build', build_base='build', install_base='install', merge_install=False, symlink_install=False, test_result_base=None, continue_on_error=False, executor='parallel', parallel_workers=32, event_handlers=None, ignore_user_meta=False, metas=['./colcon.meta'], base_paths=['.'], packages_ignore=None, packages_ignore_regex=None, paths=None, packages_up_to=None, packages_up_to_regex=None, packages_above=None, packages_above_and_dependencies=None, packages_above_depth=None, packages_select_by_dep=None, packages_skip_by_dep=None, packages_skip_up_to=None, packages_select_build_failed=False, packages_skip_build_finished=False, packages_select_test_failures=False, packages_skip_test_passed=False, packages_select=None, packages_skip=None, packages_select_regex=None, packages_skip_regex=None, packages_start=None, packages_end=None, allow_overriding=[], cmake_args=None, cmake_target=None, cmake_target_skip_unavailable=False, cmake_clean_cache=False, cmake_clean_first=False, cmake_force_configure=False, ament_cmake_args=None, catkin_cmake_args=None, catkin_skip_building_tests=False, verb_parser=<colcon_defaults.argument_parser.defaults.DefaultArgumentsDecorator object at 0x723c6bff91e0>, verb_extension=<colcon_core.verb.build.BuildVerb object at 0x723c6c0ee620>, main=<bound method BuildVerb.main of <colcon_core.verb.build.BuildVerb object at 0x723c6c0ee620>>)
[0.152s] Level 1:colcon.colcon_core.package_discovery:discover_packages(colcon_meta) check parameters
[0.152s] Level 1:colcon.colcon_core.package_discovery:discover_packages(recursive) check parameters
[0.153s] Level 1:colcon.colcon_core.package_discovery:discover_packages(ignore) check parameters
[0.153s] Level 1:colcon.colcon_core.package_discovery:discover_packages(path) check parameters
[0.153s] Level 1:colcon.colcon_core.package_discovery:discover_packages(colcon_meta) discover
[0.153s] Level 1:colcon.colcon_core.package_discovery:discover_packages(recursive) discover
[0.153s] INFO:colcon.colcon_core.package_discovery:Crawling recursively for packages in '/home/cxz/go2_ws'
[0.153s] Level 1:colcon.colcon_core.package_identification:_identify(.) by extensions ['ignore', 'ignore_ament_install']
[0.153s] Level 1:colcon.colcon_core.package_identification:_identify(.) by extension 'ignore'
[0.153s] Level 1:colcon.colcon_core.package_identification:_identify(.) by extension 'ignore_ament_install'
[0.153s] Level 1:colcon.colcon_core.package_identification:_identify(.) by extensions ['colcon_pkg']
[0.153s] Level 1:colcon.colcon_core.package_identification:_identify(.) by extension 'colcon_pkg'
[0.153s] Level 1:colcon.colcon_core.package_identification:_identify(.) by extensions ['colcon_meta']
[0.153s] Level 1:colcon.colcon_core.package_identification:_identify(.) by extension 'colcon_meta'
[0.153s] Level 1:colcon.colcon_core.package_identification:_identify(.) by extensions ['ros']
[0.153s] Level 1:colcon.colcon_core.package_identification:_identify(.) by extension 'ros'
[0.159s] Level 1:colcon.colcon_core.package_identification:_identify(.) by extensions ['cmake', 'python']
[0.159s] Level 1:colcon.colcon_core.package_identification:_identify(.) by extension 'cmake'
[0.159s] Level 1:colcon.colcon_core.package_identification:_identify(.) by extension 'python'
[0.159s] Level 1:colcon.colcon_core.package_identification:_identify(.) by extensions ['python_setup_py']
[0.159s] Level 1:colcon.colcon_core.package_identification:_identify(.) by extension 'python_setup_py'
[0.160s] Level 1:colcon.colcon_core.package_identification:_identify(M20_urdf) by extensions ['ignore', 'ignore_ament_install']
[0.160s] Level 1:colcon.colcon_core.package_identification:_identify(M20_urdf) by extension 'ignore'
[0.160s] Level 1:colcon.colcon_core.package_identification:_identify(M20_urdf) by extension 'ignore_ament_install'
[0.160s] Level 1:colcon.colcon_core.package_identification:_identify(M20_urdf) by extensions ['colcon_pkg']
[0.160s] Level 1:colcon.colcon_core.package_identification:_identify(M20_urdf) by extension 'colcon_pkg'
[0.160s] Level 1:colcon.colcon_core.package_identification:_identify(M20_urdf) by extensions ['colcon_meta']
[0.160s] Level 1:colcon.colcon_core.package_identification:_identify(M20_urdf) by extension 'colcon_meta'
[0.160s] Level 1:colcon.colcon_core.package_identification:_identify(M20_urdf) by extensions ['ros']
[0.160s] Level 1:colcon.colcon_core.package_identification:_identify(M20_urdf) by extension 'ros'
[0.160s] Level 1:colcon.colcon_core.package_identification:_identify(M20_urdf) by extensions ['cmake', 'python']
[0.160s] Level 1:colcon.colcon_core.package_identification:_identify(M20_urdf) by extension 'cmake'
[0.160s] Level 1:colcon.colcon_core.package_identification:_identify(M20_urdf) by extension 'python'
[0.160s] Level 1:colcon.colcon_core.package_identification:_identify(M20_urdf) by extensions ['python_setup_py']
[0.160s] Level 1:colcon.colcon_core.package_identification:_identify(M20_urdf) by extension 'python_setup_py'
[0.160s] Level 1:colcon.colcon_core.package_identification:_identify(M20_urdf/meshes) by extensions ['ignore', 'ignore_ament_install']
[0.160s] Level 1:colcon.colcon_core.package_identification:_identify(M20_urdf/meshes) by extension 'ignore'
[0.160s] Level 1:colcon.colcon_core.package_identification:_identify(M20_urdf/meshes) by extension 'ignore_ament_install'
[0.160s] Level 1:colcon.colcon_core.package_identification:_identify(M20_urdf/meshes) by extensions ['colcon_pkg']
[0.160s] Level 1:colcon.colcon_core.package_identification:_identify(M20_urdf/meshes) by extension 'colcon_pkg'
[0.160s] Level 1:colcon.colcon_core.package_identification:_identify(M20_urdf/meshes) by extensions ['colcon_meta']
[0.160s] Level 1:colcon.colcon_core.package_identification:_identify(M20_urdf/meshes) by extension 'colcon_meta'
[0.160s] Level 1:colcon.colcon_core.package_identification:_identify(M20_urdf/meshes) by extensions ['ros']
[0.160s] Level 1:colcon.colcon_core.package_identification:_identify(M20_urdf/meshes) by extension 'ros'
[0.160s] Level 1:colcon.colcon_core.package_identification:_identify(M20_urdf/meshes) by extensions ['cmake', 'python']
[0.160s] Level 1:colcon.colcon_core.package_identification:_identify(M20_urdf/meshes) by extension 'cmake'
[0.160s] Level 1:colcon.colcon_core.package_identification:_identify(M20_urdf/meshes) by extension 'python'
[0.160s] Level 1:colcon.colcon_core.package_identification:_identify(M20_urdf/meshes) by extensions ['python_setup_py']
[0.160s] Level 1:colcon.colcon_core.package_identification:_identify(M20_urdf/meshes) by extension 'python_setup_py'
[0.160s] Level 1:colcon.colcon_core.package_identification:_identify(M20_urdf/urdf) by extensions ['ignore', 'ignore_ament_install']
[0.160s] Level 1:colcon.colcon_core.package_identification:_identify(M20_urdf/urdf) by extension 'ignore'
[0.160s] Level 1:colcon.colcon_core.package_identification:_identify(M20_urdf/urdf) by extension 'ignore_ament_install'
[0.160s] Level 1:colcon.colcon_core.package_identification:_identify(M20_urdf/urdf) by extensions ['colcon_pkg']
[0.160s] Level 1:colcon.colcon_core.package_identification:_identify(M20_urdf/urdf) by extension 'colcon_pkg'
[0.160s] Level 1:colcon.colcon_core.package_identification:_identify(M20_urdf/urdf) by extensions ['colcon_meta']
[0.160s] Level 1:colcon.colcon_core.package_identification:_identify(M20_urdf/urdf) by extension 'colcon_meta'
[0.160s] Level 1:colcon.colcon_core.package_identification:_identify(M20_urdf/urdf) by extensions ['ros']
[0.160s] Level 1:colcon.colcon_core.package_identification:_identify(M20_urdf/urdf) by extension 'ros'
[0.160s] Level 1:colcon.colcon_core.package_identification:_identify(M20_urdf/urdf) by extensions ['cmake', 'python']
[0.160s] Level 1:colcon.colcon_core.package_identification:_identify(M20_urdf/urdf) by extension 'cmake'
[0.160s] Level 1:colcon.colcon_core.package_identification:_identify(M20_urdf/urdf) by extension 'python'
[0.160s] Level 1:colcon.colcon_core.package_identification:_identify(M20_urdf/urdf) by extensions ['python_setup_py']
[0.161s] Level 1:colcon.colcon_core.package_identification:_identify(M20_urdf/urdf) by extension 'python_setup_py'
[0.161s] Level 1:colcon.colcon_core.package_identification:_identify(add) by extensions ['ignore', 'ignore_ament_install']
[0.161s] Level 1:colcon.colcon_core.package_identification:_identify(add) by extension 'ignore'
[0.161s] Level 1:colcon.colcon_core.package_identification:_identify(add) by extension 'ignore_ament_install'
[0.161s] Level 1:colcon.colcon_core.package_identification:_identify(add) by extensions ['colcon_pkg']
[0.161s] Level 1:colcon.colcon_core.package_identification:_identify(add) by extension 'colcon_pkg'
[0.161s] Level 1:colcon.colcon_core.package_identification:_identify(add) by extensions ['colcon_meta']
[0.161s] Level 1:colcon.colcon_core.package_identification:_identify(add) by extension 'colcon_meta'
[0.161s] Level 1:colcon.colcon_core.package_identification:_identify(add) by extensions ['ros']
[0.161s] Level 1:colcon.colcon_core.package_identification:_identify(add) by extension 'ros'
[0.161s] Level 1:colcon.colcon_core.package_identification:_identify(add) by extensions ['cmake', 'python']
[0.161s] Level 1:colcon.colcon_core.package_identification:_identify(add) by extension 'cmake'
[0.161s] Level 1:colcon.colcon_core.package_identification:_identify(add) by extension 'python'
[0.161s] Level 1:colcon.colcon_core.package_identification:_identify(add) by extensions ['python_setup_py']
[0.161s] Level 1:colcon.colcon_core.package_identification:_identify(add) by extension 'python_setup_py'
[0.161s] Level 1:colcon.colcon_core.package_identification:_identify(build) by extensions ['ignore', 'ignore_ament_install']
[0.161s] Level 1:colcon.colcon_core.package_identification:_identify(build) by extension 'ignore'
[0.161s] Level 1:colcon.colcon_core.package_identification:_identify(build) ignored
[0.161s] Level 1:colcon.colcon_core.package_identification:_identify(install) by extensions ['ignore', 'ignore_ament_install']
[0.161s] Level 1:colcon.colcon_core.package_identification:_identify(install) by extension 'ignore'
[0.161s] Level 1:colcon.colcon_core.package_identification:_identify(install) ignored
[0.161s] Level 1:colcon.colcon_core.package_identification:_identify(log) by extensions ['ignore', 'ignore_ament_install']
[0.161s] Level 1:colcon.colcon_core.package_identification:_identify(log) by extension 'ignore'
[0.161s] Level 1:colcon.colcon_core.package_identification:_identify(log) ignored
[0.161s] Level 1:colcon.colcon_core.package_identification:_identify(src) by extensions ['ignore', 'ignore_ament_install']
[0.161s] Level 1:colcon.colcon_core.package_identification:_identify(src) by extension 'ignore'
[0.161s] Level 1:colcon.colcon_core.package_identification:_identify(src) by extension 'ignore_ament_install'
[0.161s] Level 1:colcon.colcon_core.package_identification:_identify(src) by extensions ['colcon_pkg']
[0.161s] Level 1:colcon.colcon_core.package_identification:_identify(src) by extension 'colcon_pkg'
[0.161s] Level 1:colcon.colcon_core.package_identification:_identify(src) by extensions ['colcon_meta']
[0.161s] Level 1:colcon.colcon_core.package_identification:_identify(src) by extension 'colcon_meta'
[0.161s] Level 1:colcon.colcon_core.package_identification:_identify(src) by extensions ['ros']
[0.161s] Level 1:colcon.colcon_core.package_identification:_identify(src) by extension 'ros'
[0.161s] Level 1:colcon.colcon_core.package_identification:_identify(src) by extensions ['cmake', 'python']
[0.161s] Level 1:colcon.colcon_core.package_identification:_identify(src) by extension 'cmake'
[0.161s] Level 1:colcon.colcon_core.package_identification:_identify(src) by extension 'python'
[0.161s] Level 1:colcon.colcon_core.package_identification:_identify(src) by extensions ['python_setup_py']
[0.161s] Level 1:colcon.colcon_core.package_identification:_identify(src) by extension 'python_setup_py'
[0.162s] Level 1:colcon.colcon_core.package_identification:_identify(src/teleop_twist_keyboard) by extensions ['ignore', 'ignore_ament_install']
[0.162s] Level 1:colcon.colcon_core.package_identification:_identify(src/teleop_twist_keyboard) by extension 'ignore'
[0.162s] Level 1:colcon.colcon_core.package_identification:_identify(src/teleop_twist_keyboard) by extension 'ignore_ament_install'
[0.162s] Level 1:colcon.colcon_core.package_identification:_identify(src/teleop_twist_keyboard) by extensions ['colcon_pkg']
[0.162s] Level 1:colcon.colcon_core.package_identification:_identify(src/teleop_twist_keyboard) by extension 'colcon_pkg'
[0.162s] Level 1:colcon.colcon_core.package_identification:_identify(src/teleop_twist_keyboard) by extensions ['colcon_meta']
[0.162s] Level 1:colcon.colcon_core.package_identification:_identify(src/teleop_twist_keyboard) by extension 'colcon_meta'
[0.162s] Level 1:colcon.colcon_core.package_identification:_identify(src/teleop_twist_keyboard) by extensions ['ros']
[0.162s] Level 1:colcon.colcon_core.package_identification:_identify(src/teleop_twist_keyboard) by extension 'ros'
[0.163s] DEBUG:colcon.colcon_core.package_identification:Package 'src/teleop_twist_keyboard' with type 'ros.ament_cmake' and name 'teleop_twist_keyboard'
[0.163s] Level 1:colcon.colcon_core.package_identification:_identify(src/unitree-go2-ros2) by extensions ['ignore', 'ignore_ament_install']
[0.163s] Level 1:colcon.colcon_core.package_identification:_identify(src/unitree-go2-ros2) by extension 'ignore'
[0.163s] Level 1:colcon.colcon_core.package_identification:_identify(src/unitree-go2-ros2) by extension 'ignore_ament_install'
[0.163s] Level 1:colcon.colcon_core.package_identification:_identify(src/unitree-go2-ros2) by extensions ['colcon_pkg']
[0.163s] Level 1:colcon.colcon_core.package_identification:_identify(src/unitree-go2-ros2) by extension 'colcon_pkg'
[0.164s] Level 1:colcon.colcon_core.package_identification:_identify(src/unitree-go2-ros2) by extensions ['colcon_meta']
[0.164s] Level 1:colcon.colcon_core.package_identification:_identify(src/unitree-go2-ros2) by extension 'colcon_meta'
[0.164s] Level 1:colcon.colcon_core.package_identification:_identify(src/unitree-go2-ros2) by extensions ['ros']
[0.164s] Level 1:colcon.colcon_core.package_identification:_identify(src/unitree-go2-ros2) by extension 'ros'
[0.164s] Level 1:colcon.colcon_core.package_identification:_identify(src/unitree-go2-ros2) by extensions ['cmake', 'python']
[0.164s] Level 1:colcon.colcon_core.package_identification:_identify(src/unitree-go2-ros2) by extension 'cmake'
[0.164s] Level 1:colcon.colcon_core.package_identification:_identify(src/unitree-go2-ros2) by extension 'python'
[0.164s] Level 1:colcon.colcon_core.package_identification:_identify(src/unitree-go2-ros2) by extensions ['python_setup_py']
[0.164s] Level 1:colcon.colcon_core.package_identification:_identify(src/unitree-go2-ros2) by extension 'python_setup_py'
[0.164s] Level 1:colcon.colcon_core.package_identification:_identify(src/unitree-go2-ros2/champ) by extensions ['ignore', 'ignore_ament_install']
[0.164s] Level 1:colcon.colcon_core.package_identification:_identify(src/unitree-go2-ros2/champ) by extension 'ignore'
[0.164s] Level 1:colcon.colcon_core.package_identification:_identify(src/unitree-go2-ros2/champ) by extension 'ignore_ament_install'
[0.164s] Level 1:colcon.colcon_core.package_identification:_identify(src/unitree-go2-ros2/champ) by extensions ['colcon_pkg']
[0.164s] Level 1:colcon.colcon_core.package_identification:_identify(src/unitree-go2-ros2/champ) by extension 'colcon_pkg'
[0.164s] Level 1:colcon.colcon_core.package_identification:_identify(src/unitree-go2-ros2/champ) by extensions ['colcon_meta']
[0.164s] Level 1:colcon.colcon_core.package_identification:_identify(src/unitree-go2-ros2/champ) by extension 'colcon_meta'
[0.164s] Level 1:colcon.colcon_core.package_identification:_identify(src/unitree-go2-ros2/champ) by extensions ['ros']
[0.164s] Level 1:colcon.colcon_core.package_identification:_identify(src/unitree-go2-ros2/champ) by extension 'ros'
[0.164s] Level 1:colcon.colcon_core.package_identification:_identify(src/unitree-go2-ros2/champ) by extensions ['cmake', 'python']
[0.164s] Level 1:colcon.colcon_core.package_identification:_identify(src/unitree-go2-ros2/champ) by extension 'cmake'
[0.164s] Level 1:colcon.colcon_core.package_identification:_identify(src/unitree-go2-ros2/champ) by extension 'python'
[0.164s] Level 1:colcon.colcon_core.package_identification:_identify(src/unitree-go2-ros2/champ) by extensions ['python_setup_py']
[0.164s] Level 1:colcon.colcon_core.package_identification:_identify(src/unitree-go2-ros2/champ) by extension 'python_setup_py'
[0.164s] Level 1:colcon.colcon_core.package_identification:_identify(src/unitree-go2-ros2/champ/champ) by extensions ['ignore', 'ignore_ament_install']
[0.164s] Level 1:colcon.colcon_core.package_identification:_identify(src/unitree-go2-ros2/champ/champ) by extension 'ignore'
[0.164s] Level 1:colcon.colcon_core.package_identification:_identify(src/unitree-go2-ros2/champ/champ) by extension 'ignore_ament_install'
[0.164s] Level 1:colcon.colcon_core.package_identification:_identify(src/unitree-go2-ros2/champ/champ) by extensions ['colcon_pkg']
[0.164s] Level 1:colcon.colcon_core.package_identification:_identify(src/unitree-go2-ros2/champ/champ) by extension 'colcon_pkg'
[0.164s] Level 1:colcon.colcon_core.package_identification:_identify(src/unitree-go2-ros2/champ/champ) by extensions ['colcon_meta']
[0.164s] Level 1:colcon.colcon_core.package_identification:_identify(src/unitree-go2-ros2/champ/champ) by extension 'colcon_meta'
[0.164s] Level 1:colcon.colcon_core.package_identification:_identify(src/unitree-go2-ros2/champ/champ) by extensions ['ros']
[0.164s] Level 1:colcon.colcon_core.package_identification:_identify(src/unitree-go2-ros2/champ/champ) by extension 'ros'
[0.165s] DEBUG:colcon.colcon_core.package_identification:Package 'src/unitree-go2-ros2/champ/champ' with type 'ros.ament_cmake' and name 'champ'
[0.165s] Level 1:colcon.colcon_core.package_identification:_identify(src/unitree-go2-ros2/champ/champ_base) by extensions ['ignore', 'ignore_ament_install']
[0.165s] Level 1:colcon.colcon_core.package_identification:_identify(src/unitree-go2-ros2/champ/champ_base) by extension 'ignore'
[0.165s] Level 1:colcon.colcon_core.package_identification:_identify(src/unitree-go2-ros2/champ/champ_base) by extension 'ignore_ament_install'
[0.165s] Level 1:colcon.colcon_core.package_identification:_identify(src/unitree-go2-ros2/champ/champ_base) by extensions ['colcon_pkg']
[0.165s] Level 1:colcon.colcon_core.package_identification:_identify(src/unitree-go2-ros2/champ/champ_base) by extension 'colcon_pkg'
[0.165s] Level 1:colcon.colcon_core.package_identification:_identify(src/unitree-go2-ros2/champ/champ_base) by extensions ['colcon_meta']
[0.165s] Level 1:colcon.colcon_core.package_identification:_identify(src/unitree-go2-ros2/champ/champ_base) by extension 'colcon_meta'
[0.165s] Level 1:colcon.colcon_core.package_identification:_identify(src/unitree-go2-ros2/champ/champ_base) by extensions ['ros']
[0.165s] Level 1:colcon.colcon_core.package_identification:_identify(src/unitree-go2-ros2/champ/champ_base) by extension 'ros'
[0.166s] DEBUG:colcon.colcon_core.package_identification:Package 'src/unitree-go2-ros2/champ/champ_base' with type 'ros.ament_cmake' and name 'champ_base'
[0.166s] Level 1:colcon.colcon_core.package_identification:_identify(src/unitree-go2-ros2/champ/champ_bringup) by extensions ['ignore', 'ignore_ament_install']
[0.166s] Level 1:colcon.colcon_core.package_identification:_identify(src/unitree-go2-ros2/champ/champ_bringup) by extension 'ignore'
[0.166s] Level 1:colcon.colcon_core.package_identification:_identify(src/unitree-go2-ros2/champ/champ_bringup) by extension 'ignore_ament_install'
[0.166s] Level 1:colcon.colcon_core.package_identification:_identify(src/unitree-go2-ros2/champ/champ_bringup) by extensions ['colcon_pkg']
[0.166s] Level 1:colcon.colcon_core.package_identification:_identify(src/unitree-go2-ros2/champ/champ_bringup) by extension 'colcon_pkg'
[0.166s] Level 1:colcon.colcon_core.package_identification:_identify(src/unitree-go2-ros2/champ/champ_bringup) by extensions ['colcon_meta']
[0.166s] Level 1:colcon.colcon_core.package_identification:_identify(src/unitree-go2-ros2/champ/champ_bringup) by extension 'colcon_meta'
[0.166s] Level 1:colcon.colcon_core.package_identification:_identify(src/unitree-go2-ros2/champ/champ_bringup) by extensions ['ros']
[0.166s] Level 1:colcon.colcon_core.package_identification:_identify(src/unitree-go2-ros2/champ/champ_bringup) by extension 'ros'
[0.166s] DEBUG:colcon.colcon_core.package_identification:Package 'src/unitree-go2-ros2/champ/champ_bringup' with type 'ros.ament_cmake' and name 'champ_bringup'
[0.166s] Level 1:colcon.colcon_core.package_identification:_identify(src/unitree-go2-ros2/champ/champ_config) by extensions ['ignore', 'ignore_ament_install']
[0.166s] Level 1:colcon.colcon_core.package_identification:_identify(src/unitree-go2-ros2/champ/champ_config) by extension 'ignore'
[0.166s] Level 1:colcon.colcon_core.package_identification:_identify(src/unitree-go2-ros2/champ/champ_config) by extension 'ignore_ament_install'
[0.166s] Level 1:colcon.colcon_core.package_identification:_identify(src/unitree-go2-ros2/champ/champ_config) by extensions ['colcon_pkg']
[0.166s] Level 1:colcon.colcon_core.package_identification:_identify(src/unitree-go2-ros2/champ/champ_config) by extension 'colcon_pkg'
[0.166s] Level 1:colcon.colcon_core.package_identification:_identify(src/unitree-go2-ros2/champ/champ_config) by extensions ['colcon_meta']
[0.166s] Level 1:colcon.colcon_core.package_identification:_identify(src/unitree-go2-ros2/champ/champ_config) by extension 'colcon_meta'
[0.166s] Level 1:colcon.colcon_core.package_identification:_identify(src/unitree-go2-ros2/champ/champ_config) by extensions ['ros']
[0.166s] Level 1:colcon.colcon_core.package_identification:_identify(src/unitree-go2-ros2/champ/champ_config) by extension 'ros'
[0.167s] DEBUG:colcon.colcon_core.package_identification:Package 'src/unitree-go2-ros2/champ/champ_config' with type 'ros.ament_cmake' and name 'champ_config'
[0.167s] Level 1:colcon.colcon_core.package_identification:_identify(src/unitree-go2-ros2/champ/champ_description) by extensions ['ignore', 'ignore_ament_install']
[0.167s] Level 1:colcon.colcon_core.package_identification:_identify(src/unitree-go2-ros2/champ/champ_description) by extension 'ignore'
[0.167s] Level 1:colcon.colcon_core.package_identification:_identify(src/unitree-go2-ros2/champ/champ_description) by extension 'ignore_ament_install'
[0.167s] Level 1:colcon.colcon_core.package_identification:_identify(src/unitree-go2-ros2/champ/champ_description) by extensions ['colcon_pkg']
[0.167s] Level 1:colcon.colcon_core.package_identification:_identify(src/unitree-go2-ros2/champ/champ_description) by extension 'colcon_pkg'
[0.167s] Level 1:colcon.colcon_core.package_identification:_identify(src/unitree-go2-ros2/champ/champ_description) by extensions ['colcon_meta']
[0.167s] Level 1:colcon.colcon_core.package_identification:_identify(src/unitree-go2-ros2/champ/champ_description) by extension 'colcon_meta'
[0.167s] Level 1:colcon.colcon_core.package_identification:_identify(src/unitree-go2-ros2/champ/champ_description) by extensions ['ros']
[0.167s] Level 1:colcon.colcon_core.package_identification:_identify(src/unitree-go2-ros2/champ/champ_description) by extension 'ros'
[0.167s] DEBUG:colcon.colcon_core.package_identification:Package 'src/unitree-go2-ros2/champ/champ_description' with type 'ros.ament_cmake' and name 'champ_description'
[0.167s] Level 1:colcon.colcon_core.package_identification:_identify(src/unitree-go2-ros2/champ/champ_gazebo) by extensions ['ignore', 'ignore_ament_install']
[0.167s] Level 1:colcon.colcon_core.package_identification:_identify(src/unitree-go2-ros2/champ/champ_gazebo) by extension 'ignore'
[0.167s] Level 1:colcon.colcon_core.package_identification:_identify(src/unitree-go2-ros2/champ/champ_gazebo) by extension 'ignore_ament_install'
[0.167s] Level 1:colcon.colcon_core.package_identification:_identify(src/unitree-go2-ros2/champ/champ_gazebo) by extensions ['colcon_pkg']
[0.167s] Level 1:colcon.colcon_core.package_identification:_identify(src/unitree-go2-ros2/champ/champ_gazebo) by extension 'colcon_pkg'
[0.168s] Level 1:colcon.colcon_core.package_identification:_identify(src/unitree-go2-ros2/champ/champ_gazebo) by extensions ['colcon_meta']
[0.168s] Level 1:colcon.colcon_core.package_identification:_identify(src/unitree-go2-ros2/champ/champ_gazebo) by extension 'colcon_meta'
[0.168s] Level 1:colcon.colcon_core.package_identification:_identify(src/unitree-go2-ros2/champ/champ_gazebo) by extensions ['ros']
[0.168s] Level 1:colcon.colcon_core.package_identification:_identify(src/unitree-go2-ros2/champ/champ_gazebo) by extension 'ros'
[0.168s] DEBUG:colcon.colcon_core.package_identification:Package 'src/unitree-go2-ros2/champ/champ_gazebo' with type 'ros.ament_cmake' and name 'champ_gazebo'
[0.168s] Level 1:colcon.colcon_core.package_identification:_identify(src/unitree-go2-ros2/champ/champ_msgs) by extensions ['ignore', 'ignore_ament_install']
[0.168s] Level 1:colcon.colcon_core.package_identification:_identify(src/unitree-go2-ros2/champ/champ_msgs) by extension 'ignore'
[0.168s] Level 1:colcon.colcon_core.package_identification:_identify(src/unitree-go2-ros2/champ/champ_msgs) by extension 'ignore_ament_install'
[0.168s] Level 1:colcon.colcon_core.package_identification:_identify(src/unitree-go2-ros2/champ/champ_msgs) by extensions ['colcon_pkg']
[0.168s] Level 1:colcon.colcon_core.package_identification:_identify(src/unitree-go2-ros2/champ/champ_msgs) by extension 'colcon_pkg'
[0.168s] Level 1:colcon.colcon_core.package_identification:_identify(src/unitree-go2-ros2/champ/champ_msgs) by extensions ['colcon_meta']
[0.168s] Level 1:colcon.colcon_core.package_identification:_identify(src/unitree-go2-ros2/champ/champ_msgs) by extension 'colcon_meta'
[0.168s] Level 1:colcon.colcon_core.package_identification:_identify(src/unitree-go2-ros2/champ/champ_msgs) by extensions ['ros']
[0.168s] Level 1:colcon.colcon_core.package_identification:_identify(src/unitree-go2-ros2/champ/champ_msgs) by extension 'ros'
[0.169s] DEBUG:colcon.colcon_core.package_identification:Package 'src/unitree-go2-ros2/champ/champ_msgs' with type 'ros.ament_cmake' and name 'champ_msgs'
[0.169s] Level 1:colcon.colcon_core.package_identification:_identify(src/unitree-go2-ros2/champ/champ_navigation) by extensions ['ignore', 'ignore_ament_install']
[0.169s] Level 1:colcon.colcon_core.package_identification:_identify(src/unitree-go2-ros2/champ/champ_navigation) by extension 'ignore'
[0.169s] Level 1:colcon.colcon_core.package_identification:_identify(src/unitree-go2-ros2/champ/champ_navigation) by extension 'ignore_ament_install'
[0.169s] Level 1:colcon.colcon_core.package_identification:_identify(src/unitree-go2-ros2/champ/champ_navigation) by extensions ['colcon_pkg']
[0.169s] Level 1:colcon.colcon_core.package_identification:_identify(src/unitree-go2-ros2/champ/champ_navigation) by extension 'colcon_pkg'
[0.169s] Level 1:colcon.colcon_core.package_identification:_identify(src/unitree-go2-ros2/champ/champ_navigation) by extensions ['colcon_meta']
[0.169s] Level 1:colcon.colcon_core.package_identification:_identify(src/unitree-go2-ros2/champ/champ_navigation) by extension 'colcon_meta'
[0.169s] Level 1:colcon.colcon_core.package_identification:_identify(src/unitree-go2-ros2/champ/champ_navigation) by extensions ['ros']
[0.169s] Level 1:colcon.colcon_core.package_identification:_identify(src/unitree-go2-ros2/champ/champ_navigation) by extension 'ros'
[0.169s] DEBUG:colcon.colcon_core.package_identification:Package 'src/unitree-go2-ros2/champ/champ_navigation' with type 'ros.ament_cmake' and name 'champ_navigation'
[0.169s] Level 1:colcon.colcon_core.package_identification:_identify(src/unitree-go2-ros2/champ/docs) by extensions ['ignore', 'ignore_ament_install']
[0.169s] Level 1:colcon.colcon_core.package_identification:_identify(src/unitree-go2-ros2/champ/docs) by extension 'ignore'
[0.169s] Level 1:colcon.colcon_core.package_identification:_identify(src/unitree-go2-ros2/champ/docs) by extension 'ignore_ament_install'
[0.169s] Level 1:colcon.colcon_core.package_identification:_identify(src/unitree-go2-ros2/champ/docs) by extensions ['colcon_pkg']
[0.169s] Level 1:colcon.colcon_core.package_identification:_identify(src/unitree-go2-ros2/champ/docs) by extension 'colcon_pkg'
[0.169s] Level 1:colcon.colcon_core.package_identification:_identify(src/unitree-go2-ros2/champ/docs) by extensions ['colcon_meta']
[0.169s] Level 1:colcon.colcon_core.package_identification:_identify(src/unitree-go2-ros2/champ/docs) by extension 'colcon_meta'
[0.169s] Level 1:colcon.colcon_core.package_identification:_identify(src/unitree-go2-ros2/champ/docs) by extensions ['ros']
[0.170s] Level 1:colcon.colcon_core.package_identification:_identify(src/unitree-go2-ros2/champ/docs) by extension 'ros'
[0.170s] Level 1:colcon.colcon_core.package_identification:_identify(src/unitree-go2-ros2/champ/docs) by extensions ['cmake', 'python']
[0.170s] Level 1:colcon.colcon_core.package_identification:_identify(src/unitree-go2-ros2/champ/docs) by extension 'cmake'
[0.170s] Level 1:colcon.colcon_core.package_identification:_identify(src/unitree-go2-ros2/champ/docs) by extension 'python'
[0.170s] Level 1:colcon.colcon_core.package_identification:_identify(src/unitree-go2-ros2/champ/docs) by extensions ['python_setup_py']
[0.170s] Level 1:colcon.colcon_core.package_identification:_identify(src/unitree-go2-ros2/champ/docs) by extension 'python_setup_py'
[0.170s] Level 1:colcon.colcon_core.package_identification:_identify(src/unitree-go2-ros2/champ/docs/images) by extensions ['ignore', 'ignore_ament_install']
[0.170s] Level 1:colcon.colcon_core.package_identification:_identify(src/unitree-go2-ros2/champ/docs/images) by extension 'ignore'
[0.170s] Level 1:colcon.colcon_core.package_identification:_identify(src/unitree-go2-ros2/champ/docs/images) by extension 'ignore_ament_install'
[0.170s] Level 1:colcon.colcon_core.package_identification:_identify(src/unitree-go2-ros2/champ/docs/images) by extensions ['colcon_pkg']
[0.170s] Level 1:colcon.colcon_core.package_identification:_identify(src/unitree-go2-ros2/champ/docs/images) by extension 'colcon_pkg'
[0.170s] Level 1:colcon.colcon_core.package_identification:_identify(src/unitree-go2-ros2/champ/docs/images) by extensions ['colcon_meta']
[0.170s] Level 1:colcon.colcon_core.package_identification:_identify(src/unitree-go2-ros2/champ/docs/images) by extension 'colcon_meta'
[0.170s] Level 1:colcon.colcon_core.package_identification:_identify(src/unitree-go2-ros2/champ/docs/images) by extensions ['ros']
[0.170s] Level 1:colcon.colcon_core.package_identification:_identify(src/unitree-go2-ros2/champ/docs/images) by extension 'ros'
[0.170s] Level 1:colcon.colcon_core.package_identification:_identify(src/unitree-go2-ros2/champ/docs/images) by extensions ['cmake', 'python']
[0.170s] Level 1:colcon.colcon_core.package_identification:_identify(src/unitree-go2-ros2/champ/docs/images) by extension 'cmake'
[0.170s] Level 1:colcon.colcon_core.package_identification:_identify(src/unitree-go2-ros2/champ/docs/images) by extension 'python'
[0.170s] Level 1:colcon.colcon_core.package_identification:_identify(src/unitree-go2-ros2/champ/docs/images) by extensions ['python_setup_py']
[0.170s] Level 1:colcon.colcon_core.package_identification:_identify(src/unitree-go2-ros2/champ/docs/images) by extension 'python_setup_py'
[0.170s] Level 1:colcon.colcon_core.package_identification:_identify(src/unitree-go2-ros2/champ_teleop) by extensions ['ignore', 'ignore_ament_install']
[0.170s] Level 1:colcon.colcon_core.package_identification:_identify(src/unitree-go2-ros2/champ_teleop) by extension 'ignore'
[0.170s] Level 1:colcon.colcon_core.package_identification:_identify(src/unitree-go2-ros2/champ_teleop) by extension 'ignore_ament_install'
[0.170s] Level 1:colcon.colcon_core.package_identification:_identify(src/unitree-go2-ros2/champ_teleop) by extensions ['colcon_pkg']
[0.170s] Level 1:colcon.colcon_core.package_identification:_identify(src/unitree-go2-ros2/champ_teleop) by extension 'colcon_pkg'
[0.170s] Level 1:colcon.colcon_core.package_identification:_identify(src/unitree-go2-ros2/champ_teleop) by extensions ['colcon_meta']
[0.170s] Level 1:colcon.colcon_core.package_identification:_identify(src/unitree-go2-ros2/champ_teleop) by extension 'colcon_meta'
[0.170s] Level 1:colcon.colcon_core.package_identification:_identify(src/unitree-go2-ros2/champ_teleop) by extensions ['ros']
[0.170s] Level 1:colcon.colcon_core.package_identification:_identify(src/unitree-go2-ros2/champ_teleop) by extension 'ros'
[0.171s] DEBUG:colcon.colcon_core.package_identification:Package 'src/unitree-go2-ros2/champ_teleop' with type 'ros.ament_cmake' and name 'champ_teleop'
[0.171s] Level 1:colcon.colcon_core.package_identification:_identify(src/unitree-go2-ros2/robots) by extensions ['ignore', 'ignore_ament_install']
[0.171s] Level 1:colcon.colcon_core.package_identification:_identify(src/unitree-go2-ros2/robots) by extension 'ignore'
[0.171s] Level 1:colcon.colcon_core.package_identification:_identify(src/unitree-go2-ros2/robots) by extension 'ignore_ament_install'
[0.171s] Level 1:colcon.colcon_core.package_identification:_identify(src/unitree-go2-ros2/robots) by extensions ['colcon_pkg']
[0.171s] Level 1:colcon.colcon_core.package_identification:_identify(src/unitree-go2-ros2/robots) by extension 'colcon_pkg'
[0.171s] Level 1:colcon.colcon_core.package_identification:_identify(src/unitree-go2-ros2/robots) by extensions ['colcon_meta']
[0.171s] Level 1:colcon.colcon_core.package_identification:_identify(src/unitree-go2-ros2/robots) by extension 'colcon_meta'
[0.171s] Level 1:colcon.colcon_core.package_identification:_identify(src/unitree-go2-ros2/robots) by extensions ['ros']
[0.171s] Level 1:colcon.colcon_core.package_identification:_identify(src/unitree-go2-ros2/robots) by extension 'ros'
[0.171s] Level 1:colcon.colcon_core.package_identification:_identify(src/unitree-go2-ros2/robots) by extensions ['cmake', 'python']
[0.171s] Level 1:colcon.colcon_core.package_identification:_identify(src/unitree-go2-ros2/robots) by extension 'cmake'
[0.171s] Level 1:colcon.colcon_core.package_identification:_identify(src/unitree-go2-ros2/robots) by extension 'python'
[0.171s] Level 1:colcon.colcon_core.package_identification:_identify(src/unitree-go2-ros2/robots) by extensions ['python_setup_py']
[0.171s] Level 1:colcon.colcon_core.package_identification:_identify(src/unitree-go2-ros2/robots) by extension 'python_setup_py'
[0.171s] Level 1:colcon.colcon_core.package_identification:_identify(src/unitree-go2-ros2/robots/configs) by extensions ['ignore', 'ignore_ament_install']
[0.171s] Level 1:colcon.colcon_core.package_identification:_identify(src/unitree-go2-ros2/robots/configs) by extension 'ignore'
[0.171s] Level 1:colcon.colcon_core.package_identification:_identify(src/unitree-go2-ros2/robots/configs) by extension 'ignore_ament_install'
[0.171s] Level 1:colcon.colcon_core.package_identification:_identify(src/unitree-go2-ros2/robots/configs) by extensions ['colcon_pkg']
[0.171s] Level 1:colcon.colcon_core.package_identification:_identify(src/unitree-go2-ros2/robots/configs) by extension 'colcon_pkg'
[0.171s] Level 1:colcon.colcon_core.package_identification:_identify(src/unitree-go2-ros2/robots/configs) by extensions ['colcon_meta']
[0.171s] Level 1:colcon.colcon_core.package_identification:_identify(src/unitree-go2-ros2/robots/configs) by extension 'colcon_meta'
[0.171s] Level 1:colcon.colcon_core.package_identification:_identify(src/unitree-go2-ros2/robots/configs) by extensions ['ros']
[0.171s] Level 1:colcon.colcon_core.package_identification:_identify(src/unitree-go2-ros2/robots/configs) by extension 'ros'
[0.171s] Level 1:colcon.colcon_core.package_identification:_identify(src/unitree-go2-ros2/robots/configs) by extensions ['cmake', 'python']
[0.171s] Level 1:colcon.colcon_core.package_identification:_identify(src/unitree-go2-ros2/robots/configs) by extension 'cmake'
[0.171s] Level 1:colcon.colcon_core.package_identification:_identify(src/unitree-go2-ros2/robots/configs) by extension 'python'
[0.171s] Level 1:colcon.colcon_core.package_identification:_identify(src/unitree-go2-ros2/robots/configs) by extensions ['python_setup_py']
[0.171s] Level 1:colcon.colcon_core.package_identification:_identify(src/unitree-go2-ros2/robots/configs) by extension 'python_setup_py'
[0.171s] Level 1:colcon.colcon_core.package_identification:_identify(src/unitree-go2-ros2/robots/configs/go2_config) by extensions ['ignore', 'ignore_ament_install']
[0.171s] Level 1:colcon.colcon_core.package_identification:_identify(src/unitree-go2-ros2/robots/configs/go2_config) by extension 'ignore'
[0.171s] Level 1:colcon.colcon_core.package_identification:_identify(src/unitree-go2-ros2/robots/configs/go2_config) by extension 'ignore_ament_install'
[0.171s] Level 1:colcon.colcon_core.package_identification:_identify(src/unitree-go2-ros2/robots/configs/go2_config) by extensions ['colcon_pkg']
[0.171s] Level 1:colcon.colcon_core.package_identification:_identify(src/unitree-go2-ros2/robots/configs/go2_config) by extension 'colcon_pkg'
[0.171s] Level 1:colcon.colcon_core.package_identification:_identify(src/unitree-go2-ros2/robots/configs/go2_config) by extensions ['colcon_meta']
[0.171s] Level 1:colcon.colcon_core.package_identification:_identify(src/unitree-go2-ros2/robots/configs/go2_config) by extension 'colcon_meta'
[0.171s] Level 1:colcon.colcon_core.package_identification:_identify(src/unitree-go2-ros2/robots/configs/go2_config) by extensions ['ros']
[0.171s] Level 1:colcon.colcon_core.package_identification:_identify(src/unitree-go2-ros2/robots/configs/go2_config) by extension 'ros'
[0.172s] DEBUG:colcon.colcon_core.package_identification:Package 'src/unitree-go2-ros2/robots/configs/go2_config' with type 'ros.ament_cmake' and name 'go2_config'
[0.172s] Level 1:colcon.colcon_core.package_identification:_identify(src/unitree-go2-ros2/robots/configs/m20_config) by extensions ['ignore', 'ignore_ament_install']
[0.172s] Level 1:colcon.colcon_core.package_identification:_identify(src/unitree-go2-ros2/robots/configs/m20_config) by extension 'ignore'
[0.172s] Level 1:colcon.colcon_core.package_identification:_identify(src/unitree-go2-ros2/robots/configs/m20_config) by extension 'ignore_ament_install'
[0.172s] Level 1:colcon.colcon_core.package_identification:_identify(src/unitree-go2-ros2/robots/configs/m20_config) by extensions ['colcon_pkg']
[0.172s] Level 1:colcon.colcon_core.package_identification:_identify(src/unitree-go2-ros2/robots/configs/m20_config) by extension 'colcon_pkg'
[0.172s] Level 1:colcon.colcon_core.package_identification:_identify(src/unitree-go2-ros2/robots/configs/m20_config) by extensions ['colcon_meta']
[0.172s] Level 1:colcon.colcon_core.package_identification:_identify(src/unitree-go2-ros2/robots/configs/m20_config) by extension 'colcon_meta'
[0.172s] Level 1:colcon.colcon_core.package_identification:_identify(src/unitree-go2-ros2/robots/configs/m20_config) by extensions ['ros']
[0.172s] Level 1:colcon.colcon_core.package_identification:_identify(src/unitree-go2-ros2/robots/configs/m20_config) by extension 'ros'
[0.172s] DEBUG:colcon.colcon_core.package_identification:Package 'src/unitree-go2-ros2/robots/configs/m20_config' with type 'ros.ament_cmake' and name 'm20_config'
[0.172s] Level 1:colcon.colcon_core.package_identification:_identify(src/unitree-go2-ros2/robots/descriptions) by extensions ['ignore', 'ignore_ament_install']
[0.172s] Level 1:colcon.colcon_core.package_identification:_identify(src/unitree-go2-ros2/robots/descriptions) by extension 'ignore'
[0.172s] Level 1:colcon.colcon_core.package_identification:_identify(src/unitree-go2-ros2/robots/descriptions) by extension 'ignore_ament_install'
[0.172s] Level 1:colcon.colcon_core.package_identification:_identify(src/unitree-go2-ros2/robots/descriptions) by extensions ['colcon_pkg']
[0.172s] Level 1:colcon.colcon_core.package_identification:_identify(src/unitree-go2-ros2/robots/descriptions) by extension 'colcon_pkg'
[0.172s] Level 1:colcon.colcon_core.package_identification:_identify(src/unitree-go2-ros2/robots/descriptions) by extensions ['colcon_meta']
[0.172s] Level 1:colcon.colcon_core.package_identification:_identify(src/unitree-go2-ros2/robots/descriptions) by extension 'colcon_meta'
[0.173s] Level 1:colcon.colcon_core.package_identification:_identify(src/unitree-go2-ros2/robots/descriptions) by extensions ['ros']
[0.173s] Level 1:colcon.colcon_core.package_identification:_identify(src/unitree-go2-ros2/robots/descriptions) by extension 'ros'
[0.173s] Level 1:colcon.colcon_core.package_identification:_identify(src/unitree-go2-ros2/robots/descriptions) by extensions ['cmake', 'python']
[0.173s] Level 1:colcon.colcon_core.package_identification:_identify(src/unitree-go2-ros2/robots/descriptions) by extension 'cmake'
[0.173s] Level 1:colcon.colcon_core.package_identification:_identify(src/unitree-go2-ros2/robots/descriptions) by extension 'python'
[0.173s] Level 1:colcon.colcon_core.package_identification:_identify(src/unitree-go2-ros2/robots/descriptions) by extensions ['python_setup_py']
[0.173s] Level 1:colcon.colcon_core.package_identification:_identify(src/unitree-go2-ros2/robots/descriptions) by extension 'python_setup_py'
[0.173s] Level 1:colcon.colcon_core.package_identification:_identify(src/unitree-go2-ros2/robots/descriptions/go2_description) by extensions ['ignore', 'ignore_ament_install']
[0.173s] Level 1:colcon.colcon_core.package_identification:_identify(src/unitree-go2-ros2/robots/descriptions/go2_description) by extension 'ignore'
[0.173s] Level 1:colcon.colcon_core.package_identification:_identify(src/unitree-go2-ros2/robots/descriptions/go2_description) by extension 'ignore_ament_install'
[0.173s] Level 1:colcon.colcon_core.package_identification:_identify(src/unitree-go2-ros2/robots/descriptions/go2_description) by extensions ['colcon_pkg']
[0.173s] Level 1:colcon.colcon_core.package_identification:_identify(src/unitree-go2-ros2/robots/descriptions/go2_description) by extension 'colcon_pkg'
[0.173s] Level 1:colcon.colcon_core.package_identification:_identify(src/unitree-go2-ros2/robots/descriptions/go2_description) by extensions ['colcon_meta']
[0.173s] Level 1:colcon.colcon_core.package_identification:_identify(src/unitree-go2-ros2/robots/descriptions/go2_description) by extension 'colcon_meta'
[0.173s] Level 1:colcon.colcon_core.package_identification:_identify(src/unitree-go2-ros2/robots/descriptions/go2_description) by extensions ['ros']
[0.173s] Level 1:colcon.colcon_core.package_identification:_identify(src/unitree-go2-ros2/robots/descriptions/go2_description) by extension 'ros'
[0.173s] DEBUG:colcon.colcon_core.package_identification:Package 'src/unitree-go2-ros2/robots/descriptions/go2_description' with type 'ros.ament_cmake' and name 'go2_description'
[0.173s] Level 1:colcon.colcon_core.package_identification:_identify(src/unitree-go2-ros2/robots/descriptions/m20_description) by extensions ['ignore', 'ignore_ament_install']
[0.173s] Level 1:colcon.colcon_core.package_identification:_identify(src/unitree-go2-ros2/robots/descriptions/m20_description) by extension 'ignore'
[0.173s] Level 1:colcon.colcon_core.package_identification:_identify(src/unitree-go2-ros2/robots/descriptions/m20_description) by extension 'ignore_ament_install'
[0.173s] Level 1:colcon.colcon_core.package_identification:_identify(src/unitree-go2-ros2/robots/descriptions/m20_description) by extensions ['colcon_pkg']
[0.173s] Level 1:colcon.colcon_core.package_identification:_identify(src/unitree-go2-ros2/robots/descriptions/m20_description) by extension 'colcon_pkg'
[0.173s] Level 1:colcon.colcon_core.package_identification:_identify(src/unitree-go2-ros2/robots/descriptions/m20_description) by extensions ['colcon_meta']
[0.173s] Level 1:colcon.colcon_core.package_identification:_identify(src/unitree-go2-ros2/robots/descriptions/m20_description) by extension 'colcon_meta'
[0.173s] Level 1:colcon.colcon_core.package_identification:_identify(src/unitree-go2-ros2/robots/descriptions/m20_description) by extensions ['ros']
[0.173s] Level 1:colcon.colcon_core.package_identification:_identify(src/unitree-go2-ros2/robots/descriptions/m20_description) by extension 'ros'
[0.174s] DEBUG:colcon.colcon_core.package_identification:Package 'src/unitree-go2-ros2/robots/descriptions/m20_description' with type 'ros.ament_cmake' and name 'm20_description'
[0.174s] Level 1:colcon.colcon_core.package_discovery:discover_packages(recursive) using defaults
[0.174s] Level 1:colcon.colcon_core.package_discovery:discover_packages(ignore) discover
[0.174s] Level 1:colcon.colcon_core.package_discovery:discover_packages(ignore) using defaults
[0.174s] Level 1:colcon.colcon_core.package_discovery:discover_packages(path) discover
[0.174s] Level 1:colcon.colcon_core.package_discovery:discover_packages(path) using defaults
[0.192s] Level 1:colcon.colcon_core.package_discovery:discover_packages(prefix_path) check parameters
[0.192s] Level 1:colcon.colcon_core.package_discovery:discover_packages(prefix_path) discover
[0.193s] DEBUG:colcon.colcon_installed_package_information.package_discovery:Found 14 installed packages in /home/cxz/go2_ws/install
[0.194s] DEBUG:colcon.colcon_installed_package_information.package_discovery:Found 8 installed packages in /home/cxz/champ_ws/install
[0.195s] DEBUG:colcon.colcon_installed_package_information.package_discovery:Found 395 installed packages in /opt/ros/humble
[0.196s] Level 1:colcon.colcon_core.package_discovery:discover_packages(prefix_path) using defaults
[0.221s] Level 5:colcon.colcon_core.verb:set package 'champ' build argument 'cmake_args' from command line to 'None'
[0.221s] Level 5:colcon.colcon_core.verb:set package 'champ' build argument 'cmake_target' from command line to 'None'
[0.221s] Level 5:colcon.colcon_core.verb:set package 'champ' build argument 'cmake_target_skip_unavailable' from command line to 'False'
[0.221s] Level 5:colcon.colcon_core.verb:set package 'champ' build argument 'cmake_clean_cache' from command line to 'False'
[0.221s] Level 5:colcon.colcon_core.verb:set package 'champ' build argument 'cmake_clean_first' from command line to 'False'
[0.221s] Level 5:colcon.colcon_core.verb:set package 'champ' build argument 'cmake_force_configure' from command line to 'False'
[0.221s] Level 5:colcon.colcon_core.verb:set package 'champ' build argument 'ament_cmake_args' from command line to 'None'
[0.221s] Level 5:colcon.colcon_core.verb:set package 'champ' build argument 'catkin_cmake_args' from command line to 'None'
[0.221s] Level 5:colcon.colcon_core.verb:set package 'champ' build argument 'catkin_skip_building_tests' from command line to 'False'
[0.221s] DEBUG:colcon.colcon_core.verb:Building package 'champ' with the following arguments: {'ament_cmake_args': None, 'build_base': '/home/cxz/go2_ws/build/champ', 'catkin_cmake_args': None, 'catkin_skip_building_tests': False, 'cmake_args': None, 'cmake_clean_cache': False, 'cmake_clean_first': False, 'cmake_force_configure': False, 'cmake_target': None, 'cmake_target_skip_unavailable': False, 'install_base': '/home/cxz/go2_ws/install/champ', 'merge_install': False, 'path': '/home/cxz/go2_ws/src/unitree-go2-ros2/champ/champ', 'symlink_install': False, 'test_result_base': None}
[0.222s] Level 5:colcon.colcon_core.verb:set package 'champ_config' build argument 'cmake_args' from command line to 'None'
[0.222s] Level 5:colcon.colcon_core.verb:set package 'champ_config' build argument 'cmake_target' from command line to 'None'
[0.222s] Level 5:colcon.colcon_core.verb:set package 'champ_config' build argument 'cmake_target_skip_unavailable' from command line to 'False'
[0.222s] Level 5:colcon.colcon_core.verb:set package 'champ_config' build argument 'cmake_clean_cache' from command line to 'False'
[0.222s] Level 5:colcon.colcon_core.verb:set package 'champ_config' build argument 'cmake_clean_first' from command line to 'False'
[0.222s] Level 5:colcon.colcon_core.verb:set package 'champ_config' build argument 'cmake_force_configure' from command line to 'False'
[0.222s] Level 5:colcon.colcon_core.verb:set package 'champ_config' build argument 'ament_cmake_args' from command line to 'None'
[0.222s] Level 5:colcon.colcon_core.verb:set package 'champ_config' build argument 'catkin_cmake_args' from command line to 'None'
[0.222s] Level 5:colcon.colcon_core.verb:set package 'champ_config' build argument 'catkin_skip_building_tests' from command line to 'False'
[0.222s] DEBUG:colcon.colcon_core.verb:Building package 'champ_config' with the following arguments: {'ament_cmake_args': None, 'build_base': '/home/cxz/go2_ws/build/champ_config', 'catkin_cmake_args': None, 'catkin_skip_building_tests': False, 'cmake_args': None, 'cmake_clean_cache': False, 'cmake_clean_first': False, 'cmake_force_configure': False, 'cmake_target': None, 'cmake_target_skip_unavailable': False, 'install_base': '/home/cxz/go2_ws/install/champ_config', 'merge_install': False, 'path': '/home/cxz/go2_ws/src/unitree-go2-ros2/champ/champ_config', 'symlink_install': False, 'test_result_base': None}
[0.222s] Level 5:colcon.colcon_core.verb:set package 'champ_description' build argument 'cmake_args' from command line to 'None'
[0.222s] Level 5:colcon.colcon_core.verb:set package 'champ_description' build argument 'cmake_target' from command line to 'None'
[0.222s] Level 5:colcon.colcon_core.verb:set package 'champ_description' build argument 'cmake_target_skip_unavailable' from command line to 'False'
[0.222s] Level 5:colcon.colcon_core.verb:set package 'champ_description' build argument 'cmake_clean_cache' from command line to 'False'
[0.222s] Level 5:colcon.colcon_core.verb:set package 'champ_description' build argument 'cmake_clean_first' from command line to 'False'
[0.222s] Level 5:colcon.colcon_core.verb:set package 'champ_description' build argument 'cmake_force_configure' from command line to 'False'
[0.222s] Level 5:colcon.colcon_core.verb:set package 'champ_description' build argument 'ament_cmake_args' from command line to 'None'
[0.222s] Level 5:colcon.colcon_core.verb:set package 'champ_description' build argument 'catkin_cmake_args' from command line to 'None'
[0.222s] Level 5:colcon.colcon_core.verb:set package 'champ_description' build argument 'catkin_skip_building_tests' from command line to 'False'
[0.222s] DEBUG:colcon.colcon_core.verb:Building package 'champ_description' with the following arguments: {'ament_cmake_args': None, 'build_base': '/home/cxz/go2_ws/build/champ_description', 'catkin_cmake_args': None, 'catkin_skip_building_tests': False, 'cmake_args': None, 'cmake_clean_cache': False, 'cmake_clean_first': False, 'cmake_force_configure': False, 'cmake_target': None, 'cmake_target_skip_unavailable': False, 'install_base': '/home/cxz/go2_ws/install/champ_description', 'merge_install': False, 'path': '/home/cxz/go2_ws/src/unitree-go2-ros2/champ/champ_description', 'symlink_install': False, 'test_result_base': None}
[0.222s] Level 5:colcon.colcon_core.verb:set package 'champ_msgs' build argument 'cmake_args' from command line to 'None'
[0.222s] Level 5:colcon.colcon_core.verb:set package 'champ_msgs' build argument 'cmake_target' from command line to 'None'
[0.222s] Level 5:colcon.colcon_core.verb:set package 'champ_msgs' build argument 'cmake_target_skip_unavailable' from command line to 'False'
[0.222s] Level 5:colcon.colcon_core.verb:set package 'champ_msgs' build argument 'cmake_clean_cache' from command line to 'False'
[0.222s] Level 5:colcon.colcon_core.verb:set package 'champ_msgs' build argument 'cmake_clean_first' from command line to 'False'
[0.222s] Level 5:colcon.colcon_core.verb:set package 'champ_msgs' build argument 'cmake_force_configure' from command line to 'False'
[0.222s] Level 5:colcon.colcon_core.verb:set package 'champ_msgs' build argument 'ament_cmake_args' from command line to 'None'
[0.222s] Level 5:colcon.colcon_core.verb:set package 'champ_msgs' build argument 'catkin_cmake_args' from command line to 'None'
[0.222s] Level 5:colcon.colcon_core.verb:set package 'champ_msgs' build argument 'catkin_skip_building_tests' from command line to 'False'
[0.222s] DEBUG:colcon.colcon_core.verb:Building package 'champ_msgs' with the following arguments: {'ament_cmake_args': None, 'build_base': '/home/cxz/go2_ws/build/champ_msgs', 'catkin_cmake_args': None, 'catkin_skip_building_tests': False, 'cmake_args': None, 'cmake_clean_cache': False, 'cmake_clean_first': False, 'cmake_force_configure': False, 'cmake_target': None, 'cmake_target_skip_unavailable': False, 'install_base': '/home/cxz/go2_ws/install/champ_msgs', 'merge_install': False, 'path': '/home/cxz/go2_ws/src/unitree-go2-ros2/champ/champ_msgs', 'symlink_install': False, 'test_result_base': None}
[0.222s] Level 5:colcon.colcon_core.verb:set package 'champ_navigation' build argument 'cmake_args' from command line to 'None'
[0.222s] Level 5:colcon.colcon_core.verb:set package 'champ_navigation' build argument 'cmake_target' from command line to 'None'
[0.222s] Level 5:colcon.colcon_core.verb:set package 'champ_navigation' build argument 'cmake_target_skip_unavailable' from command line to 'False'
[0.222s] Level 5:colcon.colcon_core.verb:set package 'champ_navigation' build argument 'cmake_clean_cache' from command line to 'False'
[0.222s] Level 5:colcon.colcon_core.verb:set package 'champ_navigation' build argument 'cmake_clean_first' from command line to 'False'
[0.223s] Level 5:colcon.colcon_core.verb:set package 'champ_navigation' build argument 'cmake_force_configure' from command line to 'False'
[0.223s] Level 5:colcon.colcon_core.verb:set package 'champ_navigation' build argument 'ament_cmake_args' from command line to 'None'
[0.223s] Level 5:colcon.colcon_core.verb:set package 'champ_navigation' build argument 'catkin_cmake_args' from command line to 'None'
[0.223s] Level 5:colcon.colcon_core.verb:set package 'champ_navigation' build argument 'catkin_skip_building_tests' from command line to 'False'
[0.223s] DEBUG:colcon.colcon_core.verb:Building package 'champ_navigation' with the following arguments: {'ament_cmake_args': None, 'build_base': '/home/cxz/go2_ws/build/champ_navigation', 'catkin_cmake_args': None, 'catkin_skip_building_tests': False, 'cmake_args': None, 'cmake_clean_cache': False, 'cmake_clean_first': False, 'cmake_force_configure': False, 'cmake_target': None, 'cmake_target_skip_unavailable': False, 'install_base': '/home/cxz/go2_ws/install/champ_navigation', 'merge_install': False, 'path': '/home/cxz/go2_ws/src/unitree-go2-ros2/champ/champ_navigation', 'symlink_install': False, 'test_result_base': None}
[0.223s] Level 5:colcon.colcon_core.verb:set package 'champ_teleop' build argument 'cmake_args' from command line to 'None'
[0.223s] Level 5:colcon.colcon_core.verb:set package 'champ_teleop' build argument 'cmake_target' from command line to 'None'
[0.223s] Level 5:colcon.colcon_core.verb:set package 'champ_teleop' build argument 'cmake_target_skip_unavailable' from command line to 'False'
[0.223s] Level 5:colcon.colcon_core.verb:set package 'champ_teleop' build argument 'cmake_clean_cache' from command line to 'False'
[0.223s] Level 5:colcon.colcon_core.verb:set package 'champ_teleop' build argument 'cmake_clean_first' from command line to 'False'
[0.223s] Level 5:colcon.colcon_core.verb:set package 'champ_teleop' build argument 'cmake_force_configure' from command line to 'False'
[0.223s] Level 5:colcon.colcon_core.verb:set package 'champ_teleop' build argument 'ament_cmake_args' from command line to 'None'
[0.223s] Level 5:colcon.colcon_core.verb:set package 'champ_teleop' build argument 'catkin_cmake_args' from command line to 'None'
[0.223s] Level 5:colcon.colcon_core.verb:set package 'champ_teleop' build argument 'catkin_skip_building_tests' from command line to 'False'
[0.223s] DEBUG:colcon.colcon_core.verb:Building package 'champ_teleop' with the following arguments: {'ament_cmake_args': None, 'build_base': '/home/cxz/go2_ws/build/champ_teleop', 'catkin_cmake_args': None, 'catkin_skip_building_tests': False, 'cmake_args': None, 'cmake_clean_cache': False, 'cmake_clean_first': False, 'cmake_force_configure': False, 'cmake_target': None, 'cmake_target_skip_unavailable': False, 'install_base': '/home/cxz/go2_ws/install/champ_teleop', 'merge_install': False, 'path': '/home/cxz/go2_ws/src/unitree-go2-ros2/champ_teleop', 'symlink_install': False, 'test_result_base': None}
[0.223s] Level 5:colcon.colcon_core.verb:set package 'go2_config' build argument 'cmake_args' from command line to 'None'
[0.223s] Level 5:colcon.colcon_core.verb:set package 'go2_config' build argument 'cmake_target' from command line to 'None'
[0.223s] Level 5:colcon.colcon_core.verb:set package 'go2_config' build argument 'cmake_target_skip_unavailable' from command line to 'False'
[0.223s] Level 5:colcon.colcon_core.verb:set package 'go2_config' build argument 'cmake_clean_cache' from command line to 'False'
[0.223s] Level 5:colcon.colcon_core.verb:set package 'go2_config' build argument 'cmake_clean_first' from command line to 'False'
[0.223s] Level 5:colcon.colcon_core.verb:set package 'go2_config' build argument 'cmake_force_configure' from command line to 'False'
[0.223s] Level 5:colcon.colcon_core.verb:set package 'go2_config' build argument 'ament_cmake_args' from command line to 'None'
[0.223s] Level 5:colcon.colcon_core.verb:set package 'go2_config' build argument 'catkin_cmake_args' from command line to 'None'
[0.223s] Level 5:colcon.colcon_core.verb:set package 'go2_config' build argument 'catkin_skip_building_tests' from command line to 'False'
[0.223s] DEBUG:colcon.colcon_core.verb:Building package 'go2_config' with the following arguments: {'ament_cmake_args': None, 'build_base': '/home/cxz/go2_ws/build/go2_config', 'catkin_cmake_args': None, 'catkin_skip_building_tests': False, 'cmake_args': None, 'cmake_clean_cache': False, 'cmake_clean_first': False, 'cmake_force_configure': False, 'cmake_target': None, 'cmake_target_skip_unavailable': False, 'install_base': '/home/cxz/go2_ws/install/go2_config', 'merge_install': False, 'path': '/home/cxz/go2_ws/src/unitree-go2-ros2/robots/configs/go2_config', 'symlink_install': False, 'test_result_base': None}
[0.223s] Level 5:colcon.colcon_core.verb:set package 'go2_description' build argument 'cmake_args' from command line to 'None'
[0.223s] Level 5:colcon.colcon_core.verb:set package 'go2_description' build argument 'cmake_target' from command line to 'None'
[0.223s] Level 5:colcon.colcon_core.verb:set package 'go2_description' build argument 'cmake_target_skip_unavailable' from command line to 'False'
[0.223s] Level 5:colcon.colcon_core.verb:set package 'go2_description' build argument 'cmake_clean_cache' from command line to 'False'
[0.223s] Level 5:colcon.colcon_core.verb:set package 'go2_description' build argument 'cmake_clean_first' from command line to 'False'
[0.223s] Level 5:colcon.colcon_core.verb:set package 'go2_description' build argument 'cmake_force_configure' from command line to 'False'
[0.223s] Level 5:colcon.colcon_core.verb:set package 'go2_description' build argument 'ament_cmake_args' from command line to 'None'
[0.223s] Level 5:colcon.colcon_core.verb:set package 'go2_description' build argument 'catkin_cmake_args' from command line to 'None'
[0.223s] Level 5:colcon.colcon_core.verb:set package 'go2_description' build argument 'catkin_skip_building_tests' from command line to 'False'
[0.223s] DEBUG:colcon.colcon_core.verb:Building package 'go2_description' with the following arguments: {'ament_cmake_args': None, 'build_base': '/home/cxz/go2_ws/build/go2_description', 'catkin_cmake_args': None, 'catkin_skip_building_tests': False, 'cmake_args': None, 'cmake_clean_cache': False, 'cmake_clean_first': False, 'cmake_force_configure': False, 'cmake_target': None, 'cmake_target_skip_unavailable': False, 'install_base': '/home/cxz/go2_ws/install/go2_description', 'merge_install': False, 'path': '/home/cxz/go2_ws/src/unitree-go2-ros2/robots/descriptions/go2_description', 'symlink_install': False, 'test_result_base': None}
[0.224s] Level 5:colcon.colcon_core.verb:set package 'm20_config' build argument 'cmake_args' from command line to 'None'
[0.224s] Level 5:colcon.colcon_core.verb:set package 'm20_config' build argument 'cmake_target' from command line to 'None'
[0.224s] Level 5:colcon.colcon_core.verb:set package 'm20_config' build argument 'cmake_target_skip_unavailable' from command line to 'False'
[0.224s] Level 5:colcon.colcon_core.verb:set package 'm20_config' build argument 'cmake_clean_cache' from command line to 'False'
[0.224s] Level 5:colcon.colcon_core.verb:set package 'm20_config' build argument 'cmake_clean_first' from command line to 'False'
[0.224s] Level 5:colcon.colcon_core.verb:set package 'm20_config' build argument 'cmake_force_configure' from command line to 'False'
[0.224s] Level 5:colcon.colcon_core.verb:set package 'm20_config' build argument 'ament_cmake_args' from command line to 'None'
[0.224s] Level 5:colcon.colcon_core.verb:set package 'm20_config' build argument 'catkin_cmake_args' from command line to 'None'
[0.224s] Level 5:colcon.colcon_core.verb:set package 'm20_config' build argument 'catkin_skip_building_tests' from command line to 'False'
[0.224s] DEBUG:colcon.colcon_core.verb:Building package 'm20_config' with the following arguments: {'ament_cmake_args': None, 'build_base': '/home/cxz/go2_ws/build/m20_config', 'catkin_cmake_args': None, 'catkin_skip_building_tests': False, 'cmake_args': None, 'cmake_clean_cache': False, 'cmake_clean_first': False, 'cmake_force_configure': False, 'cmake_target': None, 'cmake_target_skip_unavailable': False, 'install_base': '/home/cxz/go2_ws/install/m20_config', 'merge_install': False, 'path': '/home/cxz/go2_ws/src/unitree-go2-ros2/robots/configs/m20_config', 'symlink_install': False, 'test_result_base': None}
[0.224s] Level 5:colcon.colcon_core.verb:set package 'm20_description' build argument 'cmake_args' from command line to 'None'
[0.224s] Level 5:colcon.colcon_core.verb:set package 'm20_description' build argument 'cmake_target' from command line to 'None'
[0.224s] Level 5:colcon.colcon_core.verb:set package 'm20_description' build argument 'cmake_target_skip_unavailable' from command line to 'False'
[0.224s] Level 5:colcon.colcon_core.verb:set package 'm20_description' build argument 'cmake_clean_cache' from command line to 'False'
[0.224s] Level 5:colcon.colcon_core.verb:set package 'm20_description' build argument 'cmake_clean_first' from command line to 'False'
[0.224s] Level 5:colcon.colcon_core.verb:set package 'm20_description' build argument 'cmake_force_configure' from command line to 'False'
[0.224s] Level 5:colcon.colcon_core.verb:set package 'm20_description' build argument 'ament_cmake_args' from command line to 'None'
[0.224s] Level 5:colcon.colcon_core.verb:set package 'm20_description' build argument 'catkin_cmake_args' from command line to 'None'
[0.224s] Level 5:colcon.colcon_core.verb:set package 'm20_description' build argument 'catkin_skip_building_tests' from command line to 'False'
[0.224s] DEBUG:colcon.colcon_core.verb:Building package 'm20_description' with the following arguments: {'ament_cmake_args': None, 'build_base': '/home/cxz/go2_ws/build/m20_description', 'catkin_cmake_args': None, 'catkin_skip_building_tests': False, 'cmake_args': None, 'cmake_clean_cache': False, 'cmake_clean_first': False, 'cmake_force_configure': False, 'cmake_target': None, 'cmake_target_skip_unavailable': False, 'install_base': '/home/cxz/go2_ws/install/m20_description', 'merge_install': False, 'path': '/home/cxz/go2_ws/src/unitree-go2-ros2/robots/descriptions/m20_description', 'symlink_install': False, 'test_result_base': None}
[0.224s] Level 5:colcon.colcon_core.verb:set package 'teleop_twist_keyboard' build argument 'cmake_args' from command line to 'None'
[0.224s] Level 5:colcon.colcon_core.verb:set package 'teleop_twist_keyboard' build argument 'cmake_target' from command line to 'None'
[0.224s] Level 5:colcon.colcon_core.verb:set package 'teleop_twist_keyboard' build argument 'cmake_target_skip_unavailable' from command line to 'False'
[0.224s] Level 5:colcon.colcon_core.verb:set package 'teleop_twist_keyboard' build argument 'cmake_clean_cache' from command line to 'False'
[0.224s] Level 5:colcon.colcon_core.verb:set package 'teleop_twist_keyboard' build argument 'cmake_clean_first' from command line to 'False'
[0.224s] Level 5:colcon.colcon_core.verb:set package 'teleop_twist_keyboard' build argument 'cmake_force_configure' from command line to 'False'
[0.224s] Level 5:colcon.colcon_core.verb:set package 'teleop_twist_keyboard' build argument 'ament_cmake_args' from command line to 'None'
[0.224s] Level 5:colcon.colcon_core.verb:set package 'teleop_twist_keyboard' build argument 'catkin_cmake_args' from command line to 'None'
[0.224s] Level 5:colcon.colcon_core.verb:set package 'teleop_twist_keyboard' build argument 'catkin_skip_building_tests' from command line to 'False'
[0.224s] DEBUG:colcon.colcon_core.verb:Building package 'teleop_twist_keyboard' with the following arguments: {'ament_cmake_args': None, 'build_base': '/home/cxz/go2_ws/build/teleop_twist_keyboard', 'catkin_cmake_args': None, 'catkin_skip_building_tests': False, 'cmake_args': None, 'cmake_clean_cache': False, 'cmake_clean_first': False, 'cmake_force_configure': False, 'cmake_target': None, 'cmake_target_skip_unavailable': False, 'install_base': '/home/cxz/go2_ws/install/teleop_twist_keyboard', 'merge_install': False, 'path': '/home/cxz/go2_ws/src/teleop_twist_keyboard', 'symlink_install': False, 'test_result_base': None}
[0.224s] Level 5:colcon.colcon_core.verb:set package 'champ_base' build argument 'cmake_args' from command line to 'None'
[0.224s] Level 5:colcon.colcon_core.verb:set package 'champ_base' build argument 'cmake_target' from command line to 'None'
[0.224s] Level 5:colcon.colcon_core.verb:set package 'champ_base' build argument 'cmake_target_skip_unavailable' from command line to 'False'
[0.225s] Level 5:colcon.colcon_core.verb:set package 'champ_base' build argument 'cmake_clean_cache' from command line to 'False'
[0.225s] Level 5:colcon.colcon_core.verb:set package 'champ_base' build argument 'cmake_clean_first' from command line to 'False'
[0.225s] Level 5:colcon.colcon_core.verb:set package 'champ_base' build argument 'cmake_force_configure' from command line to 'False'
[0.225s] Level 5:colcon.colcon_core.verb:set package 'champ_base' build argument 'ament_cmake_args' from command line to 'None'
[0.225s] Level 5:colcon.colcon_core.verb:set package 'champ_base' build argument 'catkin_cmake_args' from command line to 'None'
[0.225s] Level 5:colcon.colcon_core.verb:set package 'champ_base' build argument 'catkin_skip_building_tests' from command line to 'False'
[0.225s] DEBUG:colcon.colcon_core.verb:Building package 'champ_base' with the following arguments: {'ament_cmake_args': None, 'build_base': '/home/cxz/go2_ws/build/champ_base', 'catkin_cmake_args': None, 'catkin_skip_building_tests': False, 'cmake_args': None, 'cmake_clean_cache': False, 'cmake_clean_first': False, 'cmake_force_configure': False, 'cmake_target': None, 'cmake_target_skip_unavailable': False, 'install_base': '/home/cxz/go2_ws/install/champ_base', 'merge_install': False, 'path': '/home/cxz/go2_ws/src/unitree-go2-ros2/champ/champ_base', 'symlink_install': False, 'test_result_base': None}
[0.225s] Level 5:colcon.colcon_core.verb:set package 'champ_gazebo' build argument 'cmake_args' from command line to 'None'
[0.225s] Level 5:colcon.colcon_core.verb:set package 'champ_gazebo' build argument 'cmake_target' from command line to 'None'
[0.225s] Level 5:colcon.colcon_core.verb:set package 'champ_gazebo' build argument 'cmake_target_skip_unavailable' from command line to 'False'
[0.225s] Level 5:colcon.colcon_core.verb:set package 'champ_gazebo' build argument 'cmake_clean_cache' from command line to 'False'
[0.225s] Level 5:colcon.colcon_core.verb:set package 'champ_gazebo' build argument 'cmake_clean_first' from command line to 'False'
[0.225s] Level 5:colcon.colcon_core.verb:set package 'champ_gazebo' build argument 'cmake_force_configure' from command line to 'False'
[0.225s] Level 5:colcon.colcon_core.verb:set package 'champ_gazebo' build argument 'ament_cmake_args' from command line to 'None'
[0.225s] Level 5:colcon.colcon_core.verb:set package 'champ_gazebo' build argument 'catkin_cmake_args' from command line to 'None'
[0.225s] Level 5:colcon.colcon_core.verb:set package 'champ_gazebo' build argument 'catkin_skip_building_tests' from command line to 'False'
[0.225s] DEBUG:colcon.colcon_core.verb:Building package 'champ_gazebo' with the following arguments: {'ament_cmake_args': None, 'build_base': '/home/cxz/go2_ws/build/champ_gazebo', 'catkin_cmake_args': None, 'catkin_skip_building_tests': False, 'cmake_args': None, 'cmake_clean_cache': False, 'cmake_clean_first': False, 'cmake_force_configure': False, 'cmake_target': None, 'cmake_target_skip_unavailable': False, 'install_base': '/home/cxz/go2_ws/install/champ_gazebo', 'merge_install': False, 'path': '/home/cxz/go2_ws/src/unitree-go2-ros2/champ/champ_gazebo', 'symlink_install': False, 'test_result_base': None}
[0.225s] Level 5:colcon.colcon_core.verb:set package 'champ_bringup' build argument 'cmake_args' from command line to 'None'
[0.225s] Level 5:colcon.colcon_core.verb:set package 'champ_bringup' build argument 'cmake_target' from command line to 'None'
[0.225s] Level 5:colcon.colcon_core.verb:set package 'champ_bringup' build argument 'cmake_target_skip_unavailable' from command line to 'False'
[0.225s] Level 5:colcon.colcon_core.verb:set package 'champ_bringup' build argument 'cmake_clean_cache' from command line to 'False'
[0.225s] Level 5:colcon.colcon_core.verb:set package 'champ_bringup' build argument 'cmake_clean_first' from command line to 'False'
[0.225s] Level 5:colcon.colcon_core.verb:set package 'champ_bringup' build argument 'cmake_force_configure' from command line to 'False'
[0.225s] Level 5:colcon.colcon_core.verb:set package 'champ_bringup' build argument 'ament_cmake_args' from command line to 'None'
[0.225s] Level 5:colcon.colcon_core.verb:set package 'champ_bringup' build argument 'catkin_cmake_args' from command line to 'None'
[0.225s] Level 5:colcon.colcon_core.verb:set package 'champ_bringup' build argument 'catkin_skip_building_tests' from command line to 'False'
[0.225s] DEBUG:colcon.colcon_core.verb:Building package 'champ_bringup' with the following arguments: {'ament_cmake_args': None, 'build_base': '/home/cxz/go2_ws/build/champ_bringup', 'catkin_cmake_args': None, 'catkin_skip_building_tests': False, 'cmake_args': None, 'cmake_clean_cache': False, 'cmake_clean_first': False, 'cmake_force_configure': False, 'cmake_target': None, 'cmake_target_skip_unavailable': False, 'install_base': '/home/cxz/go2_ws/install/champ_bringup', 'merge_install': False, 'path': '/home/cxz/go2_ws/src/unitree-go2-ros2/champ/champ_bringup', 'symlink_install': False, 'test_result_base': None}
[0.225s] INFO:colcon.colcon_core.executor:Executing jobs using 'parallel' executor
[0.226s] DEBUG:colcon.colcon_parallel_executor.executor.parallel:run_until_complete
[0.226s] INFO:colcon.colcon_ros.task.ament_cmake.build:Building ROS package in '/home/cxz/go2_ws/src/unitree-go2-ros2/champ/champ' with build type 'ament_cmake'
[0.226s] INFO:colcon.colcon_cmake.task.cmake.build:Building CMake package in '/home/cxz/go2_ws/src/unitree-go2-ros2/champ/champ'
[0.228s] INFO:colcon.colcon_core.plugin_system:Skipping extension 'colcon_core.shell.bat': Not used on non-Windows systems
[0.228s] INFO:colcon.colcon_core.shell:Skip shell extension 'powershell' for command environment: Not usable outside of PowerShell
[0.228s] DEBUG:colcon.colcon_core.shell:Skip shell extension 'dsv' for command environment
[0.231s] INFO:colcon.colcon_ros.task.ament_cmake.build:Building ROS package in '/home/cxz/go2_ws/src/unitree-go2-ros2/champ/champ_msgs' with build type 'ament_cmake'
[0.231s] INFO:colcon.colcon_cmake.task.cmake.build:Building CMake package in '/home/cxz/go2_ws/src/unitree-go2-ros2/champ/champ_msgs'
[0.231s] INFO:colcon.colcon_core.shell:Skip shell extension 'powershell' for command environment: Not usable outside of PowerShell
[0.231s] DEBUG:colcon.colcon_core.shell:Skip shell extension 'dsv' for command environment
[0.234s] INFO:colcon.colcon_ros.task.ament_cmake.build:Building ROS package in '/home/cxz/go2_ws/src/unitree-go2-ros2/champ/champ_description' with build type 'ament_cmake'
[0.234s] INFO:colcon.colcon_cmake.task.cmake.build:Building CMake package in '/home/cxz/go2_ws/src/unitree-go2-ros2/champ/champ_description'
[0.234s] INFO:colcon.colcon_core.shell:Skip shell extension 'powershell' for command environment: Not usable outside of PowerShell
[0.234s] DEBUG:colcon.colcon_core.shell:Skip shell extension 'dsv' for command environment
[0.236s] INFO:colcon.colcon_ros.task.ament_cmake.build:Building ROS package in '/home/cxz/go2_ws/src/unitree-go2-ros2/champ/champ_config' with build type 'ament_cmake'
[0.237s] INFO:colcon.colcon_cmake.task.cmake.build:Building CMake package in '/home/cxz/go2_ws/src/unitree-go2-ros2/champ/champ_config'
[0.237s] INFO:colcon.colcon_core.shell:Skip shell extension 'powershell' for command environment: Not usable outside of PowerShell
[0.237s] DEBUG:colcon.colcon_core.shell:Skip shell extension 'dsv' for command environment
[0.239s] INFO:colcon.colcon_ros.task.ament_cmake.build:Building ROS package in '/home/cxz/go2_ws/src/unitree-go2-ros2/champ/champ_navigation' with build type 'ament_cmake'
[0.239s] INFO:colcon.colcon_cmake.task.cmake.build:Building CMake package in '/home/cxz/go2_ws/src/unitree-go2-ros2/champ/champ_navigation'
[0.240s] INFO:colcon.colcon_core.shell:Skip shell extension 'powershell' for command environment: Not usable outside of PowerShell
[0.240s] DEBUG:colcon.colcon_core.shell:Skip shell extension 'dsv' for command environment
[0.242s] INFO:colcon.colcon_ros.task.ament_cmake.build:Building ROS package in '/home/cxz/go2_ws/src/unitree-go2-ros2/champ_teleop' with build type 'ament_cmake'
[0.242s] INFO:colcon.colcon_cmake.task.cmake.build:Building CMake package in '/home/cxz/go2_ws/src/unitree-go2-ros2/champ_teleop'
[0.242s] INFO:colcon.colcon_core.shell:Skip shell extension 'powershell' for command environment: Not usable outside of PowerShell
[0.242s] DEBUG:colcon.colcon_core.shell:Skip shell extension 'dsv' for command environment
[0.245s] INFO:colcon.colcon_ros.task.ament_cmake.build:Building ROS package in '/home/cxz/go2_ws/src/unitree-go2-ros2/robots/configs/go2_config' with build type 'ament_cmake'
[0.245s] INFO:colcon.colcon_cmake.task.cmake.build:Building CMake package in '/home/cxz/go2_ws/src/unitree-go2-ros2/robots/configs/go2_config'
[0.245s] INFO:colcon.colcon_core.shell:Skip shell extension 'powershell' for command environment: Not usable outside of PowerShell
[0.245s] DEBUG:colcon.colcon_core.shell:Skip shell extension 'dsv' for command environment
[0.247s] INFO:colcon.colcon_ros.task.ament_cmake.build:Building ROS package in '/home/cxz/go2_ws/src/unitree-go2-ros2/robots/descriptions/go2_description' with build type 'ament_cmake'
[0.247s] INFO:colcon.colcon_cmake.task.cmake.build:Building CMake package in '/home/cxz/go2_ws/src/unitree-go2-ros2/robots/descriptions/go2_description'
[0.247s] INFO:colcon.colcon_core.shell:Skip shell extension 'powershell' for command environment: Not usable outside of PowerShell
[0.247s] DEBUG:colcon.colcon_core.shell:Skip shell extension 'dsv' for command environment
[0.250s] INFO:colcon.colcon_ros.task.ament_cmake.build:Building ROS package in '/home/cxz/go2_ws/src/unitree-go2-ros2/robots/configs/m20_config' with build type 'ament_cmake'
[0.250s] INFO:colcon.colcon_cmake.task.cmake.build:Building CMake package in '/home/cxz/go2_ws/src/unitree-go2-ros2/robots/configs/m20_config'
[0.250s] INFO:colcon.colcon_core.shell:Skip shell extension 'powershell' for command environment: Not usable outside of PowerShell
[0.250s] DEBUG:colcon.colcon_core.shell:Skip shell extension 'dsv' for command environment
[0.252s] INFO:colcon.colcon_ros.task.ament_cmake.build:Building ROS package in '/home/cxz/go2_ws/src/unitree-go2-ros2/robots/descriptions/m20_description' with build type 'ament_cmake'
[0.253s] INFO:colcon.colcon_cmake.task.cmake.build:Building CMake package in '/home/cxz/go2_ws/src/unitree-go2-ros2/robots/descriptions/m20_description'
[0.253s] INFO:colcon.colcon_core.shell:Skip shell extension 'powershell' for command environment: Not usable outside of PowerShell
[0.253s] DEBUG:colcon.colcon_core.shell:Skip shell extension 'dsv' for command environment
[0.257s] INFO:colcon.colcon_ros.task.ament_cmake.build:Building ROS package in '/home/cxz/go2_ws/src/teleop_twist_keyboard' with build type 'ament_cmake'
[0.257s] INFO:colcon.colcon_cmake.task.cmake.build:Building CMake package in '/home/cxz/go2_ws/src/teleop_twist_keyboard'
[0.257s] INFO:colcon.colcon_core.shell:Skip shell extension 'powershell' for command environment: Not usable outside of PowerShell
[0.257s] DEBUG:colcon.colcon_core.shell:Skip shell extension 'dsv' for command environment
[0.265s] DEBUG:colcon.colcon_core.event_handler.log_command:Invoking command in '/home/cxz/go2_ws/build/champ': CMAKE_PREFIX_PATH=${CMAKE_PREFIX_PATH}:/opt/ros/humble /usr/bin/cmake --build /home/cxz/go2_ws/build/champ -- -j32 -l32
[0.267s] DEBUG:colcon.colcon_core.event_handler.log_command:Invoking command in '/home/cxz/go2_ws/build/champ_msgs': CMAKE_PREFIX_PATH=${CMAKE_PREFIX_PATH}:/opt/ros/humble /usr/bin/cmake --build /home/cxz/go2_ws/build/champ_msgs -- -j32 -l32
[0.269s] DEBUG:colcon.colcon_core.event_handler.log_command:Invoking command in '/home/cxz/go2_ws/build/champ_description': CMAKE_PREFIX_PATH=${CMAKE_PREFIX_PATH}:/opt/ros/humble /usr/bin/cmake --build /home/cxz/go2_ws/build/champ_description -- -j32 -l32
[0.271s] DEBUG:colcon.colcon_core.event_handler.log_command:Invoking command in '/home/cxz/go2_ws/build/champ_config': CMAKE_PREFIX_PATH=${CMAKE_PREFIX_PATH}:/opt/ros/humble /usr/bin/cmake --build /home/cxz/go2_ws/build/champ_config -- -j32 -l32
[0.274s] DEBUG:colcon.colcon_core.event_handler.log_command:Invoking command in '/home/cxz/go2_ws/build/champ_navigation': CMAKE_PREFIX_PATH=${CMAKE_PREFIX_PATH}:/opt/ros/humble /usr/bin/cmake --build /home/cxz/go2_ws/build/champ_navigation -- -j32 -l32
[0.277s] DEBUG:colcon.colcon_core.event_handler.log_command:Invoking command in '/home/cxz/go2_ws/build/champ_teleop': CMAKE_PREFIX_PATH=${CMAKE_PREFIX_PATH}:/opt/ros/humble /usr/bin/cmake --build /home/cxz/go2_ws/build/champ_teleop -- -j32 -l32
[0.279s] DEBUG:colcon.colcon_core.event_handler.log_command:Invoking command in '/home/cxz/go2_ws/build/go2_config': CMAKE_PREFIX_PATH=${CMAKE_PREFIX_PATH}:/opt/ros/humble /usr/bin/cmake --build /home/cxz/go2_ws/build/go2_config -- -j32 -l32
[0.280s] DEBUG:colcon.colcon_core.event_handler.log_command:Invoking command in '/home/cxz/go2_ws/build/go2_description': CMAKE_PREFIX_PATH=${CMAKE_PREFIX_PATH}:/opt/ros/humble /usr/bin/cmake --build /home/cxz/go2_ws/build/go2_description -- -j32 -l32
[0.281s] DEBUG:colcon.colcon_core.event_handler.log_command:Invoking command in '/home/cxz/go2_ws/build/m20_config': CMAKE_PREFIX_PATH=${CMAKE_PREFIX_PATH}:/opt/ros/humble /usr/bin/cmake /home/cxz/go2_ws/src/unitree-go2-ros2/robots/configs/m20_config -DCMAKE_INSTALL_PREFIX=/home/cxz/go2_ws/install/m20_config
[0.283s] DEBUG:colcon.colcon_core.event_handler.log_command:Invoking command in '/home/cxz/go2_ws/build/m20_description': CMAKE_PREFIX_PATH=${CMAKE_PREFIX_PATH}:/opt/ros/humble /usr/bin/cmake /home/cxz/go2_ws/src/unitree-go2-ros2/robots/descriptions/m20_description -DCMAKE_INSTALL_PREFIX=/home/cxz/go2_ws/install/m20_description
[0.287s] DEBUG:colcon.colcon_core.event_handler.log_command:Invoking command in '/home/cxz/go2_ws/build/teleop_twist_keyboard': CMAKE_PREFIX_PATH=${CMAKE_PREFIX_PATH}:/opt/ros/humble /usr/bin/cmake --build /home/cxz/go2_ws/build/teleop_twist_keyboard -- -j32 -l32
[0.300s] DEBUG:colcon.colcon_core.event_handler.log_command:Invoked command in '/home/cxz/go2_ws/build/champ_description' returned '0': CMAKE_PREFIX_PATH=${CMAKE_PREFIX_PATH}:/opt/ros/humble /usr/bin/cmake --build /home/cxz/go2_ws/build/champ_description -- -j32 -l32
[0.306s] DEBUG:colcon.colcon_core.event_handler.log_command:Invoking command in '/home/cxz/go2_ws/build/champ_description': CMAKE_PREFIX_PATH=${CMAKE_PREFIX_PATH}:/opt/ros/humble /usr/bin/cmake --install /home/cxz/go2_ws/build/champ_description
[0.307s] DEBUG:colcon.colcon_core.event_handler.log_command:Invoked command in '/home/cxz/go2_ws/build/champ_config' returned '0': CMAKE_PREFIX_PATH=${CMAKE_PREFIX_PATH}:/opt/ros/humble /usr/bin/cmake --build /home/cxz/go2_ws/build/champ_config -- -j32 -l32
[0.308s] DEBUG:colcon.colcon_core.event_handler.log_command:Invoking command in '/home/cxz/go2_ws/build/champ_config': CMAKE_PREFIX_PATH=${CMAKE_PREFIX_PATH}:/opt/ros/humble /usr/bin/cmake --install /home/cxz/go2_ws/build/champ_config
[0.308s] DEBUG:colcon.colcon_core.event_handler.log_command:Invoked command in '/home/cxz/go2_ws/build/champ' returned '0': CMAKE_PREFIX_PATH=${CMAKE_PREFIX_PATH}:/opt/ros/humble /usr/bin/cmake --build /home/cxz/go2_ws/build/champ -- -j32 -l32
[0.309s] DEBUG:colcon.colcon_core.event_handler.log_command:Invoking command in '/home/cxz/go2_ws/build/champ': CMAKE_PREFIX_PATH=${CMAKE_PREFIX_PATH}:/opt/ros/humble /usr/bin/cmake --install /home/cxz/go2_ws/build/champ
[0.310s] DEBUG:colcon.colcon_core.event_handler.log_command:Invoked command in '/home/cxz/go2_ws/build/go2_config' returned '0': CMAKE_PREFIX_PATH=${CMAKE_PREFIX_PATH}:/opt/ros/humble /usr/bin/cmake --build /home/cxz/go2_ws/build/go2_config -- -j32 -l32
[0.311s] DEBUG:colcon.colcon_core.event_handler.log_command:Invoking command in '/home/cxz/go2_ws/build/go2_config': CMAKE_PREFIX_PATH=${CMAKE_PREFIX_PATH}:/opt/ros/humble /usr/bin/cmake --install /home/cxz/go2_ws/build/go2_config
[0.311s] DEBUG:colcon.colcon_core.event_handler.log_command:Invoked command in '/home/cxz/go2_ws/build/champ_navigation' returned '0': CMAKE_PREFIX_PATH=${CMAKE_PREFIX_PATH}:/opt/ros/humble /usr/bin/cmake --build /home/cxz/go2_ws/build/champ_navigation -- -j32 -l32
[0.312s] DEBUG:colcon.colcon_core.event_handler.log_command:Invoking command in '/home/cxz/go2_ws/build/champ_navigation': CMAKE_PREFIX_PATH=${CMAKE_PREFIX_PATH}:/opt/ros/humble /usr/bin/cmake --install /home/cxz/go2_ws/build/champ_navigation
[0.319s] Level 1:colcon.colcon_core.environment:create_environment_scripts_only(champ)
[0.327s] DEBUG:colcon.colcon_core.event_handler.log_command:Invoked command in '/home/cxz/go2_ws/build/champ_teleop' returned '0': CMAKE_PREFIX_PATH=${CMAKE_PREFIX_PATH}:/opt/ros/humble /usr/bin/cmake --build /home/cxz/go2_ws/build/champ_teleop -- -j32 -l32
[0.331s] Level 1:colcon.colcon_core.environment:checking '/home/cxz/go2_ws/install/champ' for CMake module files
[0.332s] Level 1:colcon.colcon_core.environment:checking '/home/cxz/go2_ws/install/champ' for CMake config files
[0.339s] DEBUG:colcon.colcon_core.event_handler.log_command:Invoking command in '/home/cxz/go2_ws/build/champ_teleop': CMAKE_PREFIX_PATH=${CMAKE_PREFIX_PATH}:/opt/ros/humble /usr/bin/cmake --install /home/cxz/go2_ws/build/champ_teleop
[0.341s] Level 1:colcon.colcon_core.shell:create_environment_hook('champ', 'cmake_prefix_path')
[0.342s] INFO:colcon.colcon_core.shell:Creating environment hook '/home/cxz/go2_ws/install/champ/share/champ/hook/cmake_prefix_path.ps1'
[0.344s] DEBUG:colcon.colcon_core.event_handler.log_command:Invoked command in '/home/cxz/go2_ws/build/go2_description' returned '0': CMAKE_PREFIX_PATH=${CMAKE_PREFIX_PATH}:/opt/ros/humble /usr/bin/cmake --build /home/cxz/go2_ws/build/go2_description -- -j32 -l32
[0.344s] INFO:colcon.colcon_core.shell:Creating environment descriptor '/home/cxz/go2_ws/install/champ/share/champ/hook/cmake_prefix_path.dsv'
[0.345s] INFO:colcon.colcon_core.shell:Creating environment hook '/home/cxz/go2_ws/install/champ/share/champ/hook/cmake_prefix_path.sh'
[0.346s] DEBUG:colcon.colcon_core.event_handler.log_command:Invoking command in '/home/cxz/go2_ws/build/go2_description': CMAKE_PREFIX_PATH=${CMAKE_PREFIX_PATH}:/opt/ros/humble /usr/bin/cmake --install /home/cxz/go2_ws/build/go2_description
[0.347s] DEBUG:colcon.colcon_core.event_handler.log_command:Invoked command in '/home/cxz/go2_ws/build/champ' returned '0': CMAKE_PREFIX_PATH=${CMAKE_PREFIX_PATH}:/opt/ros/humble /usr/bin/cmake --install /home/cxz/go2_ws/build/champ
[0.347s] Level 1:colcon.colcon_core.environment:checking '/home/cxz/go2_ws/install/champ/bin'
[0.347s] Level 1:colcon.colcon_core.environment:checking '/home/cxz/go2_ws/install/champ/lib/pkgconfig/champ.pc'
[0.347s] Level 1:colcon.colcon_core.environment:checking '/home/cxz/go2_ws/install/champ/lib/python3.10/site-packages'
[0.348s] Level 1:colcon.colcon_core.environment:checking '/home/cxz/go2_ws/install/champ/bin'
[0.348s] INFO:colcon.colcon_core.shell:Creating package script '/home/cxz/go2_ws/install/champ/share/champ/package.ps1'
[0.350s] INFO:colcon.colcon_core.shell:Creating package descriptor '/home/cxz/go2_ws/install/champ/share/champ/package.dsv'
[0.352s] INFO:colcon.colcon_core.shell:Creating package script '/home/cxz/go2_ws/install/champ/share/champ/package.sh'
[0.353s] INFO:colcon.colcon_core.shell:Creating package script '/home/cxz/go2_ws/install/champ/share/champ/package.bash'
[0.355s] INFO:colcon.colcon_core.shell:Creating package script '/home/cxz/go2_ws/install/champ/share/champ/package.zsh'
[0.357s] Level 1:colcon.colcon_core.environment:create_file_with_runtime_dependencies(/home/cxz/go2_ws/install/champ/share/colcon-core/packages/champ)
[0.358s] Level 1:colcon.colcon_core.environment:create_environment_scripts_only(champ)
[0.358s] Level 1:colcon.colcon_core.environment:checking '/home/cxz/go2_ws/install/champ' for CMake module files
[0.358s] Level 1:colcon.colcon_core.environment:checking '/home/cxz/go2_ws/install/champ' for CMake config files
[0.359s] Level 1:colcon.colcon_core.shell:create_environment_hook('champ', 'cmake_prefix_path')
[0.359s] INFO:colcon.colcon_core.shell:Creating environment hook '/home/cxz/go2_ws/install/champ/share/champ/hook/cmake_prefix_path.ps1'
[0.359s] INFO:colcon.colcon_core.shell:Creating environment descriptor '/home/cxz/go2_ws/install/champ/share/champ/hook/cmake_prefix_path.dsv'
[0.359s] INFO:colcon.colcon_core.shell:Creating environment hook '/home/cxz/go2_ws/install/champ/share/champ/hook/cmake_prefix_path.sh'
[0.360s] Level 1:colcon.colcon_core.environment:checking '/home/cxz/go2_ws/install/champ/bin'
[0.360s] Level 1:colcon.colcon_core.environment:checking '/home/cxz/go2_ws/install/champ/lib/pkgconfig/champ.pc'
[0.360s] Level 1:colcon.colcon_core.environment:checking '/home/cxz/go2_ws/install/champ/lib/python3.10/site-packages'
[0.360s] Level 1:colcon.colcon_core.environment:checking '/home/cxz/go2_ws/install/champ/bin'
[0.361s] INFO:colcon.colcon_core.shell:Creating package script '/home/cxz/go2_ws/install/champ/share/champ/package.ps1'
[0.361s] INFO:colcon.colcon_core.shell:Creating package descriptor '/home/cxz/go2_ws/install/champ/share/champ/package.dsv'
[0.361s] INFO:colcon.colcon_core.shell:Creating package script '/home/cxz/go2_ws/install/champ/share/champ/package.sh'
[0.361s] INFO:colcon.colcon_core.shell:Creating package script '/home/cxz/go2_ws/install/champ/share/champ/package.bash'
[0.362s] INFO:colcon.colcon_core.shell:Creating package script '/home/cxz/go2_ws/install/champ/share/champ/package.zsh'
[0.362s] Level 1:colcon.colcon_core.environment:create_file_with_runtime_dependencies(/home/cxz/go2_ws/install/champ/share/colcon-core/packages/champ)
[0.362s] Level 1:colcon.colcon_core.environment:create_environment_scripts_only(champ_description)
[0.362s] Level 1:colcon.colcon_core.environment:checking '/home/cxz/go2_ws/install/champ_description' for CMake module files
[0.363s] Level 1:colcon.colcon_core.environment:checking '/home/cxz/go2_ws/install/champ_description' for CMake config files
[0.363s] DEBUG:colcon.colcon_core.event_handler.log_command:Invoked command in '/home/cxz/go2_ws/build/champ_description' returned '0': CMAKE_PREFIX_PATH=${CMAKE_PREFIX_PATH}:/opt/ros/humble /usr/bin/cmake --install /home/cxz/go2_ws/build/champ_description
[0.363s] Level 1:colcon.colcon_core.shell:create_environment_hook('champ_description', 'cmake_prefix_path')
[0.363s] INFO:colcon.colcon_core.shell:Creating environment hook '/home/cxz/go2_ws/install/champ_description/share/champ_description/hook/cmake_prefix_path.ps1'
[0.364s] INFO:colcon.colcon_core.shell:Creating environment descriptor '/home/cxz/go2_ws/install/champ_description/share/champ_description/hook/cmake_prefix_path.dsv'
[0.364s] INFO:colcon.colcon_core.shell:Creating environment hook '/home/cxz/go2_ws/install/champ_description/share/champ_description/hook/cmake_prefix_path.sh'
[0.364s] Level 1:colcon.colcon_core.environment:checking '/home/cxz/go2_ws/install/champ_description/bin'
[0.364s] Level 1:colcon.colcon_core.environment:checking '/home/cxz/go2_ws/install/champ_description/lib/pkgconfig/champ_description.pc'
[0.365s] Level 1:colcon.colcon_core.environment:checking '/home/cxz/go2_ws/install/champ_description/lib/python3.10/site-packages'
[0.365s] Level 1:colcon.colcon_core.environment:checking '/home/cxz/go2_ws/install/champ_description/bin'
[0.365s] INFO:colcon.colcon_core.shell:Creating package script '/home/cxz/go2_ws/install/champ_description/share/champ_description/package.ps1'
[0.366s] INFO:colcon.colcon_core.shell:Creating package descriptor '/home/cxz/go2_ws/install/champ_description/share/champ_description/package.dsv'
[0.366s] INFO:colcon.colcon_core.shell:Creating package script '/home/cxz/go2_ws/install/champ_description/share/champ_description/package.sh'
[0.366s] INFO:colcon.colcon_core.shell:Creating package script '/home/cxz/go2_ws/install/champ_description/share/champ_description/package.bash'
[0.366s] INFO:colcon.colcon_core.shell:Creating package script '/home/cxz/go2_ws/install/champ_description/share/champ_description/package.zsh'
[0.367s] Level 1:colcon.colcon_core.environment:create_file_with_runtime_dependencies(/home/cxz/go2_ws/install/champ_description/share/colcon-core/packages/champ_description)
[0.367s] Level 1:colcon.colcon_core.environment:create_environment_scripts_only(champ_description)
[0.367s] Level 1:colcon.colcon_core.environment:checking '/home/cxz/go2_ws/install/champ_description' for CMake module files
[0.368s] Level 1:colcon.colcon_core.environment:checking '/home/cxz/go2_ws/install/champ_description' for CMake config files
[0.368s] Level 1:colcon.colcon_core.shell:create_environment_hook('champ_description', 'cmake_prefix_path')
[0.368s] INFO:colcon.colcon_core.shell:Creating environment hook '/home/cxz/go2_ws/install/champ_description/share/champ_description/hook/cmake_prefix_path.ps1'
[0.368s] INFO:colcon.colcon_core.shell:Creating environment descriptor '/home/cxz/go2_ws/install/champ_description/share/champ_description/hook/cmake_prefix_path.dsv'
[0.369s] INFO:colcon.colcon_core.shell:Creating environment hook '/home/cxz/go2_ws/install/champ_description/share/champ_description/hook/cmake_prefix_path.sh'
[0.369s] Level 1:colcon.colcon_core.environment:checking '/home/cxz/go2_ws/install/champ_description/bin'
[0.369s] Level 1:colcon.colcon_core.environment:checking '/home/cxz/go2_ws/install/champ_description/lib/pkgconfig/champ_description.pc'
[0.369s] Level 1:colcon.colcon_core.environment:checking '/home/cxz/go2_ws/install/champ_description/lib/python3.10/site-packages'
[0.369s] Level 1:colcon.colcon_core.environment:checking '/home/cxz/go2_ws/install/champ_description/bin'
[0.370s] INFO:colcon.colcon_core.shell:Creating package script '/home/cxz/go2_ws/install/champ_description/share/champ_description/package.ps1'
[0.370s] INFO:colcon.colcon_core.shell:Creating package descriptor '/home/cxz/go2_ws/install/champ_description/share/champ_description/package.dsv'
[0.370s] INFO:colcon.colcon_core.shell:Creating package script '/home/cxz/go2_ws/install/champ_description/share/champ_description/package.sh'
[0.371s] INFO:colcon.colcon_core.shell:Creating package script '/home/cxz/go2_ws/install/champ_description/share/champ_description/package.bash'
[0.371s] INFO:colcon.colcon_core.shell:Creating package script '/home/cxz/go2_ws/install/champ_description/share/champ_description/package.zsh'
[0.372s] Level 1:colcon.colcon_core.environment:create_file_with_runtime_dependencies(/home/cxz/go2_ws/install/champ_description/share/colcon-core/packages/champ_description)
[0.372s] Level 1:colcon.colcon_core.environment:create_environment_scripts_only(champ_config)
[0.372s] Level 1:colcon.colcon_core.environment:checking '/home/cxz/go2_ws/install/champ_config' for CMake module files
[0.373s] DEBUG:colcon.colcon_core.event_handler.log_command:Invoked command in '/home/cxz/go2_ws/build/champ_config' returned '0': CMAKE_PREFIX_PATH=${CMAKE_PREFIX_PATH}:/opt/ros/humble /usr/bin/cmake --install /home/cxz/go2_ws/build/champ_config
[0.373s] Level 1:colcon.colcon_core.environment:checking '/home/cxz/go2_ws/install/champ_config' for CMake config files
[0.373s] Level 1:colcon.colcon_core.shell:create_environment_hook('champ_config', 'cmake_prefix_path')
[0.373s] INFO:colcon.colcon_core.shell:Creating environment hook '/home/cxz/go2_ws/install/champ_config/share/champ_config/hook/cmake_prefix_path.ps1'
[0.374s] INFO:colcon.colcon_core.shell:Creating environment descriptor '/home/cxz/go2_ws/install/champ_config/share/champ_config/hook/cmake_prefix_path.dsv'
[0.374s] INFO:colcon.colcon_core.shell:Creating environment hook '/home/cxz/go2_ws/install/champ_config/share/champ_config/hook/cmake_prefix_path.sh'
[0.374s] Level 1:colcon.colcon_core.environment:checking '/home/cxz/go2_ws/install/champ_config/bin'
[0.374s] Level 1:colcon.colcon_core.environment:checking '/home/cxz/go2_ws/install/champ_config/lib/pkgconfig/champ_config.pc'
[0.375s] Level 1:colcon.colcon_core.environment:checking '/home/cxz/go2_ws/install/champ_config/lib/python3.10/site-packages'
[0.375s] Level 1:colcon.colcon_core.environment:checking '/home/cxz/go2_ws/install/champ_config/bin'
[0.375s] INFO:colcon.colcon_core.shell:Creating package script '/home/cxz/go2_ws/install/champ_config/share/champ_config/package.ps1'
[0.376s] INFO:colcon.colcon_core.shell:Creating package descriptor '/home/cxz/go2_ws/install/champ_config/share/champ_config/package.dsv'
[0.376s] INFO:colcon.colcon_core.shell:Creating package script '/home/cxz/go2_ws/install/champ_config/share/champ_config/package.sh'
[0.376s] INFO:colcon.colcon_core.shell:Creating package script '/home/cxz/go2_ws/install/champ_config/share/champ_config/package.bash'
[0.376s] INFO:colcon.colcon_core.shell:Creating package script '/home/cxz/go2_ws/install/champ_config/share/champ_config/package.zsh'
[0.377s] Level 1:colcon.colcon_core.environment:create_file_with_runtime_dependencies(/home/cxz/go2_ws/install/champ_config/share/colcon-core/packages/champ_config)
[0.377s] Level 1:colcon.colcon_core.environment:create_environment_scripts_only(champ_config)
[0.377s] Level 1:colcon.colcon_core.environment:checking '/home/cxz/go2_ws/install/champ_config' for CMake module files
[0.378s] Level 1:colcon.colcon_core.environment:checking '/home/cxz/go2_ws/install/champ_config' for CMake config files
[0.378s] Level 1:colcon.colcon_core.shell:create_environment_hook('champ_config', 'cmake_prefix_path')
[0.378s] INFO:colcon.colcon_core.shell:Creating environment hook '/home/cxz/go2_ws/install/champ_config/share/champ_config/hook/cmake_prefix_path.ps1'
[0.378s] INFO:colcon.colcon_core.shell:Creating environment descriptor '/home/cxz/go2_ws/install/champ_config/share/champ_config/hook/cmake_prefix_path.dsv'
[0.378s] INFO:colcon.colcon_core.shell:Creating environment hook '/home/cxz/go2_ws/install/champ_config/share/champ_config/hook/cmake_prefix_path.sh'
[0.379s] Level 1:colcon.colcon_core.environment:checking '/home/cxz/go2_ws/install/champ_config/bin'
[0.379s] Level 1:colcon.colcon_core.environment:checking '/home/cxz/go2_ws/install/champ_config/lib/pkgconfig/champ_config.pc'
[0.379s] Level 1:colcon.colcon_core.environment:checking '/home/cxz/go2_ws/install/champ_config/lib/python3.10/site-packages'
[0.379s] Level 1:colcon.colcon_core.environment:checking '/home/cxz/go2_ws/install/champ_config/bin'
[0.380s] INFO:colcon.colcon_core.shell:Creating package script '/home/cxz/go2_ws/install/champ_config/share/champ_config/package.ps1'
[0.380s] INFO:colcon.colcon_core.shell:Creating package descriptor '/home/cxz/go2_ws/install/champ_config/share/champ_config/package.dsv'
[0.381s] INFO:colcon.colcon_core.shell:Creating package script '/home/cxz/go2_ws/install/champ_config/share/champ_config/package.sh'
[0.381s] INFO:colcon.colcon_core.shell:Creating package script '/home/cxz/go2_ws/install/champ_config/share/champ_config/package.bash'
[0.381s] INFO:colcon.colcon_core.shell:Creating package script '/home/cxz/go2_ws/install/champ_config/share/champ_config/package.zsh'
[0.381s] Level 1:colcon.colcon_core.environment:create_file_with_runtime_dependencies(/home/cxz/go2_ws/install/champ_config/share/colcon-core/packages/champ_config)
[0.382s] Level 1:colcon.colcon_core.environment:create_environment_scripts_only(go2_config)
[0.383s] Level 1:colcon.colcon_core.environment:checking '/home/cxz/go2_ws/install/go2_config' for CMake module files
[0.383s] DEBUG:colcon.colcon_core.event_handler.log_command:Invoked command in '/home/cxz/go2_ws/build/go2_config' returned '0': CMAKE_PREFIX_PATH=${CMAKE_PREFIX_PATH}:/opt/ros/humble /usr/bin/cmake --install /home/cxz/go2_ws/build/go2_config
[0.383s] Level 1:colcon.colcon_core.environment:checking '/home/cxz/go2_ws/install/go2_config' for CMake config files
[0.383s] Level 1:colcon.colcon_core.shell:create_environment_hook('go2_config', 'cmake_prefix_path')
[0.384s] INFO:colcon.colcon_core.shell:Creating environment hook '/home/cxz/go2_ws/install/go2_config/share/go2_config/hook/cmake_prefix_path.ps1'
[0.384s] INFO:colcon.colcon_core.shell:Creating environment descriptor '/home/cxz/go2_ws/install/go2_config/share/go2_config/hook/cmake_prefix_path.dsv'
[0.384s] INFO:colcon.colcon_core.shell:Creating environment hook '/home/cxz/go2_ws/install/go2_config/share/go2_config/hook/cmake_prefix_path.sh'
[0.385s] Level 1:colcon.colcon_core.environment:checking '/home/cxz/go2_ws/install/go2_config/bin'
[0.385s] Level 1:colcon.colcon_core.environment:checking '/home/cxz/go2_ws/install/go2_config/lib/pkgconfig/go2_config.pc'
[0.385s] Level 1:colcon.colcon_core.environment:checking '/home/cxz/go2_ws/install/go2_config/lib/python3.10/site-packages'
[0.385s] Level 1:colcon.colcon_core.environment:checking '/home/cxz/go2_ws/install/go2_config/bin'
[0.385s] INFO:colcon.colcon_core.shell:Creating package script '/home/cxz/go2_ws/install/go2_config/share/go2_config/package.ps1'
[0.386s] INFO:colcon.colcon_core.shell:Creating package descriptor '/home/cxz/go2_ws/install/go2_config/share/go2_config/package.dsv'
[0.386s] INFO:colcon.colcon_core.shell:Creating package script '/home/cxz/go2_ws/install/go2_config/share/go2_config/package.sh'
[0.386s] INFO:colcon.colcon_core.shell:Creating package script '/home/cxz/go2_ws/install/go2_config/share/go2_config/package.bash'
[0.387s] INFO:colcon.colcon_core.shell:Creating package script '/home/cxz/go2_ws/install/go2_config/share/go2_config/package.zsh'
[0.387s] Level 1:colcon.colcon_core.environment:create_file_with_runtime_dependencies(/home/cxz/go2_ws/install/go2_config/share/colcon-core/packages/go2_config)
[0.387s] Level 1:colcon.colcon_core.environment:create_environment_scripts_only(go2_config)
[0.387s] Level 1:colcon.colcon_core.environment:checking '/home/cxz/go2_ws/install/go2_config' for CMake module files
[0.388s] Level 1:colcon.colcon_core.environment:checking '/home/cxz/go2_ws/install/go2_config' for CMake config files
[0.388s] Level 1:colcon.colcon_core.shell:create_environment_hook('go2_config', 'cmake_prefix_path')
[0.388s] INFO:colcon.colcon_core.shell:Creating environment hook '/home/cxz/go2_ws/install/go2_config/share/go2_config/hook/cmake_prefix_path.ps1'
[0.388s] INFO:colcon.colcon_core.shell:Creating environment descriptor '/home/cxz/go2_ws/install/go2_config/share/go2_config/hook/cmake_prefix_path.dsv'
[0.389s] INFO:colcon.colcon_core.shell:Creating environment hook '/home/cxz/go2_ws/install/go2_config/share/go2_config/hook/cmake_prefix_path.sh'
[0.389s] Level 1:colcon.colcon_core.environment:checking '/home/cxz/go2_ws/install/go2_config/bin'
[0.389s] Level 1:colcon.colcon_core.environment:checking '/home/cxz/go2_ws/install/go2_config/lib/pkgconfig/go2_config.pc'
[0.389s] Level 1:colcon.colcon_core.environment:checking '/home/cxz/go2_ws/install/go2_config/lib/python3.10/site-packages'
[0.390s] Level 1:colcon.colcon_core.environment:checking '/home/cxz/go2_ws/install/go2_config/bin'
[0.390s] INFO:colcon.colcon_core.shell:Creating package script '/home/cxz/go2_ws/install/go2_config/share/go2_config/package.ps1'
[0.390s] INFO:colcon.colcon_core.shell:Creating package descriptor '/home/cxz/go2_ws/install/go2_config/share/go2_config/package.dsv'
[0.391s] INFO:colcon.colcon_core.shell:Creating package script '/home/cxz/go2_ws/install/go2_config/share/go2_config/package.sh'
[0.391s] INFO:colcon.colcon_core.shell:Creating package script '/home/cxz/go2_ws/install/go2_config/share/go2_config/package.bash'
[0.391s] INFO:colcon.colcon_core.shell:Creating package script '/home/cxz/go2_ws/install/go2_config/share/go2_config/package.zsh'
[0.391s] Level 1:colcon.colcon_core.environment:create_file_with_runtime_dependencies(/home/cxz/go2_ws/install/go2_config/share/colcon-core/packages/go2_config)
[0.392s] Level 1:colcon.colcon_core.environment:create_environment_scripts_only(champ_navigation)
[0.392s] Level 1:colcon.colcon_core.environment:checking '/home/cxz/go2_ws/install/champ_navigation' for CMake module files
[0.392s] DEBUG:colcon.colcon_core.event_handler.log_command:Invoked command in '/home/cxz/go2_ws/build/champ_navigation' returned '0': CMAKE_PREFIX_PATH=${CMAKE_PREFIX_PATH}:/opt/ros/humble /usr/bin/cmake --install /home/cxz/go2_ws/build/champ_navigation
[0.393s] Level 1:colcon.colcon_core.environment:checking '/home/cxz/go2_ws/install/champ_navigation' for CMake config files
[0.393s] Level 1:colcon.colcon_core.shell:create_environment_hook('champ_navigation', 'cmake_prefix_path')
[0.393s] INFO:colcon.colcon_core.shell:Creating environment hook '/home/cxz/go2_ws/install/champ_navigation/share/champ_navigation/hook/cmake_prefix_path.ps1'
[0.393s] INFO:colcon.colcon_core.shell:Creating environment descriptor '/home/cxz/go2_ws/install/champ_navigation/share/champ_navigation/hook/cmake_prefix_path.dsv'
[0.393s] INFO:colcon.colcon_core.shell:Creating environment hook '/home/cxz/go2_ws/install/champ_navigation/share/champ_navigation/hook/cmake_prefix_path.sh'
[0.394s] Level 1:colcon.colcon_core.environment:checking '/home/cxz/go2_ws/install/champ_navigation/bin'
[0.394s] Level 1:colcon.colcon_core.environment:checking '/home/cxz/go2_ws/install/champ_navigation/lib/pkgconfig/champ_navigation.pc'
[0.394s] Level 1:colcon.colcon_core.environment:checking '/home/cxz/go2_ws/install/champ_navigation/lib/python3.10/site-packages'
[0.394s] Level 1:colcon.colcon_core.environment:checking '/home/cxz/go2_ws/install/champ_navigation/bin'
[0.394s] INFO:colcon.colcon_core.shell:Creating package script '/home/cxz/go2_ws/install/champ_navigation/share/champ_navigation/package.ps1'
[0.395s] INFO:colcon.colcon_core.shell:Creating package descriptor '/home/cxz/go2_ws/install/champ_navigation/share/champ_navigation/package.dsv'
[0.395s] INFO:colcon.colcon_core.shell:Creating package script '/home/cxz/go2_ws/install/champ_navigation/share/champ_navigation/package.sh'
[0.395s] INFO:colcon.colcon_core.shell:Creating package script '/home/cxz/go2_ws/install/champ_navigation/share/champ_navigation/package.bash'
[0.396s] INFO:colcon.colcon_core.shell:Creating package script '/home/cxz/go2_ws/install/champ_navigation/share/champ_navigation/package.zsh'
[0.396s] Level 1:colcon.colcon_core.environment:create_file_with_runtime_dependencies(/home/cxz/go2_ws/install/champ_navigation/share/colcon-core/packages/champ_navigation)
[0.396s] Level 1:colcon.colcon_core.environment:create_environment_scripts_only(champ_navigation)
[0.396s] Level 1:colcon.colcon_core.environment:checking '/home/cxz/go2_ws/install/champ_navigation' for CMake module files
[0.397s] Level 1:colcon.colcon_core.environment:checking '/home/cxz/go2_ws/install/champ_navigation' for CMake config files
[0.397s] Level 1:colcon.colcon_core.shell:create_environment_hook('champ_navigation', 'cmake_prefix_path')
[0.397s] INFO:colcon.colcon_core.shell:Creating environment hook '/home/cxz/go2_ws/install/champ_navigation/share/champ_navigation/hook/cmake_prefix_path.ps1'
[0.398s] INFO:colcon.colcon_core.shell:Creating environment descriptor '/home/cxz/go2_ws/install/champ_navigation/share/champ_navigation/hook/cmake_prefix_path.dsv'
[0.398s] INFO:colcon.colcon_core.shell:Creating environment hook '/home/cxz/go2_ws/install/champ_navigation/share/champ_navigation/hook/cmake_prefix_path.sh'
[0.398s] Level 1:colcon.colcon_core.environment:checking '/home/cxz/go2_ws/install/champ_navigation/bin'
[0.398s] Level 1:colcon.colcon_core.environment:checking '/home/cxz/go2_ws/install/champ_navigation/lib/pkgconfig/champ_navigation.pc'
[0.398s] Level 1:colcon.colcon_core.environment:checking '/home/cxz/go2_ws/install/champ_navigation/lib/python3.10/site-packages'
[0.399s] Level 1:colcon.colcon_core.environment:checking '/home/cxz/go2_ws/install/champ_navigation/bin'
[0.399s] INFO:colcon.colcon_core.shell:Creating package script '/home/cxz/go2_ws/install/champ_navigation/share/champ_navigation/package.ps1'
[0.399s] INFO:colcon.colcon_core.shell:Creating package descriptor '/home/cxz/go2_ws/install/champ_navigation/share/champ_navigation/package.dsv'
[0.400s] INFO:colcon.colcon_core.shell:Creating package script '/home/cxz/go2_ws/install/champ_navigation/share/champ_navigation/package.sh'
[0.400s] INFO:colcon.colcon_core.shell:Creating package script '/home/cxz/go2_ws/install/champ_navigation/share/champ_navigation/package.bash'
[0.400s] INFO:colcon.colcon_core.shell:Creating package script '/home/cxz/go2_ws/install/champ_navigation/share/champ_navigation/package.zsh'
[0.400s] Level 1:colcon.colcon_core.environment:create_file_with_runtime_dependencies(/home/cxz/go2_ws/install/champ_navigation/share/colcon-core/packages/champ_navigation)
[0.401s] Level 1:colcon.colcon_core.environment:create_environment_scripts_only(go2_description)
[0.401s] Level 1:colcon.colcon_core.environment:checking '/home/cxz/go2_ws/install/go2_description' for CMake module files
[0.402s] DEBUG:colcon.colcon_core.event_handler.log_command:Invoked command in '/home/cxz/go2_ws/build/go2_description' returned '0': CMAKE_PREFIX_PATH=${CMAKE_PREFIX_PATH}:/opt/ros/humble /usr/bin/cmake --install /home/cxz/go2_ws/build/go2_description
[0.402s] Level 1:colcon.colcon_core.environment:checking '/home/cxz/go2_ws/install/go2_description' for CMake config files
[0.402s] Level 1:colcon.colcon_core.shell:create_environment_hook('go2_description', 'cmake_prefix_path')
[0.402s] INFO:colcon.colcon_core.shell:Creating environment hook '/home/cxz/go2_ws/install/go2_description/share/go2_description/hook/cmake_prefix_path.ps1'
[0.403s] INFO:colcon.colcon_core.shell:Creating environment descriptor '/home/cxz/go2_ws/install/go2_description/share/go2_description/hook/cmake_prefix_path.dsv'
[0.403s] INFO:colcon.colcon_core.shell:Creating environment hook '/home/cxz/go2_ws/install/go2_description/share/go2_description/hook/cmake_prefix_path.sh'
[0.403s] Level 1:colcon.colcon_core.environment:checking '/home/cxz/go2_ws/install/go2_description/bin'
[0.403s] Level 1:colcon.colcon_core.environment:checking '/home/cxz/go2_ws/install/go2_description/lib/pkgconfig/go2_description.pc'
[0.404s] Level 1:colcon.colcon_core.environment:checking '/home/cxz/go2_ws/install/go2_description/lib/python3.10/site-packages'
[0.404s] Level 1:colcon.colcon_core.environment:checking '/home/cxz/go2_ws/install/go2_description/bin'
[0.404s] INFO:colcon.colcon_core.shell:Creating package script '/home/cxz/go2_ws/install/go2_description/share/go2_description/package.ps1'
[0.404s] INFO:colcon.colcon_core.shell:Creating package descriptor '/home/cxz/go2_ws/install/go2_description/share/go2_description/package.dsv'
[0.405s] INFO:colcon.colcon_core.shell:Creating package script '/home/cxz/go2_ws/install/go2_description/share/go2_description/package.sh'
[0.405s] INFO:colcon.colcon_core.shell:Creating package script '/home/cxz/go2_ws/install/go2_description/share/go2_description/package.bash'
[0.405s] INFO:colcon.colcon_core.shell:Creating package script '/home/cxz/go2_ws/install/go2_description/share/go2_description/package.zsh'
[0.406s] Level 1:colcon.colcon_core.environment:create_file_with_runtime_dependencies(/home/cxz/go2_ws/install/go2_description/share/colcon-core/packages/go2_description)
[0.406s] Level 1:colcon.colcon_core.environment:create_environment_scripts_only(go2_description)
[0.406s] Level 1:colcon.colcon_core.environment:checking '/home/cxz/go2_ws/install/go2_description' for CMake module files
[0.407s] Level 1:colcon.colcon_core.environment:checking '/home/cxz/go2_ws/install/go2_description' for CMake config files
[0.407s] Level 1:colcon.colcon_core.shell:create_environment_hook('go2_description', 'cmake_prefix_path')
[0.407s] INFO:colcon.colcon_core.shell:Creating environment hook '/home/cxz/go2_ws/install/go2_description/share/go2_description/hook/cmake_prefix_path.ps1'
[0.408s] INFO:colcon.colcon_core.shell:Creating environment descriptor '/home/cxz/go2_ws/install/go2_description/share/go2_description/hook/cmake_prefix_path.dsv'
[0.408s] INFO:colcon.colcon_core.shell:Creating environment hook '/home/cxz/go2_ws/install/go2_description/share/go2_description/hook/cmake_prefix_path.sh'
[0.408s] Level 1:colcon.colcon_core.environment:checking '/home/cxz/go2_ws/install/go2_description/bin'
[0.408s] Level 1:colcon.colcon_core.environment:checking '/home/cxz/go2_ws/install/go2_description/lib/pkgconfig/go2_description.pc'
[0.408s] Level 1:colcon.colcon_core.environment:checking '/home/cxz/go2_ws/install/go2_description/lib/python3.10/site-packages'
[0.409s] Level 1:colcon.colcon_core.environment:checking '/home/cxz/go2_ws/install/go2_description/bin'
[0.409s] INFO:colcon.colcon_core.shell:Creating package script '/home/cxz/go2_ws/install/go2_description/share/go2_description/package.ps1'
[0.409s] INFO:colcon.colcon_core.shell:Creating package descriptor '/home/cxz/go2_ws/install/go2_description/share/go2_description/package.dsv'
[0.410s] INFO:colcon.colcon_core.shell:Creating package script '/home/cxz/go2_ws/install/go2_description/share/go2_description/package.sh'
[0.410s] INFO:colcon.colcon_core.shell:Creating package script '/home/cxz/go2_ws/install/go2_description/share/go2_description/package.bash'
[0.410s] INFO:colcon.colcon_core.shell:Creating package script '/home/cxz/go2_ws/install/go2_description/share/go2_description/package.zsh'
[0.411s] Level 1:colcon.colcon_core.environment:create_file_with_runtime_dependencies(/home/cxz/go2_ws/install/go2_description/share/colcon-core/packages/go2_description)
[0.411s] Level 1:colcon.colcon_core.environment:create_environment_scripts_only(champ_teleop)
[0.411s] Level 1:colcon.colcon_core.environment:checking '/home/cxz/go2_ws/install/champ_teleop' for CMake module files
[0.412s] DEBUG:colcon.colcon_core.event_handler.log_command:Invoked command in '/home/cxz/go2_ws/build/champ_teleop' returned '0': CMAKE_PREFIX_PATH=${CMAKE_PREFIX_PATH}:/opt/ros/humble /usr/bin/cmake --install /home/cxz/go2_ws/build/champ_teleop
[0.412s] Level 1:colcon.colcon_core.environment:checking '/home/cxz/go2_ws/install/champ_teleop' for CMake config files
[0.412s] Level 1:colcon.colcon_core.shell:create_environment_hook('champ_teleop', 'cmake_prefix_path')
[0.412s] INFO:colcon.colcon_core.shell:Creating environment hook '/home/cxz/go2_ws/install/champ_teleop/share/champ_teleop/hook/cmake_prefix_path.ps1'
[0.413s] INFO:colcon.colcon_core.shell:Creating environment descriptor '/home/cxz/go2_ws/install/champ_teleop/share/champ_teleop/hook/cmake_prefix_path.dsv'
[0.413s] INFO:colcon.colcon_core.shell:Creating environment hook '/home/cxz/go2_ws/install/champ_teleop/share/champ_teleop/hook/cmake_prefix_path.sh'
[0.413s] Level 1:colcon.colcon_core.environment:checking '/home/cxz/go2_ws/install/champ_teleop/lib'
[0.413s] Level 1:colcon.colcon_core.environment:checking '/home/cxz/go2_ws/install/champ_teleop/bin'
[0.413s] Level 1:colcon.colcon_core.environment:checking '/home/cxz/go2_ws/install/champ_teleop/lib/pkgconfig/champ_teleop.pc'
[0.414s] Level 1:colcon.colcon_core.environment:checking '/home/cxz/go2_ws/install/champ_teleop/lib/python3.10/site-packages'
[0.414s] Level 1:colcon.colcon_core.environment:checking '/home/cxz/go2_ws/install/champ_teleop/bin'
[0.414s] INFO:colcon.colcon_core.shell:Creating package script '/home/cxz/go2_ws/install/champ_teleop/share/champ_teleop/package.ps1'
[0.415s] INFO:colcon.colcon_core.shell:Creating package descriptor '/home/cxz/go2_ws/install/champ_teleop/share/champ_teleop/package.dsv'
[0.415s] INFO:colcon.colcon_core.shell:Creating package script '/home/cxz/go2_ws/install/champ_teleop/share/champ_teleop/package.sh'
[0.415s] INFO:colcon.colcon_core.shell:Creating package script '/home/cxz/go2_ws/install/champ_teleop/share/champ_teleop/package.bash'
[0.416s] INFO:colcon.colcon_core.shell:Creating package script '/home/cxz/go2_ws/install/champ_teleop/share/champ_teleop/package.zsh'
[0.416s] Level 1:colcon.colcon_core.environment:create_file_with_runtime_dependencies(/home/cxz/go2_ws/install/champ_teleop/share/colcon-core/packages/champ_teleop)
[0.416s] Level 1:colcon.colcon_core.environment:create_environment_scripts_only(champ_teleop)
[0.416s] Level 1:colcon.colcon_core.environment:checking '/home/cxz/go2_ws/install/champ_teleop' for CMake module files
[0.417s] Level 1:colcon.colcon_core.environment:checking '/home/cxz/go2_ws/install/champ_teleop' for CMake config files
[0.417s] Level 1:colcon.colcon_core.shell:create_environment_hook('champ_teleop', 'cmake_prefix_path')
[0.417s] INFO:colcon.colcon_core.shell:Creating environment hook '/home/cxz/go2_ws/install/champ_teleop/share/champ_teleop/hook/cmake_prefix_path.ps1'
[0.418s] INFO:colcon.colcon_core.shell:Creating environment descriptor '/home/cxz/go2_ws/install/champ_teleop/share/champ_teleop/hook/cmake_prefix_path.dsv'
[0.418s] INFO:colcon.colcon_core.shell:Creating environment hook '/home/cxz/go2_ws/install/champ_teleop/share/champ_teleop/hook/cmake_prefix_path.sh'
[0.418s] Level 1:colcon.colcon_core.environment:checking '/home/cxz/go2_ws/install/champ_teleop/lib'
[0.418s] Level 1:colcon.colcon_core.environment:checking '/home/cxz/go2_ws/install/champ_teleop/bin'
[0.418s] Level 1:colcon.colcon_core.environment:checking '/home/cxz/go2_ws/install/champ_teleop/lib/pkgconfig/champ_teleop.pc'
[0.418s] Level 1:colcon.colcon_core.environment:checking '/home/cxz/go2_ws/install/champ_teleop/lib/python3.10/site-packages'
[0.419s] Level 1:colcon.colcon_core.environment:checking '/home/cxz/go2_ws/install/champ_teleop/bin'
[0.419s] INFO:colcon.colcon_core.shell:Creating package script '/home/cxz/go2_ws/install/champ_teleop/share/champ_teleop/package.ps1'
[0.419s] INFO:colcon.colcon_core.shell:Creating package descriptor '/home/cxz/go2_ws/install/champ_teleop/share/champ_teleop/package.dsv'
[0.419s] INFO:colcon.colcon_core.shell:Creating package script '/home/cxz/go2_ws/install/champ_teleop/share/champ_teleop/package.sh'
[0.420s] INFO:colcon.colcon_core.shell:Creating package script '/home/cxz/go2_ws/install/champ_teleop/share/champ_teleop/package.bash'
[0.420s] INFO:colcon.colcon_core.shell:Creating package script '/home/cxz/go2_ws/install/champ_teleop/share/champ_teleop/package.zsh'
[0.420s] Level 1:colcon.colcon_core.environment:create_file_with_runtime_dependencies(/home/cxz/go2_ws/install/champ_teleop/share/colcon-core/packages/champ_teleop)
[0.425s] DEBUG:colcon.colcon_core.event_handler.log_command:Invoked command in '/home/cxz/go2_ws/build/m20_config' returned '0': CMAKE_PREFIX_PATH=${CMAKE_PREFIX_PATH}:/opt/ros/humble /usr/bin/cmake /home/cxz/go2_ws/src/unitree-go2-ros2/robots/configs/m20_config -DCMAKE_INSTALL_PREFIX=/home/cxz/go2_ws/install/m20_config
[0.426s] DEBUG:colcon.colcon_core.event_handler.log_command:Invoking command in '/home/cxz/go2_ws/build/m20_config': CMAKE_PREFIX_PATH=${CMAKE_PREFIX_PATH}:/opt/ros/humble /usr/bin/cmake --build /home/cxz/go2_ws/build/m20_config -- -j32 -l32
[0.436s] DEBUG:colcon.colcon_core.event_handler.log_command:Invoked command in '/home/cxz/go2_ws/build/m20_description' returned '0': CMAKE_PREFIX_PATH=${CMAKE_PREFIX_PATH}:/opt/ros/humble /usr/bin/cmake /home/cxz/go2_ws/src/unitree-go2-ros2/robots/descriptions/m20_description -DCMAKE_INSTALL_PREFIX=/home/cxz/go2_ws/install/m20_description
[0.437s] DEBUG:colcon.colcon_core.event_handler.log_command:Invoking command in '/home/cxz/go2_ws/build/m20_description': CMAKE_PREFIX_PATH=${CMAKE_PREFIX_PATH}:/opt/ros/humble /usr/bin/cmake --build /home/cxz/go2_ws/build/m20_description -- -j32 -l32
[0.453s] DEBUG:colcon.colcon_core.event_handler.log_command:Invoked command in '/home/cxz/go2_ws/build/m20_config' returned '0': CMAKE_PREFIX_PATH=${CMAKE_PREFIX_PATH}:/opt/ros/humble /usr/bin/cmake --build /home/cxz/go2_ws/build/m20_config -- -j32 -l32
[0.454s] DEBUG:colcon.colcon_core.event_handler.log_command:Invoking command in '/home/cxz/go2_ws/build/m20_config': CMAKE_PREFIX_PATH=${CMAKE_PREFIX_PATH}:/opt/ros/humble /usr/bin/cmake --install /home/cxz/go2_ws/build/m20_config
[0.463s] DEBUG:colcon.colcon_core.event_handler.log_command:Invoked command in '/home/cxz/go2_ws/build/m20_description' returned '0': CMAKE_PREFIX_PATH=${CMAKE_PREFIX_PATH}:/opt/ros/humble /usr/bin/cmake --build /home/cxz/go2_ws/build/m20_description -- -j32 -l32
[0.464s] DEBUG:colcon.colcon_core.event_handler.log_command:Invoking command in '/home/cxz/go2_ws/build/m20_description': CMAKE_PREFIX_PATH=${CMAKE_PREFIX_PATH}:/opt/ros/humble /usr/bin/cmake --install /home/cxz/go2_ws/build/m20_description
[0.467s] Level 1:colcon.colcon_core.environment:create_environment_scripts_only(m20_config)
[0.468s] Level 1:colcon.colcon_core.environment:checking '/home/cxz/go2_ws/install/m20_config' for CMake module files
[0.468s] DEBUG:colcon.colcon_core.event_handler.log_command:Invoked command in '/home/cxz/go2_ws/build/m20_config' returned '0': CMAKE_PREFIX_PATH=${CMAKE_PREFIX_PATH}:/opt/ros/humble /usr/bin/cmake --install /home/cxz/go2_ws/build/m20_config
[0.468s] Level 1:colcon.colcon_core.environment:checking '/home/cxz/go2_ws/install/m20_config' for CMake config files
[0.468s] Level 1:colcon.colcon_core.shell:create_environment_hook('m20_config', 'cmake_prefix_path')
[0.468s] INFO:colcon.colcon_core.shell:Creating environment hook '/home/cxz/go2_ws/install/m20_config/share/m20_config/hook/cmake_prefix_path.ps1'
[0.469s] INFO:colcon.colcon_core.shell:Creating environment descriptor '/home/cxz/go2_ws/install/m20_config/share/m20_config/hook/cmake_prefix_path.dsv'
[0.469s] INFO:colcon.colcon_core.shell:Creating environment hook '/home/cxz/go2_ws/install/m20_config/share/m20_config/hook/cmake_prefix_path.sh'
[0.470s] Level 1:colcon.colcon_core.environment:checking '/home/cxz/go2_ws/install/m20_config/bin'
[0.470s] Level 1:colcon.colcon_core.environment:checking '/home/cxz/go2_ws/install/m20_config/lib/pkgconfig/m20_config.pc'
[0.470s] Level 1:colcon.colcon_core.environment:checking '/home/cxz/go2_ws/install/m20_config/lib/python3.10/site-packages'
[0.470s] Level 1:colcon.colcon_core.environment:checking '/home/cxz/go2_ws/install/m20_config/bin'
[0.470s] INFO:colcon.colcon_core.shell:Creating package script '/home/cxz/go2_ws/install/m20_config/share/m20_config/package.ps1'
[0.471s] INFO:colcon.colcon_core.shell:Creating package descriptor '/home/cxz/go2_ws/install/m20_config/share/m20_config/package.dsv'
[0.471s] INFO:colcon.colcon_core.shell:Creating package script '/home/cxz/go2_ws/install/m20_config/share/m20_config/package.sh'
[0.471s] INFO:colcon.colcon_core.shell:Creating package script '/home/cxz/go2_ws/install/m20_config/share/m20_config/package.bash'
[0.472s] INFO:colcon.colcon_core.shell:Creating package script '/home/cxz/go2_ws/install/m20_config/share/m20_config/package.zsh'
[0.472s] Level 1:colcon.colcon_core.environment:create_file_with_runtime_dependencies(/home/cxz/go2_ws/install/m20_config/share/colcon-core/packages/m20_config)
[0.473s] Level 1:colcon.colcon_core.environment:create_environment_scripts_only(m20_config)
[0.473s] Level 1:colcon.colcon_core.environment:checking '/home/cxz/go2_ws/install/m20_config' for CMake module files
[0.473s] Level 1:colcon.colcon_core.environment:checking '/home/cxz/go2_ws/install/m20_config' for CMake config files
[0.475s] Level 1:colcon.colcon_core.shell:create_environment_hook('m20_config', 'cmake_prefix_path')
[0.475s] INFO:colcon.colcon_core.shell:Creating environment hook '/home/cxz/go2_ws/install/m20_config/share/m20_config/hook/cmake_prefix_path.ps1'
[0.475s] INFO:colcon.colcon_core.shell:Creating environment descriptor '/home/cxz/go2_ws/install/m20_config/share/m20_config/hook/cmake_prefix_path.dsv'
[0.475s] INFO:colcon.colcon_core.shell:Creating environment hook '/home/cxz/go2_ws/install/m20_config/share/m20_config/hook/cmake_prefix_path.sh'
[0.476s] Level 1:colcon.colcon_core.environment:checking '/home/cxz/go2_ws/install/m20_config/bin'
[0.476s] Level 1:colcon.colcon_core.environment:checking '/home/cxz/go2_ws/install/m20_config/lib/pkgconfig/m20_config.pc'
[0.476s] Level 1:colcon.colcon_core.environment:checking '/home/cxz/go2_ws/install/m20_config/lib/python3.10/site-packages'
[0.476s] Level 1:colcon.colcon_core.environment:checking '/home/cxz/go2_ws/install/m20_config/bin'
[0.477s] INFO:colcon.colcon_core.shell:Creating package script '/home/cxz/go2_ws/install/m20_config/share/m20_config/package.ps1'
[0.477s] INFO:colcon.colcon_core.shell:Creating package descriptor '/home/cxz/go2_ws/install/m20_config/share/m20_config/package.dsv'
[0.477s] INFO:colcon.colcon_core.shell:Creating package script '/home/cxz/go2_ws/install/m20_config/share/m20_config/package.sh'
[0.477s] INFO:colcon.colcon_core.shell:Creating package script '/home/cxz/go2_ws/install/m20_config/share/m20_config/package.bash'
[0.478s] INFO:colcon.colcon_core.shell:Creating package script '/home/cxz/go2_ws/install/m20_config/share/m20_config/package.zsh'
[0.478s] Level 1:colcon.colcon_core.environment:create_file_with_runtime_dependencies(/home/cxz/go2_ws/install/m20_config/share/colcon-core/packages/m20_config)
[0.480s] Level 1:colcon.colcon_core.environment:create_environment_scripts_only(m20_description)
[0.481s] Level 1:colcon.colcon_core.environment:checking '/home/cxz/go2_ws/install/m20_description' for CMake module files
[0.481s] DEBUG:colcon.colcon_core.event_handler.log_command:Invoked command in '/home/cxz/go2_ws/build/m20_description' returned '0': CMAKE_PREFIX_PATH=${CMAKE_PREFIX_PATH}:/opt/ros/humble /usr/bin/cmake --install /home/cxz/go2_ws/build/m20_description
[0.481s] Level 1:colcon.colcon_core.environment:checking '/home/cxz/go2_ws/install/m20_description' for CMake config files
[0.482s] Level 1:colcon.colcon_core.shell:create_environment_hook('m20_description', 'cmake_prefix_path')
[0.482s] INFO:colcon.colcon_core.shell:Creating environment hook '/home/cxz/go2_ws/install/m20_description/share/m20_description/hook/cmake_prefix_path.ps1'
[0.482s] INFO:colcon.colcon_core.shell:Creating environment descriptor '/home/cxz/go2_ws/install/m20_description/share/m20_description/hook/cmake_prefix_path.dsv'
[0.482s] INFO:colcon.colcon_core.shell:Creating environment hook '/home/cxz/go2_ws/install/m20_description/share/m20_description/hook/cmake_prefix_path.sh'
[0.482s] Level 1:colcon.colcon_core.environment:checking '/home/cxz/go2_ws/install/m20_description/bin'
[0.483s] Level 1:colcon.colcon_core.environment:checking '/home/cxz/go2_ws/install/m20_description/lib/pkgconfig/m20_description.pc'
[0.483s] Level 1:colcon.colcon_core.environment:checking '/home/cxz/go2_ws/install/m20_description/lib/python3.10/site-packages'
[0.483s] Level 1:colcon.colcon_core.environment:checking '/home/cxz/go2_ws/install/m20_description/bin'
[0.483s] INFO:colcon.colcon_core.shell:Creating package script '/home/cxz/go2_ws/install/m20_description/share/m20_description/package.ps1'
[0.483s] INFO:colcon.colcon_core.shell:Creating package descriptor '/home/cxz/go2_ws/install/m20_description/share/m20_description/package.dsv'
[0.484s] INFO:colcon.colcon_core.shell:Creating package script '/home/cxz/go2_ws/install/m20_description/share/m20_description/package.sh'
[0.484s] INFO:colcon.colcon_core.shell:Creating package script '/home/cxz/go2_ws/install/m20_description/share/m20_description/package.bash'
[0.484s] INFO:colcon.colcon_core.shell:Creating package script '/home/cxz/go2_ws/install/m20_description/share/m20_description/package.zsh'
[0.484s] Level 1:colcon.colcon_core.environment:create_file_with_runtime_dependencies(/home/cxz/go2_ws/install/m20_description/share/colcon-core/packages/m20_description)
[0.484s] Level 1:colcon.colcon_core.environment:create_environment_scripts_only(m20_description)
[0.485s] Level 1:colcon.colcon_core.environment:checking '/home/cxz/go2_ws/install/m20_description' for CMake module files
[0.485s] Level 1:colcon.colcon_core.environment:checking '/home/cxz/go2_ws/install/m20_description' for CMake config files
[0.485s] Level 1:colcon.colcon_core.shell:create_environment_hook('m20_description', 'cmake_prefix_path')
[0.485s] INFO:colcon.colcon_core.shell:Creating environment hook '/home/cxz/go2_ws/install/m20_description/share/m20_description/hook/cmake_prefix_path.ps1'
[0.485s] INFO:colcon.colcon_core.shell:Creating environment descriptor '/home/cxz/go2_ws/install/m20_description/share/m20_description/hook/cmake_prefix_path.dsv'
[0.486s] INFO:colcon.colcon_core.shell:Creating environment hook '/home/cxz/go2_ws/install/m20_description/share/m20_description/hook/cmake_prefix_path.sh'
[0.486s] Level 1:colcon.colcon_core.environment:checking '/home/cxz/go2_ws/install/m20_description/bin'
[0.486s] Level 1:colcon.colcon_core.environment:checking '/home/cxz/go2_ws/install/m20_description/lib/pkgconfig/m20_description.pc'
[0.486s] Level 1:colcon.colcon_core.environment:checking '/home/cxz/go2_ws/install/m20_description/lib/python3.10/site-packages'
[0.486s] Level 1:colcon.colcon_core.environment:checking '/home/cxz/go2_ws/install/m20_description/bin'
[0.486s] INFO:colcon.colcon_core.shell:Creating package script '/home/cxz/go2_ws/install/m20_description/share/m20_description/package.ps1'
[0.487s] INFO:colcon.colcon_core.shell:Creating package descriptor '/home/cxz/go2_ws/install/m20_description/share/m20_description/package.dsv'
[0.487s] INFO:colcon.colcon_core.shell:Creating package script '/home/cxz/go2_ws/install/m20_description/share/m20_description/package.sh'
[0.487s] INFO:colcon.colcon_core.shell:Creating package script '/home/cxz/go2_ws/install/m20_description/share/m20_description/package.bash'
[0.487s] INFO:colcon.colcon_core.shell:Creating package script '/home/cxz/go2_ws/install/m20_description/share/m20_description/package.zsh'
[0.488s] Level 1:colcon.colcon_core.environment:create_file_with_runtime_dependencies(/home/cxz/go2_ws/install/m20_description/share/colcon-core/packages/m20_description)
[0.500s] DEBUG:colcon.colcon_core.event_handler.log_command:Invoked command in '/home/cxz/go2_ws/build/champ_msgs' returned '0': CMAKE_PREFIX_PATH=${CMAKE_PREFIX_PATH}:/opt/ros/humble /usr/bin/cmake --build /home/cxz/go2_ws/build/champ_msgs -- -j32 -l32
[0.501s] DEBUG:colcon.colcon_core.event_handler.log_command:Invoking command in '/home/cxz/go2_ws/build/champ_msgs': CMAKE_PREFIX_PATH=${CMAKE_PREFIX_PATH}:/opt/ros/humble /usr/bin/cmake --install /home/cxz/go2_ws/build/champ_msgs
[0.519s] DEBUG:colcon.colcon_core.event_handler.log_command:Invoked command in '/home/cxz/go2_ws/build/teleop_twist_keyboard' returned '0': CMAKE_PREFIX_PATH=${CMAKE_PREFIX_PATH}:/opt/ros/humble /usr/bin/cmake --build /home/cxz/go2_ws/build/teleop_twist_keyboard -- -j32 -l32
[0.520s] DEBUG:colcon.colcon_core.event_handler.log_command:Invoking command in '/home/cxz/go2_ws/build/teleop_twist_keyboard': CMAKE_PREFIX_PATH=${CMAKE_PREFIX_PATH}:/opt/ros/humble /usr/bin/cmake --install /home/cxz/go2_ws/build/teleop_twist_keyboard
[0.539s] Level 1:colcon.colcon_core.environment:create_environment_scripts_only(champ_msgs)
[0.540s] Level 1:colcon.colcon_core.environment:checking '/home/cxz/go2_ws/install/champ_msgs' for CMake module files
[0.540s] DEBUG:colcon.colcon_core.event_handler.log_command:Invoked command in '/home/cxz/go2_ws/build/champ_msgs' returned '0': CMAKE_PREFIX_PATH=${CMAKE_PREFIX_PATH}:/opt/ros/humble /usr/bin/cmake --install /home/cxz/go2_ws/build/champ_msgs
[0.540s] Level 1:colcon.colcon_core.environment:checking '/home/cxz/go2_ws/install/champ_msgs' for CMake config files
[0.541s] Level 1:colcon.colcon_core.shell:create_environment_hook('champ_msgs', 'cmake_prefix_path')
[0.541s] INFO:colcon.colcon_core.shell:Creating environment hook '/home/cxz/go2_ws/install/champ_msgs/share/champ_msgs/hook/cmake_prefix_path.ps1'
[0.541s] INFO:colcon.colcon_core.shell:Creating environment descriptor '/home/cxz/go2_ws/install/champ_msgs/share/champ_msgs/hook/cmake_prefix_path.dsv'
[0.542s] INFO:colcon.colcon_core.shell:Creating environment hook '/home/cxz/go2_ws/install/champ_msgs/share/champ_msgs/hook/cmake_prefix_path.sh'
[0.542s] Level 1:colcon.colcon_core.environment:checking '/home/cxz/go2_ws/install/champ_msgs/lib'
[0.542s] Level 1:colcon.colcon_core.shell:create_environment_hook('champ_msgs', 'ld_library_path_lib')
[0.542s] INFO:colcon.colcon_core.shell:Creating environment hook '/home/cxz/go2_ws/install/champ_msgs/share/champ_msgs/hook/ld_library_path_lib.ps1'
[0.542s] INFO:colcon.colcon_core.shell:Creating environment descriptor '/home/cxz/go2_ws/install/champ_msgs/share/champ_msgs/hook/ld_library_path_lib.dsv'
[0.543s] INFO:colcon.colcon_core.shell:Creating environment hook '/home/cxz/go2_ws/install/champ_msgs/share/champ_msgs/hook/ld_library_path_lib.sh'
[0.543s] Level 1:colcon.colcon_core.environment:checking '/home/cxz/go2_ws/install/champ_msgs/bin'
[0.543s] Level 1:colcon.colcon_core.environment:checking '/home/cxz/go2_ws/install/champ_msgs/lib/pkgconfig/champ_msgs.pc'
[0.543s] Level 1:colcon.colcon_core.environment:checking '/home/cxz/go2_ws/install/champ_msgs/lib/python3.10/site-packages'
[0.543s] Level 1:colcon.colcon_core.environment:checking '/home/cxz/go2_ws/install/champ_msgs/bin'
[0.543s] INFO:colcon.colcon_core.shell:Creating package script '/home/cxz/go2_ws/install/champ_msgs/share/champ_msgs/package.ps1'
[0.544s] INFO:colcon.colcon_core.shell:Creating package descriptor '/home/cxz/go2_ws/install/champ_msgs/share/champ_msgs/package.dsv'
[0.544s] INFO:colcon.colcon_core.shell:Creating package script '/home/cxz/go2_ws/install/champ_msgs/share/champ_msgs/package.sh'
[0.544s] INFO:colcon.colcon_core.shell:Creating package script '/home/cxz/go2_ws/install/champ_msgs/share/champ_msgs/package.bash'
[0.544s] INFO:colcon.colcon_core.shell:Creating package script '/home/cxz/go2_ws/install/champ_msgs/share/champ_msgs/package.zsh'
[0.545s] Level 1:colcon.colcon_core.environment:create_file_with_runtime_dependencies(/home/cxz/go2_ws/install/champ_msgs/share/colcon-core/packages/champ_msgs)
[0.545s] Level 1:colcon.colcon_core.environment:create_environment_scripts_only(champ_msgs)
[0.545s] Level 1:colcon.colcon_core.environment:checking '/home/cxz/go2_ws/install/champ_msgs' for CMake module files
[0.545s] Level 1:colcon.colcon_core.environment:checking '/home/cxz/go2_ws/install/champ_msgs' for CMake config files
[0.546s] Level 1:colcon.colcon_core.shell:create_environment_hook('champ_msgs', 'cmake_prefix_path')
[0.546s] INFO:colcon.colcon_core.shell:Creating environment hook '/home/cxz/go2_ws/install/champ_msgs/share/champ_msgs/hook/cmake_prefix_path.ps1'
[0.546s] INFO:colcon.colcon_core.shell:Creating environment descriptor '/home/cxz/go2_ws/install/champ_msgs/share/champ_msgs/hook/cmake_prefix_path.dsv'
[0.547s] INFO:colcon.colcon_core.shell:Creating environment hook '/home/cxz/go2_ws/install/champ_msgs/share/champ_msgs/hook/cmake_prefix_path.sh'
[0.547s] Level 1:colcon.colcon_core.environment:checking '/home/cxz/go2_ws/install/champ_msgs/lib'
[0.547s] Level 1:colcon.colcon_core.shell:create_environment_hook('champ_msgs', 'ld_library_path_lib')
[0.547s] INFO:colcon.colcon_core.shell:Creating environment hook '/home/cxz/go2_ws/install/champ_msgs/share/champ_msgs/hook/ld_library_path_lib.ps1'
[0.547s] INFO:colcon.colcon_core.shell:Creating environment descriptor '/home/cxz/go2_ws/install/champ_msgs/share/champ_msgs/hook/ld_library_path_lib.dsv'
[0.547s] INFO:colcon.colcon_core.shell:Creating environment hook '/home/cxz/go2_ws/install/champ_msgs/share/champ_msgs/hook/ld_library_path_lib.sh'
[0.548s] Level 1:colcon.colcon_core.environment:checking '/home/cxz/go2_ws/install/champ_msgs/bin'
[0.548s] Level 1:colcon.colcon_core.environment:checking '/home/cxz/go2_ws/install/champ_msgs/lib/pkgconfig/champ_msgs.pc'
[0.548s] Level 1:colcon.colcon_core.environment:checking '/home/cxz/go2_ws/install/champ_msgs/lib/python3.10/site-packages'
[0.548s] Level 1:colcon.colcon_core.environment:checking '/home/cxz/go2_ws/install/champ_msgs/bin'
[0.548s] INFO:colcon.colcon_core.shell:Creating package script '/home/cxz/go2_ws/install/champ_msgs/share/champ_msgs/package.ps1'
[0.549s] INFO:colcon.colcon_core.shell:Creating package descriptor '/home/cxz/go2_ws/install/champ_msgs/share/champ_msgs/package.dsv'
[0.550s] INFO:colcon.colcon_core.shell:Creating package script '/home/cxz/go2_ws/install/champ_msgs/share/champ_msgs/package.sh'
[0.550s] INFO:colcon.colcon_core.shell:Creating package script '/home/cxz/go2_ws/install/champ_msgs/share/champ_msgs/package.bash'
[0.550s] INFO:colcon.colcon_core.shell:Creating package script '/home/cxz/go2_ws/install/champ_msgs/share/champ_msgs/package.zsh'
[0.550s] Level 1:colcon.colcon_core.environment:create_file_with_runtime_dependencies(/home/cxz/go2_ws/install/champ_msgs/share/colcon-core/packages/champ_msgs)
[0.551s] INFO:colcon.colcon_ros.task.ament_cmake.build:Building ROS package in '/home/cxz/go2_ws/src/unitree-go2-ros2/champ/champ_base' with build type 'ament_cmake'
[0.551s] INFO:colcon.colcon_cmake.task.cmake.build:Building CMake package in '/home/cxz/go2_ws/src/unitree-go2-ros2/champ/champ_base'
[0.551s] INFO:colcon.colcon_core.shell:Skip shell extension 'powershell' for command environment: Not usable outside of PowerShell
[0.551s] DEBUG:colcon.colcon_core.shell:Skip shell extension 'dsv' for command environment
[0.554s] INFO:colcon.colcon_ros.task.ament_cmake.build:Building ROS package in '/home/cxz/go2_ws/src/unitree-go2-ros2/champ/champ_gazebo' with build type 'ament_cmake'
[0.554s] INFO:colcon.colcon_cmake.task.cmake.build:Building CMake package in '/home/cxz/go2_ws/src/unitree-go2-ros2/champ/champ_gazebo'
[0.554s] INFO:colcon.colcon_core.shell:Skip shell extension 'powershell' for command environment: Not usable outside of PowerShell
[0.554s] DEBUG:colcon.colcon_core.shell:Skip shell extension 'dsv' for command environment
[0.558s] Level 1:colcon.colcon_core.environment:create_environment_scripts_only(teleop_twist_keyboard)
[0.558s] Level 1:colcon.colcon_core.environment:checking '/home/cxz/go2_ws/install/teleop_twist_keyboard' for CMake module files
[0.558s] DEBUG:colcon.colcon_core.event_handler.log_command:Invoked command in '/home/cxz/go2_ws/build/teleop_twist_keyboard' returned '0': CMAKE_PREFIX_PATH=${CMAKE_PREFIX_PATH}:/opt/ros/humble /usr/bin/cmake --install /home/cxz/go2_ws/build/teleop_twist_keyboard
[0.558s] Level 1:colcon.colcon_core.environment:checking '/home/cxz/go2_ws/install/teleop_twist_keyboard' for CMake config files
[0.559s] Level 1:colcon.colcon_core.shell:create_environment_hook('teleop_twist_keyboard', 'cmake_prefix_path')
[0.559s] INFO:colcon.colcon_core.shell:Creating environment hook '/home/cxz/go2_ws/install/teleop_twist_keyboard/share/teleop_twist_keyboard/hook/cmake_prefix_path.ps1'
[0.559s] INFO:colcon.colcon_core.shell:Creating environment descriptor '/home/cxz/go2_ws/install/teleop_twist_keyboard/share/teleop_twist_keyboard/hook/cmake_prefix_path.dsv'
[0.559s] INFO:colcon.colcon_core.shell:Creating environment hook '/home/cxz/go2_ws/install/teleop_twist_keyboard/share/teleop_twist_keyboard/hook/cmake_prefix_path.sh'
[0.559s] Level 1:colcon.colcon_core.environment:checking '/home/cxz/go2_ws/install/teleop_twist_keyboard/lib'
[0.559s] Level 1:colcon.colcon_core.environment:checking '/home/cxz/go2_ws/install/teleop_twist_keyboard/bin'
[0.559s] Level 1:colcon.colcon_core.environment:checking '/home/cxz/go2_ws/install/teleop_twist_keyboard/lib/pkgconfig/teleop_twist_keyboard.pc'
[0.560s] Level 1:colcon.colcon_core.environment:checking '/home/cxz/go2_ws/install/teleop_twist_keyboard/lib/python3.10/site-packages'
[0.560s] Level 1:colcon.colcon_core.environment:checking '/home/cxz/go2_ws/install/teleop_twist_keyboard/bin'
[0.560s] INFO:colcon.colcon_core.shell:Creating package script '/home/cxz/go2_ws/install/teleop_twist_keyboard/share/teleop_twist_keyboard/package.ps1'
[0.560s] INFO:colcon.colcon_core.shell:Creating package descriptor '/home/cxz/go2_ws/install/teleop_twist_keyboard/share/teleop_twist_keyboard/package.dsv'
[0.561s] INFO:colcon.colcon_core.shell:Creating package script '/home/cxz/go2_ws/install/teleop_twist_keyboard/share/teleop_twist_keyboard/package.sh'
[0.561s] INFO:colcon.colcon_core.shell:Creating package script '/home/cxz/go2_ws/install/teleop_twist_keyboard/share/teleop_twist_keyboard/package.bash'
[0.561s] INFO:colcon.colcon_core.shell:Creating package script '/home/cxz/go2_ws/install/teleop_twist_keyboard/share/teleop_twist_keyboard/package.zsh'
[0.561s] Level 1:colcon.colcon_core.environment:create_file_with_runtime_dependencies(/home/cxz/go2_ws/install/teleop_twist_keyboard/share/colcon-core/packages/teleop_twist_keyboard)
[0.561s] Level 1:colcon.colcon_core.environment:create_environment_scripts_only(teleop_twist_keyboard)
[0.561s] Level 1:colcon.colcon_core.environment:checking '/home/cxz/go2_ws/install/teleop_twist_keyboard' for CMake module files
[0.562s] Level 1:colcon.colcon_core.environment:checking '/home/cxz/go2_ws/install/teleop_twist_keyboard' for CMake config files
[0.562s] Level 1:colcon.colcon_core.shell:create_environment_hook('teleop_twist_keyboard', 'cmake_prefix_path')
[0.562s] INFO:colcon.colcon_core.shell:Creating environment hook '/home/cxz/go2_ws/install/teleop_twist_keyboard/share/teleop_twist_keyboard/hook/cmake_prefix_path.ps1'
[0.562s] INFO:colcon.colcon_core.shell:Creating environment descriptor '/home/cxz/go2_ws/install/teleop_twist_keyboard/share/teleop_twist_keyboard/hook/cmake_prefix_path.dsv'
[0.562s] INFO:colcon.colcon_core.shell:Creating environment hook '/home/cxz/go2_ws/install/teleop_twist_keyboard/share/teleop_twist_keyboard/hook/cmake_prefix_path.sh'
[0.563s] Level 1:colcon.colcon_core.environment:checking '/home/cxz/go2_ws/install/teleop_twist_keyboard/lib'
[0.563s] Level 1:colcon.colcon_core.environment:checking '/home/cxz/go2_ws/install/teleop_twist_keyboard/bin'
[0.563s] Level 1:colcon.colcon_core.environment:checking '/home/cxz/go2_ws/install/teleop_twist_keyboard/lib/pkgconfig/teleop_twist_keyboard.pc'
[0.563s] Level 1:colcon.colcon_core.environment:checking '/home/cxz/go2_ws/install/teleop_twist_keyboard/lib/python3.10/site-packages'
[0.563s] Level 1:colcon.colcon_core.environment:checking '/home/cxz/go2_ws/install/teleop_twist_keyboard/bin'
[0.563s] INFO:colcon.colcon_core.shell:Creating package script '/home/cxz/go2_ws/install/teleop_twist_keyboard/share/teleop_twist_keyboard/package.ps1'
[0.563s] INFO:colcon.colcon_core.shell:Creating package descriptor '/home/cxz/go2_ws/install/teleop_twist_keyboard/share/teleop_twist_keyboard/package.dsv'
[0.564s] INFO:colcon.colcon_core.shell:Creating package script '/home/cxz/go2_ws/install/teleop_twist_keyboard/share/teleop_twist_keyboard/package.sh'
[0.564s] INFO:colcon.colcon_core.shell:Creating package script '/home/cxz/go2_ws/install/teleop_twist_keyboard/share/teleop_twist_keyboard/package.bash'
[0.564s] INFO:colcon.colcon_core.shell:Creating package script '/home/cxz/go2_ws/install/teleop_twist_keyboard/share/teleop_twist_keyboard/package.zsh'
[0.564s] Level 1:colcon.colcon_core.environment:create_file_with_runtime_dependencies(/home/cxz/go2_ws/install/teleop_twist_keyboard/share/colcon-core/packages/teleop_twist_keyboard)
[0.566s] DEBUG:colcon.colcon_core.event_handler.log_command:Invoking command in '/home/cxz/go2_ws/build/champ_base': CMAKE_PREFIX_PATH=/home/cxz/go2_ws/install/champ_msgs:/home/cxz/go2_ws/install/champ:/home/cxz/go2_ws/install/teleop_twist_keyboard:/home/cxz/go2_ws/install/go2_description:/home/cxz/go2_ws/install/go2_config:/home/cxz/go2_ws/install/champ_teleop:/home/cxz/go2_ws/install/champ_navigation:/home/cxz/go2_ws/install/champ_bringup:/home/cxz/go2_ws/install/champ_base:/home/cxz/go2_ws/install/champ_description:/home/cxz/go2_ws/install/champ_config:/home/cxz/go2_ws/install/champ_gazebo:/home/cxz/go2_ws/install/m20_description:/home/cxz/go2_ws/install/m20_config:/home/cxz/champ_ws/install/champ_navigation:/home/cxz/champ_ws/install/champ_gazebo:/home/cxz/champ_ws/install/champ_bringup:/home/cxz/champ_ws/install/champ_base:/home/cxz/champ_ws/install/champ_msgs:/home/cxz/champ_ws/install/champ_description:/home/cxz/champ_ws/install/champ_config:/home/cxz/champ_ws/install/champ:/opt/ros/humble LD_LIBRARY_PATH=/home/cxz/go2_ws/install/champ_msgs/lib:/home/cxz/go2_ws/install/champ_base/lib:/home/cxz/champ_ws/install/champ_base/lib:/home/cxz/champ_ws/install/champ_msgs/lib:/usr/lib/x86_64-linux-gnu/gazebo-11/plugins:/opt/ros/humble/opt/rviz_ogre_vendor/lib:/opt/ros/humble/lib/x86_64-linux-gnu:/opt/ros/humble/lib /usr/bin/cmake --build /home/cxz/go2_ws/build/champ_base -- -j32 -l32
[0.568s] DEBUG:colcon.colcon_core.event_handler.log_command:Invoking command in '/home/cxz/go2_ws/build/champ_gazebo': CMAKE_PREFIX_PATH=/home/cxz/go2_ws/install/champ_msgs:/home/cxz/go2_ws/install/champ:/home/cxz/go2_ws/install/teleop_twist_keyboard:/home/cxz/go2_ws/install/go2_description:/home/cxz/go2_ws/install/go2_config:/home/cxz/go2_ws/install/champ_teleop:/home/cxz/go2_ws/install/champ_navigation:/home/cxz/go2_ws/install/champ_bringup:/home/cxz/go2_ws/install/champ_base:/home/cxz/go2_ws/install/champ_description:/home/cxz/go2_ws/install/champ_config:/home/cxz/go2_ws/install/champ_gazebo:/home/cxz/go2_ws/install/m20_description:/home/cxz/go2_ws/install/m20_config:/home/cxz/champ_ws/install/champ_navigation:/home/cxz/champ_ws/install/champ_gazebo:/home/cxz/champ_ws/install/champ_bringup:/home/cxz/champ_ws/install/champ_base:/home/cxz/champ_ws/install/champ_msgs:/home/cxz/champ_ws/install/champ_description:/home/cxz/champ_ws/install/champ_config:/home/cxz/champ_ws/install/champ:/opt/ros/humble LD_LIBRARY_PATH=/home/cxz/go2_ws/install/champ_msgs/lib:/home/cxz/go2_ws/install/champ_base/lib:/home/cxz/champ_ws/install/champ_base/lib:/home/cxz/champ_ws/install/champ_msgs/lib:/usr/lib/x86_64-linux-gnu/gazebo-11/plugins:/opt/ros/humble/opt/rviz_ogre_vendor/lib:/opt/ros/humble/lib/x86_64-linux-gnu:/opt/ros/humble/lib /usr/bin/cmake --build /home/cxz/go2_ws/build/champ_gazebo -- -j32 -l32
[0.636s] DEBUG:colcon.colcon_core.event_handler.log_command:Invoked command in '/home/cxz/go2_ws/build/champ_base' returned '0': CMAKE_PREFIX_PATH=/home/cxz/go2_ws/install/champ_msgs:/home/cxz/go2_ws/install/champ:/home/cxz/go2_ws/install/teleop_twist_keyboard:/home/cxz/go2_ws/install/go2_description:/home/cxz/go2_ws/install/go2_config:/home/cxz/go2_ws/install/champ_teleop:/home/cxz/go2_ws/install/champ_navigation:/home/cxz/go2_ws/install/champ_bringup:/home/cxz/go2_ws/install/champ_base:/home/cxz/go2_ws/install/champ_description:/home/cxz/go2_ws/install/champ_config:/home/cxz/go2_ws/install/champ_gazebo:/home/cxz/go2_ws/install/m20_description:/home/cxz/go2_ws/install/m20_config:/home/cxz/champ_ws/install/champ_navigation:/home/cxz/champ_ws/install/champ_gazebo:/home/cxz/champ_ws/install/champ_bringup:/home/cxz/champ_ws/install/champ_base:/home/cxz/champ_ws/install/champ_msgs:/home/cxz/champ_ws/install/champ_description:/home/cxz/champ_ws/install/champ_config:/home/cxz/champ_ws/install/champ:/opt/ros/humble LD_LIBRARY_PATH=/home/cxz/go2_ws/install/champ_msgs/lib:/home/cxz/go2_ws/install/champ_base/lib:/home/cxz/champ_ws/install/champ_base/lib:/home/cxz/champ_ws/install/champ_msgs/lib:/usr/lib/x86_64-linux-gnu/gazebo-11/plugins:/opt/ros/humble/opt/rviz_ogre_vendor/lib:/opt/ros/humble/lib/x86_64-linux-gnu:/opt/ros/humble/lib /usr/bin/cmake --build /home/cxz/go2_ws/build/champ_base -- -j32 -l32
[0.637s] DEBUG:colcon.colcon_core.event_handler.log_command:Invoking command in '/home/cxz/go2_ws/build/champ_base': CMAKE_PREFIX_PATH=/home/cxz/go2_ws/install/champ_msgs:/home/cxz/go2_ws/install/champ:/home/cxz/go2_ws/install/teleop_twist_keyboard:/home/cxz/go2_ws/install/go2_description:/home/cxz/go2_ws/install/go2_config:/home/cxz/go2_ws/install/champ_teleop:/home/cxz/go2_ws/install/champ_navigation:/home/cxz/go2_ws/install/champ_bringup:/home/cxz/go2_ws/install/champ_base:/home/cxz/go2_ws/install/champ_description:/home/cxz/go2_ws/install/champ_config:/home/cxz/go2_ws/install/champ_gazebo:/home/cxz/go2_ws/install/m20_description:/home/cxz/go2_ws/install/m20_config:/home/cxz/champ_ws/install/champ_navigation:/home/cxz/champ_ws/install/champ_gazebo:/home/cxz/champ_ws/install/champ_bringup:/home/cxz/champ_ws/install/champ_base:/home/cxz/champ_ws/install/champ_msgs:/home/cxz/champ_ws/install/champ_description:/home/cxz/champ_ws/install/champ_config:/home/cxz/champ_ws/install/champ:/opt/ros/humble LD_LIBRARY_PATH=/home/cxz/go2_ws/install/champ_msgs/lib:/home/cxz/go2_ws/install/champ_base/lib:/home/cxz/champ_ws/install/champ_base/lib:/home/cxz/champ_ws/install/champ_msgs/lib:/usr/lib/x86_64-linux-gnu/gazebo-11/plugins:/opt/ros/humble/opt/rviz_ogre_vendor/lib:/opt/ros/humble/lib/x86_64-linux-gnu:/opt/ros/humble/lib /usr/bin/cmake --install /home/cxz/go2_ws/build/champ_base
[0.638s] DEBUG:colcon.colcon_core.event_handler.log_command:Invoked command in '/home/cxz/go2_ws/build/champ_gazebo' returned '0': CMAKE_PREFIX_PATH=/home/cxz/go2_ws/install/champ_msgs:/home/cxz/go2_ws/install/champ:/home/cxz/go2_ws/install/teleop_twist_keyboard:/home/cxz/go2_ws/install/go2_description:/home/cxz/go2_ws/install/go2_config:/home/cxz/go2_ws/install/champ_teleop:/home/cxz/go2_ws/install/champ_navigation:/home/cxz/go2_ws/install/champ_bringup:/home/cxz/go2_ws/install/champ_base:/home/cxz/go2_ws/install/champ_description:/home/cxz/go2_ws/install/champ_config:/home/cxz/go2_ws/install/champ_gazebo:/home/cxz/go2_ws/install/m20_description:/home/cxz/go2_ws/install/m20_config:/home/cxz/champ_ws/install/champ_navigation:/home/cxz/champ_ws/install/champ_gazebo:/home/cxz/champ_ws/install/champ_bringup:/home/cxz/champ_ws/install/champ_base:/home/cxz/champ_ws/install/champ_msgs:/home/cxz/champ_ws/install/champ_description:/home/cxz/champ_ws/install/champ_config:/home/cxz/champ_ws/install/champ:/opt/ros/humble LD_LIBRARY_PATH=/home/cxz/go2_ws/install/champ_msgs/lib:/home/cxz/go2_ws/install/champ_base/lib:/home/cxz/champ_ws/install/champ_base/lib:/home/cxz/champ_ws/install/champ_msgs/lib:/usr/lib/x86_64-linux-gnu/gazebo-11/plugins:/opt/ros/humble/opt/rviz_ogre_vendor/lib:/opt/ros/humble/lib/x86_64-linux-gnu:/opt/ros/humble/lib /usr/bin/cmake --build /home/cxz/go2_ws/build/champ_gazebo -- -j32 -l32
[0.639s] DEBUG:colcon.colcon_core.event_handler.log_command:Invoking command in '/home/cxz/go2_ws/build/champ_gazebo': CMAKE_PREFIX_PATH=/home/cxz/go2_ws/install/champ_msgs:/home/cxz/go2_ws/install/champ:/home/cxz/go2_ws/install/teleop_twist_keyboard:/home/cxz/go2_ws/install/go2_description:/home/cxz/go2_ws/install/go2_config:/home/cxz/go2_ws/install/champ_teleop:/home/cxz/go2_ws/install/champ_navigation:/home/cxz/go2_ws/install/champ_bringup:/home/cxz/go2_ws/install/champ_base:/home/cxz/go2_ws/install/champ_description:/home/cxz/go2_ws/install/champ_config:/home/cxz/go2_ws/install/champ_gazebo:/home/cxz/go2_ws/install/m20_description:/home/cxz/go2_ws/install/m20_config:/home/cxz/champ_ws/install/champ_navigation:/home/cxz/champ_ws/install/champ_gazebo:/home/cxz/champ_ws/install/champ_bringup:/home/cxz/champ_ws/install/champ_base:/home/cxz/champ_ws/install/champ_msgs:/home/cxz/champ_ws/install/champ_description:/home/cxz/champ_ws/install/champ_config:/home/cxz/champ_ws/install/champ:/opt/ros/humble LD_LIBRARY_PATH=/home/cxz/go2_ws/install/champ_msgs/lib:/home/cxz/go2_ws/install/champ_base/lib:/home/cxz/champ_ws/install/champ_base/lib:/home/cxz/champ_ws/install/champ_msgs/lib:/usr/lib/x86_64-linux-gnu/gazebo-11/plugins:/opt/ros/humble/opt/rviz_ogre_vendor/lib:/opt/ros/humble/lib/x86_64-linux-gnu:/opt/ros/humble/lib /usr/bin/cmake --install /home/cxz/go2_ws/build/champ_gazebo
[0.645s] Level 1:colcon.colcon_core.environment:create_environment_scripts_only(champ_base)
[0.646s] Level 1:colcon.colcon_core.environment:checking '/home/cxz/go2_ws/install/champ_base' for CMake module files
[0.646s] DEBUG:colcon.colcon_core.event_handler.log_command:Invoked command in '/home/cxz/go2_ws/build/champ_base' returned '0': CMAKE_PREFIX_PATH=/home/cxz/go2_ws/install/champ_msgs:/home/cxz/go2_ws/install/champ:/home/cxz/go2_ws/install/teleop_twist_keyboard:/home/cxz/go2_ws/install/go2_description:/home/cxz/go2_ws/install/go2_config:/home/cxz/go2_ws/install/champ_teleop:/home/cxz/go2_ws/install/champ_navigation:/home/cxz/go2_ws/install/champ_bringup:/home/cxz/go2_ws/install/champ_base:/home/cxz/go2_ws/install/champ_description:/home/cxz/go2_ws/install/champ_config:/home/cxz/go2_ws/install/champ_gazebo:/home/cxz/go2_ws/install/m20_description:/home/cxz/go2_ws/install/m20_config:/home/cxz/champ_ws/install/champ_navigation:/home/cxz/champ_ws/install/champ_gazebo:/home/cxz/champ_ws/install/champ_bringup:/home/cxz/champ_ws/install/champ_base:/home/cxz/champ_ws/install/champ_msgs:/home/cxz/champ_ws/install/champ_description:/home/cxz/champ_ws/install/champ_config:/home/cxz/champ_ws/install/champ:/opt/ros/humble LD_LIBRARY_PATH=/home/cxz/go2_ws/install/champ_msgs/lib:/home/cxz/go2_ws/install/champ_base/lib:/home/cxz/champ_ws/install/champ_base/lib:/home/cxz/champ_ws/install/champ_msgs/lib:/usr/lib/x86_64-linux-gnu/gazebo-11/plugins:/opt/ros/humble/opt/rviz_ogre_vendor/lib:/opt/ros/humble/lib/x86_64-linux-gnu:/opt/ros/humble/lib /usr/bin/cmake --install /home/cxz/go2_ws/build/champ_base
[0.647s] Level 1:colcon.colcon_core.environment:checking '/home/cxz/go2_ws/install/champ_base' for CMake config files
[0.647s] Level 1:colcon.colcon_core.shell:create_environment_hook('champ_base', 'cmake_prefix_path')
[0.648s] INFO:colcon.colcon_core.shell:Creating environment hook '/home/cxz/go2_ws/install/champ_base/share/champ_base/hook/cmake_prefix_path.ps1'
[0.648s] INFO:colcon.colcon_core.shell:Creating environment descriptor '/home/cxz/go2_ws/install/champ_base/share/champ_base/hook/cmake_prefix_path.dsv'
[0.648s] INFO:colcon.colcon_core.shell:Creating environment hook '/home/cxz/go2_ws/install/champ_base/share/champ_base/hook/cmake_prefix_path.sh'
[0.649s] Level 1:colcon.colcon_core.environment:checking '/home/cxz/go2_ws/install/champ_base/lib'
[0.649s] Level 1:colcon.colcon_core.shell:create_environment_hook('champ_base', 'ld_library_path_lib')
[0.649s] INFO:colcon.colcon_core.shell:Creating environment hook '/home/cxz/go2_ws/install/champ_base/share/champ_base/hook/ld_library_path_lib.ps1'
[0.649s] INFO:colcon.colcon_core.shell:Creating environment descriptor '/home/cxz/go2_ws/install/champ_base/share/champ_base/hook/ld_library_path_lib.dsv'
[0.650s] INFO:colcon.colcon_core.shell:Creating environment hook '/home/cxz/go2_ws/install/champ_base/share/champ_base/hook/ld_library_path_lib.sh'
[0.650s] Level 1:colcon.colcon_core.environment:checking '/home/cxz/go2_ws/install/champ_base/bin'
[0.650s] Level 1:colcon.colcon_core.shell:create_environment_hook('champ_base', 'path')
[0.650s] INFO:colcon.colcon_core.shell:Creating environment hook '/home/cxz/go2_ws/install/champ_base/share/champ_base/hook/path.ps1'
[0.650s] INFO:colcon.colcon_core.shell:Creating environment descriptor '/home/cxz/go2_ws/install/champ_base/share/champ_base/hook/path.dsv'
[0.650s] INFO:colcon.colcon_core.shell:Creating environment hook '/home/cxz/go2_ws/install/champ_base/share/champ_base/hook/path.sh'
[0.650s] Level 1:colcon.colcon_core.environment:checking '/home/cxz/go2_ws/install/champ_base/lib/pkgconfig/champ_base.pc'
[0.651s] Level 1:colcon.colcon_core.environment:checking '/home/cxz/go2_ws/install/champ_base/lib/python3.10/site-packages'
[0.651s] Level 1:colcon.colcon_core.environment:checking '/home/cxz/go2_ws/install/champ_base/bin'
[0.651s] Level 1:colcon.colcon_core.shell:create_environment_hook('champ_base', 'pythonscriptspath')
[0.651s] INFO:colcon.colcon_core.shell:Creating environment hook '/home/cxz/go2_ws/install/champ_base/share/champ_base/hook/pythonscriptspath.ps1'
[0.651s] INFO:colcon.colcon_core.shell:Creating environment descriptor '/home/cxz/go2_ws/install/champ_base/share/champ_base/hook/pythonscriptspath.dsv'
[0.651s] INFO:colcon.colcon_core.shell:Creating environment hook '/home/cxz/go2_ws/install/champ_base/share/champ_base/hook/pythonscriptspath.sh'
[0.652s] INFO:colcon.colcon_core.shell:Creating package script '/home/cxz/go2_ws/install/champ_base/share/champ_base/package.ps1'
[0.652s] INFO:colcon.colcon_core.shell:Creating package descriptor '/home/cxz/go2_ws/install/champ_base/share/champ_base/package.dsv'
[0.652s] INFO:colcon.colcon_core.shell:Creating package script '/home/cxz/go2_ws/install/champ_base/share/champ_base/package.sh'
[0.653s] INFO:colcon.colcon_core.shell:Creating package script '/home/cxz/go2_ws/install/champ_base/share/champ_base/package.bash'
[0.653s] INFO:colcon.colcon_core.shell:Creating package script '/home/cxz/go2_ws/install/champ_base/share/champ_base/package.zsh'
[0.653s] Level 1:colcon.colcon_core.environment:create_file_with_runtime_dependencies(/home/cxz/go2_ws/install/champ_base/share/colcon-core/packages/champ_base)
[0.653s] Level 1:colcon.colcon_core.environment:create_environment_scripts_only(champ_base)
[0.654s] Level 1:colcon.colcon_core.environment:checking '/home/cxz/go2_ws/install/champ_base' for CMake module files
[0.654s] Level 1:colcon.colcon_core.environment:checking '/home/cxz/go2_ws/install/champ_base' for CMake config files
[0.654s] Level 1:colcon.colcon_core.shell:create_environment_hook('champ_base', 'cmake_prefix_path')
[0.654s] INFO:colcon.colcon_core.shell:Creating environment hook '/home/cxz/go2_ws/install/champ_base/share/champ_base/hook/cmake_prefix_path.ps1'
[0.654s] INFO:colcon.colcon_core.shell:Creating environment descriptor '/home/cxz/go2_ws/install/champ_base/share/champ_base/hook/cmake_prefix_path.dsv'
[0.654s] INFO:colcon.colcon_core.shell:Creating environment hook '/home/cxz/go2_ws/install/champ_base/share/champ_base/hook/cmake_prefix_path.sh'
[0.655s] Level 1:colcon.colcon_core.environment:checking '/home/cxz/go2_ws/install/champ_base/lib'
[0.655s] Level 1:colcon.colcon_core.shell:create_environment_hook('champ_base', 'ld_library_path_lib')
[0.655s] INFO:colcon.colcon_core.shell:Creating environment hook '/home/cxz/go2_ws/install/champ_base/share/champ_base/hook/ld_library_path_lib.ps1'
[0.655s] INFO:colcon.colcon_core.shell:Creating environment descriptor '/home/cxz/go2_ws/install/champ_base/share/champ_base/hook/ld_library_path_lib.dsv'
[0.655s] INFO:colcon.colcon_core.shell:Creating environment hook '/home/cxz/go2_ws/install/champ_base/share/champ_base/hook/ld_library_path_lib.sh'
[0.655s] Level 1:colcon.colcon_core.environment:checking '/home/cxz/go2_ws/install/champ_base/bin'
[0.655s] Level 1:colcon.colcon_core.shell:create_environment_hook('champ_base', 'path')
[0.656s] INFO:colcon.colcon_core.shell:Creating environment hook '/home/cxz/go2_ws/install/champ_base/share/champ_base/hook/path.ps1'
[0.656s] INFO:colcon.colcon_core.shell:Creating environment descriptor '/home/cxz/go2_ws/install/champ_base/share/champ_base/hook/path.dsv'
[0.656s] INFO:colcon.colcon_core.shell:Creating environment hook '/home/cxz/go2_ws/install/champ_base/share/champ_base/hook/path.sh'
[0.656s] Level 1:colcon.colcon_core.environment:checking '/home/cxz/go2_ws/install/champ_base/lib/pkgconfig/champ_base.pc'
[0.656s] Level 1:colcon.colcon_core.environment:checking '/home/cxz/go2_ws/install/champ_base/lib/python3.10/site-packages'
[0.657s] Level 1:colcon.colcon_core.environment:checking '/home/cxz/go2_ws/install/champ_base/bin'
[0.657s] Level 1:colcon.colcon_core.shell:create_environment_hook('champ_base', 'pythonscriptspath')
[0.657s] INFO:colcon.colcon_core.shell:Creating environment hook '/home/cxz/go2_ws/install/champ_base/share/champ_base/hook/pythonscriptspath.ps1'
[0.657s] INFO:colcon.colcon_core.shell:Creating environment descriptor '/home/cxz/go2_ws/install/champ_base/share/champ_base/hook/pythonscriptspath.dsv'
[0.657s] INFO:colcon.colcon_core.shell:Creating environment hook '/home/cxz/go2_ws/install/champ_base/share/champ_base/hook/pythonscriptspath.sh'
[0.657s] INFO:colcon.colcon_core.shell:Creating package script '/home/cxz/go2_ws/install/champ_base/share/champ_base/package.ps1'
[0.658s] INFO:colcon.colcon_core.shell:Creating package descriptor '/home/cxz/go2_ws/install/champ_base/share/champ_base/package.dsv'
[0.658s] INFO:colcon.colcon_core.shell:Creating package script '/home/cxz/go2_ws/install/champ_base/share/champ_base/package.sh'
[0.659s] INFO:colcon.colcon_core.shell:Creating package script '/home/cxz/go2_ws/install/champ_base/share/champ_base/package.bash'
[0.659s] INFO:colcon.colcon_core.shell:Creating package script '/home/cxz/go2_ws/install/champ_base/share/champ_base/package.zsh'
[0.659s] Level 1:colcon.colcon_core.environment:create_file_with_runtime_dependencies(/home/cxz/go2_ws/install/champ_base/share/colcon-core/packages/champ_base)
[0.659s] INFO:colcon.colcon_ros.task.ament_cmake.build:Building ROS package in '/home/cxz/go2_ws/src/unitree-go2-ros2/champ/champ_bringup' with build type 'ament_cmake'
[0.659s] INFO:colcon.colcon_cmake.task.cmake.build:Building CMake package in '/home/cxz/go2_ws/src/unitree-go2-ros2/champ/champ_bringup'
[0.660s] INFO:colcon.colcon_core.shell:Skip shell extension 'powershell' for command environment: Not usable outside of PowerShell
[0.660s] DEBUG:colcon.colcon_core.shell:Skip shell extension 'dsv' for command environment
[0.663s] Level 1:colcon.colcon_core.environment:create_environment_scripts_only(champ_gazebo)
[0.663s] Level 1:colcon.colcon_core.environment:checking '/home/cxz/go2_ws/install/champ_gazebo' for CMake module files
[0.663s] DEBUG:colcon.colcon_core.event_handler.log_command:Invoked command in '/home/cxz/go2_ws/build/champ_gazebo' returned '0': CMAKE_PREFIX_PATH=/home/cxz/go2_ws/install/champ_msgs:/home/cxz/go2_ws/install/champ:/home/cxz/go2_ws/install/teleop_twist_keyboard:/home/cxz/go2_ws/install/go2_description:/home/cxz/go2_ws/install/go2_config:/home/cxz/go2_ws/install/champ_teleop:/home/cxz/go2_ws/install/champ_navigation:/home/cxz/go2_ws/install/champ_bringup:/home/cxz/go2_ws/install/champ_base:/home/cxz/go2_ws/install/champ_description:/home/cxz/go2_ws/install/champ_config:/home/cxz/go2_ws/install/champ_gazebo:/home/cxz/go2_ws/install/m20_description:/home/cxz/go2_ws/install/m20_config:/home/cxz/champ_ws/install/champ_navigation:/home/cxz/champ_ws/install/champ_gazebo:/home/cxz/champ_ws/install/champ_bringup:/home/cxz/champ_ws/install/champ_base:/home/cxz/champ_ws/install/champ_msgs:/home/cxz/champ_ws/install/champ_description:/home/cxz/champ_ws/install/champ_config:/home/cxz/champ_ws/install/champ:/opt/ros/humble LD_LIBRARY_PATH=/home/cxz/go2_ws/install/champ_msgs/lib:/home/cxz/go2_ws/install/champ_base/lib:/home/cxz/champ_ws/install/champ_base/lib:/home/cxz/champ_ws/install/champ_msgs/lib:/usr/lib/x86_64-linux-gnu/gazebo-11/plugins:/opt/ros/humble/opt/rviz_ogre_vendor/lib:/opt/ros/humble/lib/x86_64-linux-gnu:/opt/ros/humble/lib /usr/bin/cmake --install /home/cxz/go2_ws/build/champ_gazebo
[0.663s] Level 1:colcon.colcon_core.environment:checking '/home/cxz/go2_ws/install/champ_gazebo' for CMake config files
[0.664s] Level 1:colcon.colcon_core.shell:create_environment_hook('champ_gazebo', 'cmake_prefix_path')
[0.664s] INFO:colcon.colcon_core.shell:Creating environment hook '/home/cxz/go2_ws/install/champ_gazebo/share/champ_gazebo/hook/cmake_prefix_path.ps1'
[0.664s] INFO:colcon.colcon_core.shell:Creating environment descriptor '/home/cxz/go2_ws/install/champ_gazebo/share/champ_gazebo/hook/cmake_prefix_path.dsv'
[0.664s] INFO:colcon.colcon_core.shell:Creating environment hook '/home/cxz/go2_ws/install/champ_gazebo/share/champ_gazebo/hook/cmake_prefix_path.sh'
[0.664s] Level 1:colcon.colcon_core.environment:checking '/home/cxz/go2_ws/install/champ_gazebo/lib'
[0.664s] Level 1:colcon.colcon_core.environment:checking '/home/cxz/go2_ws/install/champ_gazebo/bin'
[0.665s] Level 1:colcon.colcon_core.shell:create_environment_hook('champ_gazebo', 'path')
[0.665s] INFO:colcon.colcon_core.shell:Creating environment hook '/home/cxz/go2_ws/install/champ_gazebo/share/champ_gazebo/hook/path.ps1'
[0.665s] INFO:colcon.colcon_core.shell:Creating environment descriptor '/home/cxz/go2_ws/install/champ_gazebo/share/champ_gazebo/hook/path.dsv'
[0.665s] INFO:colcon.colcon_core.shell:Creating environment hook '/home/cxz/go2_ws/install/champ_gazebo/share/champ_gazebo/hook/path.sh'
[0.665s] Level 1:colcon.colcon_core.environment:checking '/home/cxz/go2_ws/install/champ_gazebo/lib/pkgconfig/champ_gazebo.pc'
[0.665s] Level 1:colcon.colcon_core.environment:checking '/home/cxz/go2_ws/install/champ_gazebo/lib/python3.10/site-packages'
[0.666s] Level 1:colcon.colcon_core.environment:checking '/home/cxz/go2_ws/install/champ_gazebo/bin'
[0.666s] Level 1:colcon.colcon_core.shell:create_environment_hook('champ_gazebo', 'pythonscriptspath')
[0.666s] INFO:colcon.colcon_core.shell:Creating environment hook '/home/cxz/go2_ws/install/champ_gazebo/share/champ_gazebo/hook/pythonscriptspath.ps1'
[0.666s] INFO:colcon.colcon_core.shell:Creating environment descriptor '/home/cxz/go2_ws/install/champ_gazebo/share/champ_gazebo/hook/pythonscriptspath.dsv'
[0.666s] INFO:colcon.colcon_core.shell:Creating environment hook '/home/cxz/go2_ws/install/champ_gazebo/share/champ_gazebo/hook/pythonscriptspath.sh'
[0.666s] INFO:colcon.colcon_core.shell:Creating package script '/home/cxz/go2_ws/install/champ_gazebo/share/champ_gazebo/package.ps1'
[0.667s] INFO:colcon.colcon_core.shell:Creating package descriptor '/home/cxz/go2_ws/install/champ_gazebo/share/champ_gazebo/package.dsv'
[0.667s] INFO:colcon.colcon_core.shell:Creating package script '/home/cxz/go2_ws/install/champ_gazebo/share/champ_gazebo/package.sh'
[0.667s] INFO:colcon.colcon_core.shell:Creating package script '/home/cxz/go2_ws/install/champ_gazebo/share/champ_gazebo/package.bash'
[0.667s] INFO:colcon.colcon_core.shell:Creating package script '/home/cxz/go2_ws/install/champ_gazebo/share/champ_gazebo/package.zsh'
[0.668s] Level 1:colcon.colcon_core.environment:create_file_with_runtime_dependencies(/home/cxz/go2_ws/install/champ_gazebo/share/colcon-core/packages/champ_gazebo)
[0.668s] Level 1:colcon.colcon_core.environment:create_environment_scripts_only(champ_gazebo)
[0.668s] Level 1:colcon.colcon_core.environment:checking '/home/cxz/go2_ws/install/champ_gazebo' for CMake module files
[0.668s] Level 1:colcon.colcon_core.environment:checking '/home/cxz/go2_ws/install/champ_gazebo' for CMake config files
[0.668s] Level 1:colcon.colcon_core.shell:create_environment_hook('champ_gazebo', 'cmake_prefix_path')
[0.668s] INFO:colcon.colcon_core.shell:Creating environment hook '/home/cxz/go2_ws/install/champ_gazebo/share/champ_gazebo/hook/cmake_prefix_path.ps1'
[0.669s] INFO:colcon.colcon_core.shell:Creating environment descriptor '/home/cxz/go2_ws/install/champ_gazebo/share/champ_gazebo/hook/cmake_prefix_path.dsv'
[0.669s] INFO:colcon.colcon_core.shell:Creating environment hook '/home/cxz/go2_ws/install/champ_gazebo/share/champ_gazebo/hook/cmake_prefix_path.sh'
[0.669s] Level 1:colcon.colcon_core.environment:checking '/home/cxz/go2_ws/install/champ_gazebo/lib'
[0.669s] Level 1:colcon.colcon_core.environment:checking '/home/cxz/go2_ws/install/champ_gazebo/bin'
[0.669s] Level 1:colcon.colcon_core.shell:create_environment_hook('champ_gazebo', 'path')
[0.669s] INFO:colcon.colcon_core.shell:Creating environment hook '/home/cxz/go2_ws/install/champ_gazebo/share/champ_gazebo/hook/path.ps1'
[0.670s] INFO:colcon.colcon_core.shell:Creating environment descriptor '/home/cxz/go2_ws/install/champ_gazebo/share/champ_gazebo/hook/path.dsv'
[0.670s] INFO:colcon.colcon_core.shell:Creating environment hook '/home/cxz/go2_ws/install/champ_gazebo/share/champ_gazebo/hook/path.sh'
[0.670s] Level 1:colcon.colcon_core.environment:checking '/home/cxz/go2_ws/install/champ_gazebo/lib/pkgconfig/champ_gazebo.pc'
[0.670s] Level 1:colcon.colcon_core.environment:checking '/home/cxz/go2_ws/install/champ_gazebo/lib/python3.10/site-packages'
[0.670s] Level 1:colcon.colcon_core.environment:checking '/home/cxz/go2_ws/install/champ_gazebo/bin'
[0.670s] Level 1:colcon.colcon_core.shell:create_environment_hook('champ_gazebo', 'pythonscriptspath')
[0.670s] INFO:colcon.colcon_core.shell:Creating environment hook '/home/cxz/go2_ws/install/champ_gazebo/share/champ_gazebo/hook/pythonscriptspath.ps1'
[0.671s] INFO:colcon.colcon_core.shell:Creating environment descriptor '/home/cxz/go2_ws/install/champ_gazebo/share/champ_gazebo/hook/pythonscriptspath.dsv'
[0.671s] INFO:colcon.colcon_core.shell:Creating environment hook '/home/cxz/go2_ws/install/champ_gazebo/share/champ_gazebo/hook/pythonscriptspath.sh'
[0.671s] INFO:colcon.colcon_core.shell:Creating package script '/home/cxz/go2_ws/install/champ_gazebo/share/champ_gazebo/package.ps1'
[0.672s] INFO:colcon.colcon_core.shell:Creating package descriptor '/home/cxz/go2_ws/install/champ_gazebo/share/champ_gazebo/package.dsv'
[0.672s] INFO:colcon.colcon_core.shell:Creating package script '/home/cxz/go2_ws/install/champ_gazebo/share/champ_gazebo/package.sh'
[0.672s] INFO:colcon.colcon_core.shell:Creating package script '/home/cxz/go2_ws/install/champ_gazebo/share/champ_gazebo/package.bash'
[0.672s] INFO:colcon.colcon_core.shell:Creating package script '/home/cxz/go2_ws/install/champ_gazebo/share/champ_gazebo/package.zsh'
[0.672s] Level 1:colcon.colcon_core.environment:create_file_with_runtime_dependencies(/home/cxz/go2_ws/install/champ_gazebo/share/colcon-core/packages/champ_gazebo)
[0.674s] DEBUG:colcon.colcon_core.event_handler.log_command:Invoking command in '/home/cxz/go2_ws/build/champ_bringup': CMAKE_PREFIX_PATH=/home/cxz/go2_ws/install/champ_base:/home/cxz/go2_ws/install/champ_msgs:/home/cxz/go2_ws/install/champ_description:/home/cxz/go2_ws/install/champ:/home/cxz/go2_ws/install/teleop_twist_keyboard:/home/cxz/go2_ws/install/go2_description:/home/cxz/go2_ws/install/go2_config:/home/cxz/go2_ws/install/champ_teleop:/home/cxz/go2_ws/install/champ_navigation:/home/cxz/go2_ws/install/champ_bringup:/home/cxz/go2_ws/install/champ_config:/home/cxz/go2_ws/install/champ_gazebo:/home/cxz/go2_ws/install/m20_description:/home/cxz/go2_ws/install/m20_config:/home/cxz/champ_ws/install/champ_navigation:/home/cxz/champ_ws/install/champ_gazebo:/home/cxz/champ_ws/install/champ_bringup:/home/cxz/champ_ws/install/champ_base:/home/cxz/champ_ws/install/champ_msgs:/home/cxz/champ_ws/install/champ_description:/home/cxz/champ_ws/install/champ_config:/home/cxz/champ_ws/install/champ:/opt/ros/humble PATH=/home/cxz/go2_ws/install/champ_base/bin:/home/cxz/go2_ws/install/champ_gazebo/bin:/home/cxz/.nvm/versions/node/v20.20.2/bin:/home/cxz/champ_ws/install/champ_gazebo/bin:/home/cxz/champ_ws/install/champ_base/bin:/opt/ros/humble/bin:/home/cxz/miniconda3/condabin:/usr/local/sbin:/usr/local/bin:/usr/sbin:/usr/bin:/sbin:/bin:/usr/games:/usr/local/games:/snap/bin:/snap/bin /usr/bin/cmake --build /home/cxz/go2_ws/build/champ_bringup -- -j32 -l32
[0.874s] DEBUG:colcon.colcon_core.event_handler.log_command:Invoked command in '/home/cxz/go2_ws/build/champ_bringup' returned '0': CMAKE_PREFIX_PATH=/home/cxz/go2_ws/install/champ_base:/home/cxz/go2_ws/install/champ_msgs:/home/cxz/go2_ws/install/champ_description:/home/cxz/go2_ws/install/champ:/home/cxz/go2_ws/install/teleop_twist_keyboard:/home/cxz/go2_ws/install/go2_description:/home/cxz/go2_ws/install/go2_config:/home/cxz/go2_ws/install/champ_teleop:/home/cxz/go2_ws/install/champ_navigation:/home/cxz/go2_ws/install/champ_bringup:/home/cxz/go2_ws/install/champ_config:/home/cxz/go2_ws/install/champ_gazebo:/home/cxz/go2_ws/install/m20_description:/home/cxz/go2_ws/install/m20_config:/home/cxz/champ_ws/install/champ_navigation:/home/cxz/champ_ws/install/champ_gazebo:/home/cxz/champ_ws/install/champ_bringup:/home/cxz/champ_ws/install/champ_base:/home/cxz/champ_ws/install/champ_msgs:/home/cxz/champ_ws/install/champ_description:/home/cxz/champ_ws/install/champ_config:/home/cxz/champ_ws/install/champ:/opt/ros/humble PATH=/home/cxz/go2_ws/install/champ_base/bin:/home/cxz/go2_ws/install/champ_gazebo/bin:/home/cxz/.nvm/versions/node/v20.20.2/bin:/home/cxz/champ_ws/install/champ_gazebo/bin:/home/cxz/champ_ws/install/champ_base/bin:/opt/ros/humble/bin:/home/cxz/miniconda3/condabin:/usr/local/sbin:/usr/local/bin:/usr/sbin:/usr/bin:/sbin:/bin:/usr/games:/usr/local/games:/snap/bin:/snap/bin /usr/bin/cmake --build /home/cxz/go2_ws/build/champ_bringup -- -j32 -l32
[0.875s] DEBUG:colcon.colcon_core.event_handler.log_command:Invoking command in '/home/cxz/go2_ws/build/champ_bringup': CMAKE_PREFIX_PATH=/home/cxz/go2_ws/install/champ_base:/home/cxz/go2_ws/install/champ_msgs:/home/cxz/go2_ws/install/champ_description:/home/cxz/go2_ws/install/champ:/home/cxz/go2_ws/install/teleop_twist_keyboard:/home/cxz/go2_ws/install/go2_description:/home/cxz/go2_ws/install/go2_config:/home/cxz/go2_ws/install/champ_teleop:/home/cxz/go2_ws/install/champ_navigation:/home/cxz/go2_ws/install/champ_bringup:/home/cxz/go2_ws/install/champ_config:/home/cxz/go2_ws/install/champ_gazebo:/home/cxz/go2_ws/install/m20_description:/home/cxz/go2_ws/install/m20_config:/home/cxz/champ_ws/install/champ_navigation:/home/cxz/champ_ws/install/champ_gazebo:/home/cxz/champ_ws/install/champ_bringup:/home/cxz/champ_ws/install/champ_base:/home/cxz/champ_ws/install/champ_msgs:/home/cxz/champ_ws/install/champ_description:/home/cxz/champ_ws/install/champ_config:/home/cxz/champ_ws/install/champ:/opt/ros/humble PATH=/home/cxz/go2_ws/install/champ_base/bin:/home/cxz/go2_ws/install/champ_gazebo/bin:/home/cxz/.nvm/versions/node/v20.20.2/bin:/home/cxz/champ_ws/install/champ_gazebo/bin:/home/cxz/champ_ws/install/champ_base/bin:/opt/ros/humble/bin:/home/cxz/miniconda3/condabin:/usr/local/sbin:/usr/local/bin:/usr/sbin:/usr/bin:/sbin:/bin:/usr/games:/usr/local/games:/snap/bin:/snap/bin /usr/bin/cmake --install /home/cxz/go2_ws/build/champ_bringup
[0.909s] Level 1:colcon.colcon_core.environment:create_environment_scripts_only(champ_bringup)
[0.909s] Level 1:colcon.colcon_core.environment:checking '/home/cxz/go2_ws/install/champ_bringup' for CMake module files
[0.909s] DEBUG:colcon.colcon_core.event_handler.log_command:Invoked command in '/home/cxz/go2_ws/build/champ_bringup' returned '0': CMAKE_PREFIX_PATH=/home/cxz/go2_ws/install/champ_base:/home/cxz/go2_ws/install/champ_msgs:/home/cxz/go2_ws/install/champ_description:/home/cxz/go2_ws/install/champ:/home/cxz/go2_ws/install/teleop_twist_keyboard:/home/cxz/go2_ws/install/go2_description:/home/cxz/go2_ws/install/go2_config:/home/cxz/go2_ws/install/champ_teleop:/home/cxz/go2_ws/install/champ_navigation:/home/cxz/go2_ws/install/champ_bringup:/home/cxz/go2_ws/install/champ_config:/home/cxz/go2_ws/install/champ_gazebo:/home/cxz/go2_ws/install/m20_description:/home/cxz/go2_ws/install/m20_config:/home/cxz/champ_ws/install/champ_navigation:/home/cxz/champ_ws/install/champ_gazebo:/home/cxz/champ_ws/install/champ_bringup:/home/cxz/champ_ws/install/champ_base:/home/cxz/champ_ws/install/champ_msgs:/home/cxz/champ_ws/install/champ_description:/home/cxz/champ_ws/install/champ_config:/home/cxz/champ_ws/install/champ:/opt/ros/humble PATH=/home/cxz/go2_ws/install/champ_base/bin:/home/cxz/go2_ws/install/champ_gazebo/bin:/home/cxz/.nvm/versions/node/v20.20.2/bin:/home/cxz/champ_ws/install/champ_gazebo/bin:/home/cxz/champ_ws/install/champ_base/bin:/opt/ros/humble/bin:/home/cxz/miniconda3/condabin:/usr/local/sbin:/usr/local/bin:/usr/sbin:/usr/bin:/sbin:/bin:/usr/games:/usr/local/games:/snap/bin:/snap/bin /usr/bin/cmake --install /home/cxz/go2_ws/build/champ_bringup
[0.909s] Level 1:colcon.colcon_core.environment:checking '/home/cxz/go2_ws/install/champ_bringup' for CMake config files
[0.909s] Level 1:colcon.colcon_core.shell:create_environment_hook('champ_bringup', 'cmake_prefix_path')
[0.910s] INFO:colcon.colcon_core.shell:Creating environment hook '/home/cxz/go2_ws/install/champ_bringup/share/champ_bringup/hook/cmake_prefix_path.ps1'
[0.910s] INFO:colcon.colcon_core.shell:Creating environment descriptor '/home/cxz/go2_ws/install/champ_bringup/share/champ_bringup/hook/cmake_prefix_path.dsv'
[0.910s] INFO:colcon.colcon_core.shell:Creating environment hook '/home/cxz/go2_ws/install/champ_bringup/share/champ_bringup/hook/cmake_prefix_path.sh'
[0.910s] Level 1:colcon.colcon_core.environment:checking '/home/cxz/go2_ws/install/champ_bringup/lib'
[0.910s] Level 1:colcon.colcon_core.environment:checking '/home/cxz/go2_ws/install/champ_bringup/bin'
[0.910s] Level 1:colcon.colcon_core.environment:checking '/home/cxz/go2_ws/install/champ_bringup/lib/pkgconfig/champ_bringup.pc'
[0.911s] Level 1:colcon.colcon_core.environment:checking '/home/cxz/go2_ws/install/champ_bringup/lib/python3.10/site-packages'
[0.911s] Level 1:colcon.colcon_core.environment:checking '/home/cxz/go2_ws/install/champ_bringup/bin'
[0.911s] INFO:colcon.colcon_core.shell:Creating package script '/home/cxz/go2_ws/install/champ_bringup/share/champ_bringup/package.ps1'
[0.911s] INFO:colcon.colcon_core.shell:Creating package descriptor '/home/cxz/go2_ws/install/champ_bringup/share/champ_bringup/package.dsv'
[0.911s] INFO:colcon.colcon_core.shell:Creating package script '/home/cxz/go2_ws/install/champ_bringup/share/champ_bringup/package.sh'
[0.912s] INFO:colcon.colcon_core.shell:Creating package script '/home/cxz/go2_ws/install/champ_bringup/share/champ_bringup/package.bash'
[0.912s] INFO:colcon.colcon_core.shell:Creating package script '/home/cxz/go2_ws/install/champ_bringup/share/champ_bringup/package.zsh'
[0.912s] Level 1:colcon.colcon_core.environment:create_file_with_runtime_dependencies(/home/cxz/go2_ws/install/champ_bringup/share/colcon-core/packages/champ_bringup)
[0.912s] Level 1:colcon.colcon_core.environment:create_environment_scripts_only(champ_bringup)
[0.912s] Level 1:colcon.colcon_core.environment:checking '/home/cxz/go2_ws/install/champ_bringup' for CMake module files
[0.913s] Level 1:colcon.colcon_core.environment:checking '/home/cxz/go2_ws/install/champ_bringup' for CMake config files
[0.913s] Level 1:colcon.colcon_core.shell:create_environment_hook('champ_bringup', 'cmake_prefix_path')
[0.913s] INFO:colcon.colcon_core.shell:Creating environment hook '/home/cxz/go2_ws/install/champ_bringup/share/champ_bringup/hook/cmake_prefix_path.ps1'
[0.913s] INFO:colcon.colcon_core.shell:Creating environment descriptor '/home/cxz/go2_ws/install/champ_bringup/share/champ_bringup/hook/cmake_prefix_path.dsv'
[0.913s] INFO:colcon.colcon_core.shell:Creating environment hook '/home/cxz/go2_ws/install/champ_bringup/share/champ_bringup/hook/cmake_prefix_path.sh'
[0.914s] Level 1:colcon.colcon_core.environment:checking '/home/cxz/go2_ws/install/champ_bringup/lib'
[0.914s] Level 1:colcon.colcon_core.environment:checking '/home/cxz/go2_ws/install/champ_bringup/bin'
[0.914s] Level 1:colcon.colcon_core.environment:checking '/home/cxz/go2_ws/install/champ_bringup/lib/pkgconfig/champ_bringup.pc'
[0.914s] Level 1:colcon.colcon_core.environment:checking '/home/cxz/go2_ws/install/champ_bringup/lib/python3.10/site-packages'
[0.914s] Level 1:colcon.colcon_core.environment:checking '/home/cxz/go2_ws/install/champ_bringup/bin'
[0.914s] INFO:colcon.colcon_core.shell:Creating package script '/home/cxz/go2_ws/install/champ_bringup/share/champ_bringup/package.ps1'
[0.915s] INFO:colcon.colcon_core.shell:Creating package descriptor '/home/cxz/go2_ws/install/champ_bringup/share/champ_bringup/package.dsv'
[0.915s] INFO:colcon.colcon_core.shell:Creating package script '/home/cxz/go2_ws/install/champ_bringup/share/champ_bringup/package.sh'
[0.915s] INFO:colcon.colcon_core.shell:Creating package script '/home/cxz/go2_ws/install/champ_bringup/share/champ_bringup/package.bash'
[0.915s] INFO:colcon.colcon_core.shell:Creating package script '/home/cxz/go2_ws/install/champ_bringup/share/champ_bringup/package.zsh'
[0.915s] Level 1:colcon.colcon_core.environment:create_file_with_runtime_dependencies(/home/cxz/go2_ws/install/champ_bringup/share/colcon-core/packages/champ_bringup)
[0.915s] DEBUG:colcon.colcon_parallel_executor.executor.parallel:closing loop
[0.916s] DEBUG:colcon.colcon_parallel_executor.executor.parallel:loop closed
[0.916s] DEBUG:colcon.colcon_parallel_executor.executor.parallel:run_until_complete finished with '0'
[0.916s] DEBUG:colcon.colcon_core.event_reactor:joining thread
[0.919s] INFO:colcon.colcon_core.plugin_system:Skipping extension 'colcon_notification.desktop_notification.terminal_notifier': Not used on non-Darwin systems
[0.919s] INFO:colcon.colcon_core.plugin_system:Skipping extension 'colcon_notification.desktop_notification.win32': Not used on non-Windows systems
[0.919s] INFO:colcon.colcon_notification.desktop_notification:Sending desktop notification using 'notify2'
[0.926s] DEBUG:colcon.colcon_core.event_reactor:joined thread
[0.926s] INFO:colcon.colcon_core.shell:Creating prefix script '/home/cxz/go2_ws/install/local_setup.ps1'
[0.927s] INFO:colcon.colcon_core.shell:Creating prefix util module '/home/cxz/go2_ws/install/_local_setup_util_ps1.py'
[0.928s] INFO:colcon.colcon_core.shell:Creating prefix chain script '/home/cxz/go2_ws/install/setup.ps1'
[0.929s] INFO:colcon.colcon_core.shell:Creating prefix script '/home/cxz/go2_ws/install/local_setup.sh'
[0.929s] INFO:colcon.colcon_core.shell:Creating prefix util module '/home/cxz/go2_ws/install/_local_setup_util_sh.py'
[0.929s] INFO:colcon.colcon_core.shell:Creating prefix chain script '/home/cxz/go2_ws/install/setup.sh'
[0.930s] INFO:colcon.colcon_core.shell:Creating prefix script '/home/cxz/go2_ws/install/local_setup.bash'
[0.930s] INFO:colcon.colcon_core.shell:Creating prefix chain script '/home/cxz/go2_ws/install/setup.bash'
[0.931s] INFO:colcon.colcon_core.shell:Creating prefix script '/home/cxz/go2_ws/install/local_setup.zsh'
[0.931s] INFO:colcon.colcon_core.shell:Creating prefix chain script '/home/cxz/go2_ws/install/setup.zsh'
